"Date Time,""p (mbar)"",""T (degC)"",""Tpot (K)"",""Tdew (degC)"",""rh (%)"",""VPmax (mbar)"",""VPact (mbar)"",""VPdef (mbar)"",""sh (g/kg)"",""H2OC (mmol/mol)"",""rho (g/m**3)"",""wv (m/s)"",""max. wv (m/s)"",""wd (deg)"""
01.01.2009 00:10:00,996.52,-8.02,265.40,-8.90,93.30,3.33,3.11,0.22,1.94,3.12,1307.75,1.03,1.75,152.30
01.01.2009 00:20:00,996.57,-8.41,265.01,-9.28,93.40,3.23,3.02,0.21,1.89,3.03,1309.80,0.72,1.50,136.10
01.01.2009 00:30:00,996.53,-8.51,264.91,-9.31,93.90,3.21,3.01,0.20,1.88,3.02,1310.24,0.19,0.63,171.60
01.01.2009 00:40:00,996.51,-8.31,265.12,-9.07,94.20,3.26,3.07,0.19,1.92,3.08,1309.19,0.34,0.50,198.00
01.01.2009 00:50:00,996.51,-8.27,265.15,-9.04,94.10,3.27,3.08,0.19,1.92,3.09,1309.00,0.32,0.63,214.30
01.01.2009 01:00:00,996.50,-8.05,265.38,-8.78,94.40,3.33,3.14,0.19,1.96,3.15,1307.86,0.21,0.63,192.70
01.01.2009 01:10:00,996.50,-7.62,265.81,-8.30,94.80,3.44,3.26,0.18,2.04,3.27,1305.68,0.18,0.63,166.50
01.01.2009 01:20:00,996.50,-7.62,265.81,-8.36,94.40,3.44,3.25,0.19,2.03,3.26,1305.69,0.19,0.50,118.60
01.01.2009 01:30:00,996.50,-7.91,265.52,-8.73,93.80,3.36,3.15,0.21,1.97,3.16,1307.17,0.28,0.75,188.50
01.01.2009 01:40:00,996.53,-8.43,264.99,-9.34,93.10,3.23,3.00,0.22,1.88,3.02,1309.85,0.59,0.88,185.00
01.01.2009 01:50:00,996.62,-8.76,264.66,-9.66,93.10,3.14,2.93,0.22,1.83,2.94,1311.64,0.45,0.88,183.20
01.01.2009 02:00:00,996.62,-8.88,264.54,-9.77,93.20,3.12,2.90,0.21,1.81,2.91,1312.25,0.25,0.63,190.30
01.01.2009 02:10:00,996.63,-8.85,264.57,-9.70,93.50,3.12,2.92,0.20,1.82,2.93,1312.11,0.16,0.50,158.30
01.01.2009 02:20:00,996.74,-8.83,264.58,-9.68,93.50,3.13,2.92,0.20,1.83,2.93,1312.15,0.36,0.63,184.80
01.01.2009 02:30:00,996.81,-8.66,264.74,-9.46,93.90,3.17,2.98,0.19,1.86,2.99,1311.37,0.33,0.75,155.90
01.01.2009 02:40:00,996.81,-8.66,264.74,-9.50,93.60,3.17,2.97,0.20,1.85,2.98,1311.38,0.07,0.50,272.40
01.01.2009 02:50:00,996.86,-8.70,264.70,-9.55,93.50,3.16,2.95,0.21,1.85,2.96,1311.64,0.32,0.63,219.20
01.01.2009 03:00:00,996.84,-8.81,264.59,-9.66,93.50,3.13,2.93,0.20,1.83,2.94,1312.18,0.18,0.63,167.20
01.01.2009 03:10:00,996.87,-8.84,264.56,-9.69,93.50,3.13,2.92,0.20,1.83,2.93,1312.37,0.07,0.25,129.30
01.01.2009 03:20:00,996.97,-8.94,264.45,-9.82,93.30,3.10,2.89,0.21,1.81,2.90,1313.01,0.10,0.63,115.30
01.01.2009 03:30:00,997.08,-8.94,264.44,-9.80,93.40,3.10,2.90,0.20,1.81,2.90,1313.15,0.30,0.75,149.30
01.01.2009 03:40:00,997.10,-8.86,264.52,-9.76,93.10,3.12,2.90,0.22,1.81,2.91,1312.78,0.29,0.75,149.70
01.01.2009 03:50:00,997.06,-8.99,264.39,-9.99,92.40,3.09,2.85,0.23,1.78,2.86,1313.39,0.12,0.63,231.70
01.01.2009 04:00:00,996.99,-9.05,264.34,-10.02,92.60,3.07,2.85,0.23,1.78,2.85,1313.61,0.10,0.38,240.00
01.01.2009 04:10:00,997.05,-9.23,264.15,-10.25,92.20,3.03,2.79,0.24,1.74,2.80,1314.62,0.10,0.38,203.90
01.01.2009 04:20:00,997.11,-9.49,263.89,-10.54,92.00,2.97,2.73,0.24,1.71,2.74,1316.02,0.34,0.75,159.70
01.01.2009 04:30:00,997.19,-9.50,263.87,-10.51,92.30,2.97,2.74,0.23,1.71,2.75,1316.16,0.43,0.88,66.16
01.01.2009 04:40:00,997.24,-9.35,264.02,-10.29,92.80,3.00,2.79,0.22,1.74,2.79,1315.47,0.40,0.88,105.00
01.01.2009 04:50:00,997.37,-9.47,263.89,-10.46,92.40,2.97,2.75,0.23,1.72,2.75,1316.25,0.37,0.75,125.80
01.01.2009 05:00:00,997.46,-9.63,263.72,-10.65,92.20,2.94,2.71,0.23,1.69,2.71,1317.19,0.40,0.88,157.00
01.01.2009 05:10:00,997.43,-9.67,263.68,-10.63,92.60,2.93,2.71,0.22,1.69,2.72,1317.35,0.36,0.75,132.50
01.01.2009 05:20:00,997.42,-9.68,263.67,-10.73,92.00,2.92,2.69,0.23,1.68,2.70,1317.40,0.09,0.50,143.20
01.01.2009 05:30:00,997.53,-9.90,263.45,-10.98,91.70,2.87,2.64,0.24,1.64,2.64,1318.68,0.29,1.00,72.50
01.01.2009 05:40:00,997.60,-9.91,263.43,-10.90,92.40,2.87,2.65,0.22,1.66,2.66,1318.81,0.50,1.00,60.72
01.01.2009 05:50:00,997.62,-9.51,263.83,-10.37,93.40,2.96,2.77,0.20,1.73,2.77,1316.77,0.31,0.75,147.40
01.01.2009 06:00:00,997.71,-9.67,263.66,-10.62,92.70,2.93,2.71,0.21,1.69,2.72,1317.71,0.05,0.50,146.00
01.01.2009 06:10:00,997.81,-9.59,263.74,-10.47,93.20,2.95,2.74,0.20,1.71,2.75,1317.44,0.24,0.75,161.60
01.01.2009 06:20:00,997.86,-9.15,264.17,-10.02,93.30,3.05,2.85,0.20,1.78,2.85,1315.26,0.18,0.50,125.70
01.01.2009 06:30:00,998.00,-8.91,264.40,-9.89,92.50,3.11,2.87,0.23,1.79,2.88,1314.23,0.45,0.88,67.11
01.01.2009 06:40:00,998.14,-9.04,264.26,-10.11,91.90,3.08,2.83,0.25,1.76,2.83,1315.09,1.48,2.75,14.00
01.01.2009 06:50:00,998.21,-9.43,263.86,-10.57,91.30,2.98,2.72,0.26,1.70,2.73,1317.18,2.51,3.63,357.00
01.01.2009 07:00:00,998.33,-9.17,264.12,-10.10,92.90,3.04,2.83,0.22,1.76,2.83,1315.98,2.08,2.88,348.80
01.01.2009 07:10:00,998.50,-8.71,264.56,-9.63,93.00,3.16,2.94,0.22,1.83,2.94,1313.87,2.06,2.75,338.10
01.01.2009 07:20:00,998.59,-8.55,264.72,-9.47,93.00,3.20,2.97,0.22,1.85,2.98,1313.17,1.95,2.38,357.90
01.01.2009 07:30:00,998.79,-8.40,264.85,-9.31,93.10,3.24,3.01,0.22,1.88,3.02,1312.67,0.92,1.38,340.10
01.01.2009 07:40:00,998.86,-8.30,264.95,-9.21,93.10,3.26,3.04,0.22,1.89,3.04,1312.25,0.81,1.13,321.10
01.01.2009 07:50:00,999.04,-8.13,265.10,-9.03,93.20,3.30,3.08,0.22,1.92,3.08,1311.63,0.61,1.13,254.20
01.01.2009 08:00:00,999.17,-8.10,265.12,-9.05,92.80,3.31,3.07,0.24,1.92,3.08,1311.65,0.72,1.25,213.90
01.01.2009 08:10:00,999.27,-8.14,265.08,-9.12,92.60,3.30,3.06,0.24,1.91,3.06,1311.98,0.71,1.00,241.40
01.01.2009 08:20:00,999.33,-8.06,265.15,-9.02,92.70,3.32,3.08,0.24,1.92,3.08,1311.66,0.53,0.88,242.50
01.01.2009 08:30:00,999.44,-7.95,265.25,-8.93,92.60,3.35,3.10,0.25,1.93,3.10,1311.26,0.53,0.88,352.70
01.01.2009 08:40:00,999.46,-7.74,265.46,-8.67,93.00,3.41,3.17,0.24,1.97,3.17,1310.21,0.38,0.75,100.20
01.01.2009 08:50:00,999.59,-7.57,265.62,-8.64,92.00,3.45,3.18,0.28,1.98,3.18,1309.54,0.17,0.50,166.70
01.01.2009 09:00:00,999.69,-7.66,265.52,-8.84,91.20,3.43,3.13,0.30,1.95,3.13,1310.14,0.34,0.63,202.20
01.01.2009 09:10:00,999.79,-7.71,265.47,-8.87,91.30,3.41,3.12,0.30,1.94,3.12,1310.51,0.14,0.50,235.00
01.01.2009 09:20:00,999.81,-7.56,265.61,-8.67,91.70,3.45,3.17,0.29,1.97,3.17,1309.78,0.11,0.38,310.50
01.01.2009 09:30:00,999.83,-7.29,265.88,-8.33,92.20,3.53,3.25,0.28,2.03,3.25,1308.43,0.75,2.50,17.30
01.01.2009 09:40:00,999.96,-7.15,266.01,-8.21,92.10,3.57,3.28,0.28,2.05,3.28,1307.90,1.62,2.75,4.63
01.01.2009 09:50:00,1000.13,-7.02,266.13,-8.06,92.20,3.60,3.32,0.28,2.07,3.32,1307.46,1.24,3.13,314.30
01.01.2009 10:00:00,1000.27,-7.04,266.10,-8.17,91.60,3.60,3.30,0.30,2.05,3.29,1307.76,1.45,3.00,292.60
01.01.2009 10:10:00,1000.43,-7.03,266.10,-8.16,91.60,3.60,3.30,0.30,2.05,3.30,1307.91,1.12,2.75,266.30
01.01.2009 10:20:00,1000.54,-7.15,265.97,-8.34,91.10,3.57,3.25,0.32,2.02,3.25,1308.67,2.12,3.25,267.20
01.01.2009 10:30:00,1000.68,-7.26,265.85,-8.47,91.00,3.54,3.22,0.32,2.00,3.22,1309.41,1.54,3.25,258.80
01.01.2009 10:40:00,1000.78,-7.34,265.76,-8.57,90.80,3.51,3.19,0.32,1.99,3.19,1309.96,1.81,3.00,257.00
01.01.2009 10:50:00,1000.83,-7.35,265.75,-8.57,90.90,3.51,3.19,0.32,1.99,3.19,1310.07,1.77,3.25,260.50
01.01.2009 11:00:00,1000.87,-7.41,265.68,-8.66,90.70,3.50,3.17,0.33,1.97,3.17,1310.43,1.91,3.38,269.60
01.01.2009 11:10:00,1000.81,-7.48,265.62,-8.76,90.50,3.48,3.15,0.33,1.96,3.14,1310.71,1.73,3.25,247.10
01.01.2009 11:20:00,1000.74,-7.38,265.72,-8.64,90.60,3.50,3.17,0.33,1.98,3.17,1310.10,1.25,2.13,230.60
01.01.2009 11:30:00,1000.61,-7.21,265.90,-8.53,90.20,3.55,3.20,0.35,1.99,3.20,1309.08,1.41,2.25,208.20
01.01.2009 11:40:00,1000.50,-7.16,265.96,-8.54,89.80,3.56,3.20,0.36,1.99,3.20,1308.69,1.28,1.88,198.90
01.01.2009 11:50:00,1000.36,-7.03,266.10,-8.44,89.60,3.60,3.23,0.37,2.01,3.22,1307.86,1.75,3.00,207.50
01.01.2009 12:00:00,1000.30,-6.87,266.27,-8.28,89.60,3.64,3.27,0.38,2.03,3.26,1306.98,1.84,2.63,184.40
01.01.2009 12:10:00,1000.21,-6.77,266.38,-8.19,89.50,3.67,3.29,0.39,2.05,3.29,1306.33,2.15,2.88,202.80
01.01.2009 12:20:00,1000.18,-6.70,266.44,-8.09,89.80,3.69,3.32,0.38,2.06,3.32,1305.97,1.89,3.13,222.70
01.01.2009 12:30:00,1000.14,-6.61,266.54,-8.00,89.70,3.72,3.34,0.38,2.08,3.34,1305.44,2.25,3.38,237.60
01.01.2009 12:40:00,1000.02,-6.51,266.65,-7.93,89.50,3.75,3.36,0.39,2.09,3.36,1304.79,1.28,2.63,197.90
01.01.2009 12:50:00,1000.02,-6.21,266.95,-7.65,89.40,3.84,3.43,0.41,2.14,3.43,1303.28,0.33,1.00,202.60
01.01.2009 13:00:00,1000.03,-5.89,267.27,-7.46,88.60,3.93,3.48,0.45,2.17,3.48,1301.73,0.57,1.25,187.30
01.01.2009 13:10:00,999.97,-5.83,267.33,-7.52,87.80,3.95,3.47,0.48,2.16,3.47,1301.38,0.86,1.38,160.90
01.01.2009 13:20:00,999.97,-5.76,267.41,-7.46,87.70,3.97,3.48,0.49,2.17,3.48,1301.00,0.91,1.63,180.10
01.01.2009 13:30:00,1000.02,-5.90,267.26,-7.62,87.50,3.93,3.44,0.49,2.14,3.44,1301.76,1.45,2.00,138.10
01.01.2009 13:40:00,999.89,-5.97,267.20,-7.55,88.50,3.91,3.46,0.45,2.15,3.46,1301.94,1.22,1.88,161.40
01.01.2009 13:50:00,999.81,-5.88,267.30,-7.44,88.60,3.94,3.49,0.45,2.17,3.49,1301.37,1.43,2.00,146.00
01.01.2009 14:00:00,999.81,-5.94,267.24,-7.43,89.10,3.92,3.49,0.43,2.17,3.49,1301.67,1.25,2.00,144.00
01.01.2009 14:10:00,999.81,-5.84,267.34,-7.26,89.60,3.95,3.54,0.41,2.20,3.54,1301.17,1.01,2.13,151.00
01.01.2009 14:20:00,999.80,-5.76,267.41,-7.16,89.80,3.97,3.56,0.40,2.22,3.56,1300.77,1.19,1.88,157.00
01.01.2009 14:30:00,999.81,-5.75,267.43,-7.14,89.80,3.97,3.57,0.41,2.22,3.57,1300.69,1.25,2.00,145.10
01.01.2009 14:40:00,999.82,-5.76,267.41,-7.10,90.20,3.97,3.58,0.39,2.23,3.58,1300.77,1.35,2.25,137.70
01.01.2009 14:50:00,999.83,-5.73,267.45,-7.05,90.30,3.98,3.59,0.39,2.24,3.59,1300.61,1.74,2.38,142.40
01.01.2009 15:00:00,999.88,-5.69,267.48,-7.00,90.40,3.99,3.61,0.38,2.25,3.61,1300.51,1.17,1.88,134.90
01.01.2009 15:10:00,999.98,-5.53,267.63,-6.87,90.20,4.04,3.64,0.40,2.27,3.64,1299.83,1.33,1.75,148.60
01.01.2009 15:20:00,1000.06,-5.57,267.59,-6.97,89.80,4.03,3.62,0.41,2.25,3.62,1300.14,1.24,2.00,146.10
01.01.2009 15:30:00,1000.04,-5.43,267.73,-6.80,90.00,4.07,3.66,0.41,2.28,3.66,1299.40,0.90,1.25,155.10
01.01.2009 15:40:00,1000.00,-5.32,267.84,-6.76,89.50,4.11,3.68,0.43,2.29,3.68,1298.82,0.98,1.50,137.50
01.01.2009 15:50:00,999.95,-5.36,267.81,-6.84,89.20,4.09,3.65,0.44,2.28,3.65,1298.95,1.48,2.25,151.90
01.01.2009 16:00:00,999.94,-5.40,267.76,-6.86,89.40,4.08,3.65,0.43,2.27,3.65,1299.17,1.40,2.13,145.50
01.01.2009 16:10:00,1000.05,-5.31,267.85,-6.69,89.90,4.11,3.69,0.42,2.30,3.69,1298.81,1.03,1.50,127.00
01.01.2009 16:20:00,1000.05,-5.28,267.88,-6.68,89.80,4.12,3.70,0.42,2.30,3.70,1298.69,1.11,1.88,134.70
01.01.2009 16:30:00,1000.10,-5.32,267.83,-6.77,89.50,4.11,3.67,0.43,2.29,3.67,1298.96,1.35,2.13,132.30
01.01.2009 16:40:00,1000.17,-5.29,267.86,-6.70,89.70,4.12,3.69,0.42,2.30,3.69,1298.87,1.03,1.75,140.80
01.01.2009 16:50:00,1000.13,-5.33,267.82,-6.81,89.20,4.10,3.66,0.44,2.28,3.66,1299.04,1.08,1.50,160.00
01.01.2009 17:00:00,1000.17,-5.37,267.78,-6.82,89.40,4.09,3.66,0.43,2.28,3.66,1299.27,0.85,1.63,142.20
01.01.2009 17:10:00,1000.17,-5.43,267.72,-6.90,89.30,4.07,3.64,0.44,2.26,3.64,1299.60,1.27,1.88,144.00
01.01.2009 17:20:00,1000.18,-5.28,267.86,-6.68,89.80,4.12,3.70,0.42,2.30,3.70,1298.87,0.55,1.13,162.60
01.01.2009 17:30:00,1000.18,-5.21,267.94,-6.70,89.20,4.14,3.69,0.45,2.30,3.69,1298.51,0.53,1.38,147.20
01.01.2009 17:40:00,1000.17,-5.21,267.93,-6.75,88.90,4.14,3.68,0.46,2.29,3.68,1298.52,0.75,1.25,182.20
01.01.2009 17:50:00,1000.16,-5.24,267.91,-6.77,88.90,4.13,3.67,0.46,2.29,3.67,1298.65,0.72,1.25,150.40
01.01.2009 18:00:00,1000.16,-5.25,267.90,-6.75,89.10,4.13,3.68,0.45,2.29,3.68,1298.68,0.55,1.00,183.70
01.01.2009 18:10:00,1000.13,-5.16,267.99,-6.67,89.10,4.16,3.70,0.45,2.31,3.70,1298.21,0.60,1.00,186.90
01.01.2009 18:20:00,1000.07,-5.12,268.04,-6.62,89.10,4.17,3.72,0.45,2.31,3.72,1297.91,0.50,0.88,179.30
01.01.2009 18:30:00,1000.11,-5.04,268.12,-6.57,88.90,4.20,3.73,0.47,2.32,3.73,1297.56,0.41,0.88,152.30
01.01.2009 18:40:00,1000.18,-5.01,268.13,-6.58,88.70,4.20,3.73,0.47,2.32,3.73,1297.55,0.47,1.00,153.20
01.01.2009 18:50:00,1000.23,-5.12,268.02,-6.68,88.70,4.17,3.70,0.47,2.30,3.70,1298.15,0.93,1.38,148.80
01.01.2009 19:00:00,1000.22,-5.11,268.03,-6.57,89.40,4.17,3.73,0.44,2.32,3.73,1298.07,0.41,0.75,176.70
01.01.2009 19:10:00,1000.30,-4.90,268.24,-6.36,89.40,4.24,3.79,0.45,2.36,3.79,1297.10,0.35,0.88,158.10
01.01.2009 19:20:00,1000.19,-4.86,268.28,-6.40,88.90,4.25,3.78,0.47,2.35,3.78,1296.82,0.27,0.63,131.40
01.01.2009 19:30:00,1000.18,-4.90,268.25,-6.46,88.70,4.24,3.76,0.48,2.34,3.76,1296.97,0.50,0.88,149.70
01.01.2009 19:40:00,1000.14,-4.97,268.18,-6.53,88.70,4.22,3.74,0.48,2.33,3.74,1297.26,0.60,1.00,158.70
01.01.2009 19:50:00,1000.18,-4.99,268.16,-6.51,89.00,4.21,3.75,0.46,2.33,3.75,1297.41,0.55,0.88,158.40
01.01.2009 20:00:00,1000.22,-4.90,268.24,-6.38,89.30,4.24,3.79,0.45,2.36,3.78,1297.05,0.68,1.13,195.20
01.01.2009 20:10:00,1000.27,-4.93,268.21,-6.38,89.50,4.23,3.78,0.44,2.36,3.78,1297.25,0.63,1.13,206.50
01.01.2009 20:20:00,1000.21,-4.89,268.26,-6.29,89.80,4.24,3.81,0.43,2.37,3.81,1296.93,0.58,1.00,169.90
01.01.2009 20:30:00,1000.19,-4.93,268.21,-6.32,89.90,4.23,3.80,0.43,2.37,3.80,1297.13,1.04,1.50,156.20
01.01.2009 20:40:00,1000.24,-5.00,268.14,-6.34,90.20,4.21,3.80,0.41,2.36,3.80,1297.52,0.85,1.63,144.80
01.01.2009 20:50:00,1000.30,-4.90,268.24,-6.19,90.60,4.24,3.84,0.40,2.39,3.84,1297.08,0.28,0.75,146.60
01.01.2009 21:00:00,1000.19,-4.80,268.35,-6.14,90.20,4.27,3.85,0.42,2.40,3.85,1296.45,0.44,0.75,206.30
01.01.2009 21:10:00,1000.19,-4.84,268.31,-6.21,90.00,4.26,3.83,0.43,2.39,3.83,1296.64,0.83,1.13,168.50
01.01.2009 21:20:00,1000.15,-4.90,268.25,-6.25,90.20,4.24,3.82,0.42,2.38,3.82,1296.91,0.58,1.00,195.80
01.01.2009 21:30:00,1000.09,-4.86,268.29,-6.18,90.40,4.25,3.84,0.41,2.39,3.84,1296.63,0.34,0.75,212.10
01.01.2009 21:40:00,1000.06,-4.76,268.40,-6.06,90.50,4.29,3.88,0.41,2.42,3.88,1296.07,0.35,0.75,269.10
01.01.2009 21:50:00,1000.03,-4.61,268.55,-5.90,90.60,4.34,3.93,0.41,2.45,3.93,1295.29,0.33,0.75,219.70
01.01.2009 22:00:00,1000.00,-4.50,268.66,-5.82,90.40,4.37,3.95,0.42,2.46,3.95,1294.72,0.33,0.63,175.70
01.01.2009 22:10:00,999.92,-4.41,268.76,-5.73,90.40,4.40,3.98,0.42,2.48,3.98,1294.16,0.18,0.50,170.10
01.01.2009 22:20:00,999.93,-4.40,268.77,-5.77,90.10,4.40,3.97,0.44,2.47,3.97,1294.14,0.39,0.75,146.90
01.01.2009 22:30:00,999.87,-4.32,268.85,-5.70,90.00,4.43,3.99,0.44,2.48,3.99,1293.65,0.20,0.50,172.80
01.01.2009 22:40:00,999.80,-4.17,269.00,-5.60,89.70,4.48,4.02,0.46,2.50,4.02,1292.87,0.34,0.63,198.40
01.01.2009 22:50:00,999.77,-4.30,268.88,-5.79,89.30,4.44,3.96,0.47,2.47,3.96,1293.46,0.47,0.75,210.80
01.01.2009 23:00:00,999.77,-4.47,268.71,-5.84,90.10,4.38,3.95,0.43,2.46,3.95,1294.29,0.65,1.00,219.30
01.01.2009 23:10:00,999.80,-4.50,268.68,-5.71,91.20,4.37,3.99,0.38,2.48,3.99,1294.45,0.37,0.88,149.60
01.01.2009 23:20:00,999.81,-4.51,268.66,-5.65,91.70,4.37,4.00,0.36,2.50,4.01,1294.50,0.44,0.88,198.60
01.01.2009 23:30:00,999.80,-4.33,268.84,-5.36,92.50,4.43,4.09,0.33,2.55,4.09,1293.60,0.24,0.63,132.70
01.01.2009 23:40:00,999.71,-4.33,268.85,-5.43,92.00,4.43,4.07,0.35,2.54,4.07,1293.47,0.77,1.13,206.40
01.01.2009 23:50:00,999.67,-4.58,268.61,-5.62,92.40,4.34,4.01,0.33,2.50,4.02,1294.65,0.69,1.25,213.90
02.01.2009 00:00:00,999.59,-4.54,268.65,-5.46,93.20,4.36,4.06,0.30,2.53,4.06,1294.33,0.41,0.88,155.00
02.01.2009 00:10:00,999.55,-4.60,268.60,-5.52,93.20,4.34,4.04,0.29,2.52,4.04,1294.58,0.85,1.38,151.20
02.01.2009 00:20:00,999.56,-4.67,268.53,-5.52,93.70,4.32,4.04,0.27,2.52,4.05,1294.91,0.83,1.50,148.80
02.01.2009 00:30:00,999.56,-4.66,268.53,-5.46,94.10,4.32,4.06,0.25,2.53,4.06,1294.89,0.53,1.38,154.30
02.01.2009 00:40:00,999.48,-4.55,268.65,-5.31,94.40,4.35,4.11,0.24,2.56,4.11,1294.22,0.41,1.25,159.30
02.01.2009 00:50:00,999.44,-4.43,268.77,-5.19,94.40,4.39,4.15,0.25,2.59,4.15,1293.56,0.63,1.13,192.10
02.01.2009 01:00:00,999.34,-4.44,268.77,-5.19,94.40,4.39,4.15,0.25,2.58,4.15,1293.47,0.28,1.00,148.10
02.01.2009 01:10:00,999.31,-4.39,268.82,-5.14,94.50,4.41,4.16,0.24,2.60,4.17,1293.22,0.42,1.25,153.50
02.01.2009 01:20:00,999.21,-4.40,268.82,-5.16,94.40,4.40,4.16,0.25,2.59,4.16,1293.11,0.51,0.88,146.20
02.01.2009 01:30:00,999.18,-4.40,268.82,-5.13,94.60,4.40,4.17,0.24,2.60,4.17,1293.08,0.27,0.63,165.10
02.01.2009 01:40:00,999.08,-4.31,268.92,-5.03,94.70,4.43,4.20,0.24,2.62,4.20,1292.49,0.22,0.75,185.00
02.01.2009 01:50:00,999.00,-4.26,268.98,-4.99,94.60,4.45,4.21,0.24,2.63,4.21,1292.14,0.37,0.75,223.10
02.01.2009 02:00:00,998.93,-4.29,268.95,-5.04,94.50,4.44,4.20,0.24,2.62,4.20,1292.22,0.49,0.88,209.80
02.01.2009 02:10:00,998.93,-4.26,268.99,-4.99,94.60,4.45,4.21,0.24,2.63,4.22,1292.03,0.29,0.75,182.30
02.01.2009 02:20:00,998.82,-4.27,268.99,-5.02,94.40,4.45,4.20,0.25,2.62,4.20,1291.94,0.30,0.75,148.50
02.01.2009 02:30:00,998.82,-4.30,268.95,-5.04,94.50,4.44,4.19,0.24,2.62,4.20,1292.11,0.39,0.75,223.60
02.01.2009 02:40:00,998.78,-4.32,268.94,-5.05,94.60,4.43,4.19,0.24,2.61,4.20,1292.15,0.61,1.13,176.30
02.01.2009 02:50:00,998.73,-4.39,268.87,-5.12,94.60,4.41,4.17,0.24,2.60,4.18,1292.43,0.45,0.75,194.00
02.01.2009 03:00:00,998.69,-4.45,268.81,-5.15,94.80,4.39,4.16,0.23,2.59,4.16,1292.69,0.65,1.00,203.30
02.01.2009 03:10:00,998.67,-4.50,268.76,-5.17,95.00,4.37,4.15,0.22,2.59,4.16,1292.90,0.72,1.00,177.50
02.01.2009 03:20:00,998.58,-4.48,268.79,-5.12,95.20,4.38,4.17,0.21,2.60,4.17,1292.66,0.56,0.88,179.30
02.01.2009 03:30:00,998.49,-4.43,268.84,-5.07,95.30,4.39,4.19,0.21,2.61,4.19,1292.34,0.57,1.00,212.20
02.01.2009 03:40:00,998.44,-4.33,268.95,-4.94,95.50,4.43,4.23,0.20,2.64,4.23,1291.75,0.42,0.88,160.70
02.01.2009 03:50:00,998.39,-4.41,268.87,-5.07,95.10,4.40,4.18,0.22,2.61,4.19,1292.10,0.92,1.50,167.60
02.01.2009 04:00:00,998.32,-4.58,268.71,-5.22,95.20,4.34,4.14,0.21,2.58,4.14,1292.83,0.77,1.38,190.20
02.01.2009 04:10:00,998.29,-4.63,268.66,-5.25,95.40,4.33,4.13,0.20,2.58,4.14,1293.05,0.83,1.25,190.80
02.01.2009 04:20:00,998.12,-4.63,268.68,-5.23,95.50,4.33,4.13,0.19,2.58,4.14,1292.80,0.80,1.25,222.00
02.01.2009 04:30:00,997.95,-4.74,268.58,-5.33,95.60,4.29,4.10,0.19,2.56,4.11,1293.15,1.05,1.50,223.20
02.01.2009 04:40:00,998.03,-4.86,268.45,-5.44,95.70,4.25,4.07,0.18,2.54,4.08,1293.84,0.50,1.00,113.50
02.01.2009 04:50:00,998.08,-4.97,268.34,-5.51,95.90,4.22,4.05,0.17,2.53,4.05,1294.44,0.49,1.13,107.10
02.01.2009 05:00:00,998.10,-4.96,268.34,-5.50,96.00,4.22,4.05,0.17,2.53,4.06,1294.44,0.79,1.25,22.22
02.01.2009 05:10:00,998.21,-4.94,268.36,-5.48,96.00,4.23,4.06,0.17,2.53,4.06,1294.48,1.03,1.63,344.20
02.01.2009 05:20:00,998.21,-4.78,268.52,-5.27,96.30,4.28,4.12,0.16,2.57,4.13,1293.66,0.90,1.50,358.80
02.01.2009 05:30:00,998.13,-4.63,268.68,-5.14,96.20,4.33,4.16,0.16,2.60,4.17,1292.80,0.44,1.00,30.37
02.01.2009 05:40:00,998.02,-4.64,268.67,-5.19,95.90,4.32,4.15,0.18,2.59,4.16,1292.73,0.49,0.88,166.50
02.01.2009 05:50:00,997.93,-4.67,268.65,-5.21,96.00,4.31,4.14,0.17,2.59,4.15,1292.78,0.44,1.13,312.70
02.01.2009 06:00:00,998.00,-4.43,268.88,-4.94,96.20,4.39,4.23,0.17,2.64,4.23,1291.66,0.81,2.13,40.88
02.01.2009 06:10:00,998.11,-4.38,268.93,-4.93,95.90,4.41,4.23,0.18,2.64,4.24,1291.55,0.75,1.63,52.73
02.01.2009 06:20:00,998.15,-4.32,268.98,-4.87,95.90,4.43,4.25,0.18,2.65,4.26,1291.31,0.68,1.38,38.00
02.01.2009 06:30:00,998.21,-4.25,269.05,-4.81,95.80,4.46,4.27,0.19,2.66,4.28,1291.03,0.25,0.75,59.41
02.01.2009 06:40:00,998.22,-4.16,269.14,-4.75,95.60,4.48,4.29,0.20,2.68,4.30,1290.61,0.93,2.00,52.70
02.01.2009 06:50:00,998.19,-4.26,269.04,-4.88,95.40,4.45,4.25,0.20,2.65,4.25,1291.06,0.97,1.75,26.64
02.01.2009 07:00:00,998.17,-4.28,269.02,-4.89,95.50,4.44,4.24,0.20,2.65,4.25,1291.15,0.53,1.13,156.40
02.01.2009 07:10:00,998.19,-4.34,268.96,-4.98,95.30,4.42,4.21,0.21,2.63,4.22,1291.50,0.33,0.63,202.60
02.01.2009 07:20:00,998.20,-4.37,268.93,-5.01,95.20,4.42,4.20,0.21,2.62,4.21,1291.62,0.38,0.63,216.90
02.01.2009 07:30:00,998.22,-4.33,268.97,-4.97,95.20,4.43,4.22,0.21,2.63,4.22,1291.44,1.04,1.75,197.70
02.01.2009 07:40:00,998.17,-4.43,268.87,-5.09,95.10,4.39,4.18,0.22,2.61,4.19,1291.91,1.11,2.38,190.70
02.01.2009 07:50:00,998.18,-4.39,268.91,-5.05,95.10,4.41,4.19,0.22,2.62,4.20,1291.73,1.14,2.38,168.00
02.01.2009 08:00:00,998.18,-4.33,268.97,-5.04,94.80,4.43,4.20,0.23,2.62,4.20,1291.44,1.64,2.38,178.70
02.01.2009 08:10:00,998.11,-4.37,268.94,-5.08,94.70,4.41,4.18,0.23,2.61,4.19,1291.52,1.62,2.38,176.80
02.01.2009 08:20:00,998.10,-4.31,268.99,-5.03,94.70,4.43,4.20,0.23,2.62,4.21,1291.24,1.42,2.25,174.70
02.01.2009 08:30:00,998.15,-4.30,269.00,-5.06,94.40,4.44,4.19,0.25,2.61,4.20,1291.24,1.97,2.63,174.80
02.01.2009 08:40:00,998.29,-4.24,269.05,-5.00,94.40,4.46,4.21,0.25,2.63,4.22,1291.14,1.39,2.00,173.90
02.01.2009 08:50:00,998.34,-4.17,269.12,-4.97,94.10,4.48,4.22,0.26,2.63,4.23,1290.83,1.68,2.50,176.20
02.01.2009 09:00:00,998.35,-4.13,269.16,-4.97,93.80,4.49,4.22,0.28,2.63,4.22,1290.68,1.32,1.88,184.50
02.01.2009 09:10:00,998.39,-4.07,269.22,-4.93,93.70,4.52,4.23,0.28,2.64,4.24,1290.42,1.15,1.63,176.00
02.01.2009 09:20:00,998.46,-3.95,269.33,-4.87,93.30,4.56,4.25,0.31,2.65,4.26,1289.96,1.31,2.00,169.90
02.01.2009 09:30:00,998.53,-3.90,269.38,-4.84,93.10,4.57,4.26,0.32,2.66,4.27,1289.77,1.42,1.88,180.80
02.01.2009 09:40:00,998.59,-3.90,269.37,-4.90,92.70,4.57,4.24,0.33,2.65,4.25,1289.86,1.44,1.88,188.80
02.01.2009 09:50:00,998.58,-3.92,269.35,-4.94,92.60,4.57,4.23,0.34,2.64,4.23,1289.99,1.24,1.75,167.90
02.01.2009 10:00:00,998.65,-3.93,269.34,-4.99,92.30,4.56,4.21,0.35,2.63,4.22,1290.10,1.83,2.25,141.70
02.01.2009 10:10:00,998.78,-3.97,269.29,-5.00,92.50,4.55,4.21,0.34,2.63,4.21,1290.45,1.78,2.25,140.50
02.01.2009 10:20:00,998.83,-3.93,269.32,-4.93,92.70,4.56,4.23,0.33,2.64,4.23,1290.35,1.46,2.00,143.10
02.01.2009 10:30:00,998.84,-3.90,269.35,-4.91,92.60,4.57,4.24,0.34,2.64,4.24,1290.20,1.88,2.38,139.70
02.01.2009 10:40:00,998.87,-3.87,269.38,-4.88,92.60,4.59,4.25,0.34,2.65,4.25,1290.06,1.69,2.25,140.60
02.01.2009 10:50:00,998.92,-3.74,269.51,-4.77,92.50,4.63,4.28,0.35,2.67,4.29,1289.50,1.42,1.88,137.70
02.01.2009 11:00:00,998.98,-3.62,269.62,-4.68,92.30,4.67,4.31,0.36,2.69,4.32,1288.99,1.21,1.63,141.50
02.01.2009 11:10:00,998.88,-3.49,269.76,-4.61,91.90,4.72,4.33,0.38,2.70,4.34,1288.25,1.95,2.50,152.90
02.01.2009 11:20:00,998.79,-3.36,269.89,-4.51,91.70,4.76,4.37,0.40,2.72,4.37,1287.49,2.00,2.75,182.50
02.01.2009 11:30:00,998.88,-3.21,270.04,-4.43,91.20,4.82,4.39,0.42,2.74,4.40,1286.88,1.44,1.88,170.60
02.01.2009 11:40:00,998.88,-3.17,270.08,-4.45,90.80,4.83,4.39,0.44,2.74,4.39,1286.66,1.52,2.38,151.30
02.01.2009 11:50:00,998.94,-3.02,270.22,-4.33,90.60,4.89,4.43,0.46,2.76,4.43,1286.02,1.33,2.00,142.40
02.01.2009 12:00:00,998.91,-3.12,270.13,-4.50,90.10,4.85,4.37,0.48,2.73,4.38,1286.47,1.54,2.00,127.00
02.01.2009 12:10:00,998.85,-3.07,270.18,-4.40,90.50,4.87,4.41,0.46,2.75,4.41,1286.16,1.20,2.13,126.40
02.01.2009 12:20:00,998.82,-2.90,270.35,-4.33,89.80,4.93,4.43,0.50,2.76,4.43,1285.32,1.00,1.50,160.70
02.01.2009 12:30:00,998.78,-2.81,270.45,-4.36,89.00,4.96,4.42,0.55,2.76,4.42,1284.82,1.02,1.50,144.30
02.01.2009 12:40:00,998.64,-2.80,270.47,-4.39,88.70,4.97,4.41,0.56,2.75,4.41,1284.58,1.06,1.63,181.40
02.01.2009 12:50:00,998.61,-2.64,270.63,-4.27,88.50,5.03,4.45,0.58,2.78,4.46,1283.79,0.74,1.38,141.60
02.01.2009 13:00:00,998.59,-2.53,270.74,-4.23,88.00,5.07,4.46,0.61,2.78,4.47,1283.22,0.92,1.50,129.40
02.01.2009 13:10:00,998.58,-2.54,270.73,-4.30,87.60,5.07,4.44,0.63,2.77,4.44,1283.27,1.13,1.75,141.10
02.01.2009 13:20:00,998.62,-2.49,270.77,-4.23,87.80,5.08,4.46,0.62,2.78,4.47,1283.09,0.88,1.38,138.70
02.01.2009 13:30:00,998.60,-2.26,271.01,-4.08,87.20,5.17,4.51,0.66,2.81,4.52,1281.93,0.66,1.50,158.10
02.01.2009 13:40:00,998.67,-2.21,271.05,-4.13,86.60,5.19,4.49,0.70,2.80,4.50,1281.82,0.59,1.00,138.80
02.01.2009 13:50:00,998.70,-2.41,270.85,-4.33,86.60,5.11,4.43,0.69,2.76,4.43,1282.82,0.65,1.25,76.20
02.01.2009 14:00:00,998.73,-2.56,270.70,-4.29,87.80,5.06,4.44,0.62,2.77,4.45,1283.56,0.73,1.25,42.40
02.01.2009 14:10:00,998.73,-2.62,270.63,-4.24,88.60,5.03,4.46,0.57,2.78,4.46,1283.86,0.92,1.50,32.27
02.01.2009 14:20:00,998.75,-2.54,270.72,-4.09,89.00,5.07,4.51,0.56,2.81,4.51,1283.45,0.44,1.00,85.80
02.01.2009 14:30:00,998.70,-2.14,271.12,-3.88,87.80,5.22,4.58,0.64,2.86,4.59,1281.45,0.84,1.38,145.30
02.01.2009 14:40:00,998.75,-2.22,271.04,-4.08,87.00,5.19,4.51,0.67,2.82,4.52,1281.94,0.76,1.13,173.00
02.01.2009 14:50:00,998.71,-2.18,271.08,-3.97,87.50,5.20,4.55,0.65,2.84,4.56,1281.71,0.28,0.63,217.40
02.01.2009 15:00:00,998.87,-2.12,271.12,-4.00,86.90,5.22,4.54,0.68,2.83,4.54,1281.64,0.47,1.00,336.30
02.01.2009 15:10:00,999.05,-2.31,270.92,-4.12,87.30,5.15,4.50,0.65,2.81,4.50,1282.76,0.94,1.25,21.58
02.01.2009 15:20:00,999.14,-2.42,270.80,-4.05,88.50,5.11,4.52,0.59,2.82,4.53,1283.40,1.35,2.00,15.64
02.01.2009 15:30:00,999.25,-2.47,270.75,-4.01,89.10,5.09,4.54,0.55,2.83,4.54,1283.77,2.18,2.75,20.08
02.01.2009 15:40:00,999.32,-2.55,270.67,-4.04,89.40,5.06,4.53,0.54,2.82,4.53,1284.21,2.39,3.63,26.15
02.01.2009 15:50:00,999.46,-2.65,270.56,-4.12,89.50,5.03,4.50,0.53,2.80,4.50,1284.88,2.94,4.00,15.71
02.01.2009 16:00:00,999.59,-2.76,270.43,-4.22,89.60,4.98,4.46,0.52,2.78,4.46,1285.63,2.91,4.13,11.99
02.01.2009 16:10:00,999.62,-2.81,270.38,-4.26,89.70,4.96,4.45,0.51,2.77,4.45,1285.90,2.16,3.13,8.34
02.01.2009 16:20:00,999.80,-2.83,270.34,-4.32,89.40,4.95,4.43,0.53,2.76,4.43,1286.25,2.03,3.25,7.34
02.01.2009 16:30:00,999.92,-2.84,270.33,-4.47,88.40,4.95,4.38,0.57,2.73,4.38,1286.45,1.30,2.50,9.22
02.01.2009 16:40:00,1000.13,-2.83,270.32,-4.49,88.30,4.95,4.37,0.58,2.73,4.37,1286.71,1.70,2.75,8.57
02.01.2009 16:50:00,1000.16,-2.84,270.31,-4.45,88.60,4.95,4.39,0.56,2.73,4.39,1286.77,1.11,2.38,347.00
02.01.2009 17:00:00,1000.21,-2.88,270.26,-4.43,89.00,4.94,4.39,0.54,2.74,4.39,1287.04,1.52,2.88,7.05
02.01.2009 17:10:00,1000.23,-2.96,270.18,-4.44,89.50,4.91,4.39,0.52,2.74,4.39,1287.44,1.22,2.13,355.10
02.01.2009 17:20:00,1000.35,-2.96,270.17,-4.36,90.00,4.91,4.42,0.49,2.75,4.41,1287.59,1.24,2.13,357.00
02.01.2009 17:30:00,1000.43,-2.97,270.16,-4.32,90.30,4.91,4.43,0.48,2.76,4.43,1287.70,1.50,2.88,8.76
02.01.2009 17:40:00,1000.54,-3.03,270.09,-4.28,91.00,4.88,4.44,0.44,2.77,4.44,1288.14,1.76,2.50,9.15
02.01.2009 17:50:00,1000.66,-3.05,270.06,-4.18,91.80,4.88,4.48,0.40,2.79,4.47,1288.35,1.62,2.75,13.10
02.01.2009 18:00:00,1000.74,-3.07,270.03,-4.14,92.30,4.87,4.49,0.37,2.80,4.49,1288.58,2.97,4.63,12.56
02.01.2009 18:10:00,1000.78,-3.16,269.94,-4.23,92.30,4.83,4.46,0.37,2.78,4.46,1289.07,3.44,6.13,24.44
02.01.2009 18:20:00,1000.92,-3.20,269.89,-4.32,91.90,4.82,4.43,0.39,2.76,4.43,1289.44,3.26,4.75,15.55
02.01.2009 18:30:00,1000.98,-3.23,269.85,-4.41,91.50,4.81,4.40,0.41,2.74,4.40,1289.69,3.48,4.63,13.29
02.01.2009 18:40:00,1001.13,-3.29,269.78,-4.56,90.90,4.79,4.35,0.44,2.71,4.35,1290.18,3.51,5.38,15.81
02.01.2009 18:50:00,1001.19,-3.30,269.77,-4.62,90.50,4.79,4.33,0.45,2.69,4.33,1290.30,3.30,4.63,15.74
02.01.2009 19:00:00,1001.27,-3.34,269.72,-4.64,90.70,4.77,4.33,0.44,2.69,4.32,1290.63,3.07,4.50,14.34
02.01.2009 19:10:00,1001.34,-3.36,269.69,-4.56,91.40,4.76,4.35,0.41,2.71,4.35,1290.81,2.81,4.13,10.57
02.01.2009 19:20:00,1001.40,-3.36,269.69,-4.47,92.00,4.76,4.38,0.38,2.73,4.37,1290.86,1.99,3.50,17.52
02.01.2009 19:30:00,1001.46,-3.36,269.68,-4.44,92.20,4.76,4.39,0.37,2.73,4.38,1290.94,2.19,3.88,13.96
02.01.2009 19:40:00,1001.57,-3.36,269.68,-4.40,92.50,4.76,4.40,0.36,2.74,4.40,1291.08,2.55,3.88,18.38
02.01.2009 19:50:00,1001.71,-3.31,269.72,-4.30,92.80,4.78,4.44,0.34,2.76,4.43,1290.98,2.11,3.13,23.41
02.01.2009 20:00:00,1001.83,-3.30,269.72,-4.29,92.80,4.79,4.44,0.34,2.76,4.43,1291.08,2.89,4.00,24.28
02.01.2009 20:10:00,1001.90,-3.28,269.74,-4.30,92.60,4.79,4.44,0.35,2.76,4.43,1291.08,2.09,3.13,21.20
02.01.2009 20:20:00,1002.01,-3.36,269.65,-4.41,92.40,4.76,4.40,0.36,2.74,4.39,1291.62,3.01,4.88,13.15
02.01.2009 20:30:00,1002.03,-3.36,269.64,-4.41,92.40,4.76,4.40,0.36,2.74,4.39,1291.67,2.89,4.13,21.52
02.01.2009 20:40:00,1002.13,-3.36,269.64,-4.44,92.20,4.76,4.39,0.37,2.73,4.38,1291.79,2.99,4.25,20.42
02.01.2009 20:50:00,1002.15,-3.43,269.56,-4.51,92.20,4.74,4.37,0.37,2.72,4.36,1292.16,2.98,4.75,20.56
02.01.2009 21:00:00,1002.23,-3.49,269.50,-4.61,91.90,4.72,4.34,0.38,2.69,4.33,1292.57,2.48,3.88,14.31
02.01.2009 21:10:00,1002.32,-3.50,269.48,-4.64,91.70,4.71,4.32,0.39,2.69,4.31,1292.73,2.69,3.75,22.07
02.01.2009 21:20:00,1002.36,-3.52,269.46,-4.72,91.30,4.71,4.30,0.41,2.67,4.29,1292.90,3.26,5.13,23.45
02.01.2009 21:30:00,1002.37,-3.66,269.32,-4.99,90.40,4.66,4.21,0.45,2.62,4.20,1293.61,3.87,5.00,18.31
02.01.2009 21:40:00,1002.35,-3.80,269.18,-5.22,89.80,4.61,4.14,0.47,2.57,4.13,1294.31,3.42,4.75,20.89
02.01.2009 21:50:00,1002.39,-3.94,269.04,-5.43,89.30,4.56,4.07,0.49,2.53,4.06,1295.07,3.01,4.13,29.22
02.01.2009 22:00:00,1002.39,-4.02,268.96,-5.58,88.80,4.53,4.03,0.51,2.50,4.02,1295.46,3.06,4.13,23.48
02.01.2009 22:10:00,1002.39,-4.06,268.91,-5.68,88.40,4.52,3.99,0.52,2.48,3.98,1295.70,3.06,4.00,15.50
02.01.2009 22:20:00,1002.44,-4.20,268.77,-5.78,88.70,4.47,3.97,0.51,2.46,3.96,1296.43,2.39,3.63,24.21
02.01.2009 22:30:00,1002.54,-4.34,268.63,-5.88,88.90,4.42,3.93,0.49,2.44,3.92,1297.24,1.74,2.88,12.55
02.01.2009 22:40:00,1002.52,-4.30,268.66,-5.80,89.20,4.44,3.96,0.48,2.46,3.95,1297.05,1.81,3.00,13.50
02.01.2009 22:50:00,1002.57,-4.35,268.61,-5.79,89.60,4.42,3.96,0.46,2.46,3.95,1297.33,1.42,2.88,354.10
02.01.2009 23:00:00,1002.52,-4.38,268.59,-5.80,89.70,4.41,3.96,0.45,2.46,3.95,1297.39,0.74,1.38,354.00
02.01.2009 23:10:00,1002.64,-4.45,268.51,-5.89,89.60,4.39,3.93,0.46,2.44,3.92,1297.89,0.82,1.63,313.20
02.01.2009 23:20:00,1002.65,-4.53,268.43,-5.95,89.70,4.36,3.91,0.45,2.43,3.90,1298.32,1.26,2.13,323.80
02.01.2009 23:30:00,1002.64,-4.57,268.39,-5.97,89.90,4.35,3.91,0.44,2.43,3.90,1298.51,1.38,2.75,349.20
02.01.2009 23:40:00,1002.53,-4.56,268.41,-5.97,89.80,4.35,3.91,0.44,2.43,3.90,1298.31,2.13,2.75,17.64
02.01.2009 23:50:00,1002.35,-4.59,268.39,-6.03,89.60,4.34,3.89,0.45,2.42,3.88,1298.26,1.98,2.38,17.74
03.01.2009 00:00:00,1002.32,-4.71,268.27,-6.09,90.00,4.30,3.87,0.43,2.41,3.86,1298.79,1.42,1.88,16.85
03.01.2009 00:10:00,1002.39,-4.89,268.09,-6.16,90.70,4.24,3.85,0.39,2.39,3.84,1299.75,0.80,1.38,13.01
03.01.2009 00:20:00,1002.39,-5.20,267.78,-6.49,90.60,4.14,3.75,0.39,2.33,3.75,1301.31,0.47,0.88,189.40
03.01.2009 00:30:00,1002.49,-5.48,267.49,-6.70,91.10,4.06,3.69,0.36,2.30,3.69,1302.85,0.38,0.88,240.20
03.01.2009 00:40:00,1002.42,-5.50,267.48,-6.61,91.80,4.05,3.72,0.33,2.31,3.71,1302.82,0.12,0.38,200.20
03.01.2009 00:50:00,1002.39,-5.43,267.55,-6.49,92.20,4.07,3.75,0.32,2.33,3.75,1302.43,0.96,1.75,244.90
03.01.2009 01:00:00,1002.39,-5.28,267.70,-6.35,92.10,4.12,3.79,0.33,2.36,3.78,1301.68,0.27,1.00,292.80
03.01.2009 01:10:00,1002.39,-5.39,267.58,-6.62,91.00,4.08,3.72,0.37,2.31,3.71,1302.27,0.63,1.13,140.20
03.01.2009 01:20:00,1002.31,-5.66,267.32,-6.93,90.70,4.00,3.63,0.37,2.25,3.62,1303.51,0.64,1.38,325.20
03.01.2009 01:30:00,1002.34,-5.70,267.28,-6.90,91.20,3.99,3.64,0.35,2.26,3.63,1303.75,0.96,1.63,49.94
03.01.2009 01:40:00,1002.36,-5.89,267.09,-7.04,91.50,3.93,3.60,0.33,2.23,3.59,1304.71,0.99,1.38,2.56
03.01.2009 01:50:00,1002.27,-6.08,266.90,-7.18,91.90,3.87,3.56,0.31,2.21,3.55,1305.55,0.74,1.75,20.66
03.01.2009 02:00:00,1002.27,-6.23,266.76,-7.26,92.30,3.83,3.54,0.29,2.20,3.53,1306.26,0.39,1.00,279.20
03.01.2009 02:10:00,1002.28,-6.38,266.60,-7.42,92.30,3.78,3.49,0.29,2.17,3.49,1307.06,0.43,0.75,178.70
03.01.2009 02:20:00,1002.29,-6.55,266.44,-7.52,92.70,3.74,3.46,0.27,2.15,3.46,1307.89,0.67,1.00,239.30
03.01.2009 02:30:00,1002.37,-6.41,266.57,-7.31,93.30,3.78,3.52,0.25,2.19,3.51,1307.32,0.47,1.13,196.40
03.01.2009 02:40:00,1002.27,-6.12,266.87,-7.00,93.40,3.86,3.61,0.25,2.24,3.60,1305.69,0.38,0.88,127.10
03.01.2009 02:50:00,1002.20,-6.01,266.98,-6.99,92.70,3.89,3.61,0.28,2.24,3.60,1305.09,0.34,1.13,181.20
03.01.2009 03:00:00,1002.15,-6.13,266.87,-7.22,91.90,3.86,3.55,0.31,2.20,3.54,1305.61,0.43,0.75,76.80
03.01.2009 03:10:00,1002.14,-6.36,266.63,-7.44,92.00,3.79,3.49,0.30,2.17,3.48,1306.79,0.19,0.63,73.10
03.01.2009 03:20:00,1002.14,-6.48,266.52,-7.51,92.30,3.76,3.47,0.29,2.16,3.46,1307.35,0.31,0.88,296.30
03.01.2009 03:30:00,1002.06,-6.46,266.54,-7.44,92.70,3.76,3.49,0.27,2.17,3.48,1307.15,0.57,1.00,231.80
03.01.2009 03:40:00,1002.03,-6.33,266.68,-7.32,92.60,3.80,3.52,0.28,2.19,3.51,1306.44,0.25,0.63,145.40
03.01.2009 03:50:00,1002.01,-6.39,266.62,-7.42,92.30,3.78,3.49,0.29,2.17,3.48,1306.74,0.82,1.75,240.80
03.01.2009 04:00:00,1002.02,-6.21,266.79,-7.32,91.80,3.83,3.52,0.31,2.19,3.51,1305.89,0.77,1.50,273.20
03.01.2009 04:10:00,1001.99,-6.17,266.84,-7.40,90.90,3.85,3.50,0.35,2.17,3.49,1305.62,0.27,0.75,162.30
03.01.2009 04:20:00,1001.97,-6.25,266.76,-7.47,91.00,3.82,3.48,0.34,2.16,3.47,1306.00,0.31,1.00,96.20
03.01.2009 04:30:00,1001.93,-6.30,266.72,-7.47,91.30,3.81,3.48,0.33,2.16,3.47,1306.20,0.37,0.88,192.00
03.01.2009 04:40:00,1001.90,-6.49,266.53,-7.65,91.40,3.75,3.43,0.32,2.13,3.42,1307.11,0.24,0.63,180.70
03.01.2009 04:50:00,1001.79,-6.64,266.38,-7.79,91.50,3.71,3.39,0.32,2.11,3.39,1307.75,0.51,0.88,191.20
03.01.2009 05:00:00,1001.65,-7.02,266.01,-8.10,91.90,3.60,3.31,0.29,2.06,3.31,1309.46,0.48,0.88,193.90
03.01.2009 05:10:00,1001.52,-7.19,265.85,-8.20,92.40,3.56,3.29,0.27,2.04,3.28,1310.14,0.39,0.88,158.20
03.01.2009 05:20:00,1001.40,-7.35,265.70,-8.36,92.40,3.51,3.24,0.27,2.02,3.24,1310.79,0.55,1.00,65.23
03.01.2009 05:30:00,1001.29,-7.54,265.52,-8.50,92.80,3.46,3.21,0.25,2.00,3.21,1311.60,0.45,0.88,58.63
03.01.2009 05:40:00,1001.29,-7.80,265.26,-8.71,93.10,3.39,3.16,0.23,1.96,3.15,1312.91,0.28,0.75,17.82
03.01.2009 05:50:00,1001.31,-7.96,265.10,-8.80,93.60,3.35,3.13,0.21,1.95,3.13,1313.75,0.20,0.75,76.70
03.01.2009 06:00:00,1001.29,-8.20,264.86,-9.05,93.50,3.29,3.07,0.21,1.91,3.07,1314.93,0.47,1.75,221.40
03.01.2009 06:10:00,1001.20,-8.14,264.93,-8.94,93.90,3.30,3.10,0.20,1.93,3.10,1314.51,2.00,2.63,249.70
03.01.2009 06:20:00,1001.15,-7.92,265.15,-8.91,92.50,3.36,3.11,0.25,1.93,3.10,1313.34,2.58,3.13,240.60
03.01.2009 06:30:00,1001.13,-7.89,265.18,-9.13,90.70,3.37,3.05,0.31,1.90,3.05,1313.19,2.34,2.88,241.00
03.01.2009 06:40:00,1001.12,-7.97,265.11,-9.32,89.90,3.35,3.01,0.34,1.87,3.00,1313.61,1.95,2.63,243.20
03.01.2009 06:50:00,1001.07,-8.10,264.98,-9.48,89.70,3.31,2.97,0.34,1.85,2.97,1314.20,1.04,2.13,244.70
03.01.2009 07:00:00,1001.17,-8.48,264.59,-9.91,89.30,3.21,2.87,0.34,1.79,2.87,1316.27,1.32,2.25,229.70
03.01.2009 07:10:00,1001.22,-8.63,264.44,-9.88,90.60,3.18,2.88,0.30,1.79,2.88,1317.08,1.31,2.13,228.30
03.01.2009 07:20:00,1001.16,-8.61,264.46,-9.73,91.50,3.18,2.91,0.27,1.81,2.91,1316.88,1.41,1.88,233.60
03.01.2009 07:30:00,1001.16,-8.61,264.46,-9.73,91.50,3.18,2.91,0.27,1.81,2.91,1316.88,1.13,1.75,223.90
03.01.2009 07:40:00,1001.11,-8.85,264.23,-10.04,91.00,3.12,2.84,0.28,1.77,2.84,1318.04,1.08,2.25,207.90
03.01.2009 07:50:00,1001.03,-9.18,263.90,-10.41,90.70,3.04,2.76,0.28,1.72,2.76,1319.63,1.90,2.75,237.30
03.01.2009 08:00:00,1001.04,-9.28,263.80,-10.44,91.20,3.02,2.75,0.27,1.71,2.75,1320.15,0.85,1.75,219.70
03.01.2009 08:10:00,1000.99,-9.45,263.64,-10.62,91.10,2.98,2.71,0.27,1.69,2.71,1320.96,0.73,1.38,176.50
03.01.2009 08:20:00,1000.95,-9.81,263.28,-10.99,91.00,2.89,2.63,0.26,1.64,2.63,1322.74,0.90,1.75,215.20
03.01.2009 08:30:00,1000.91,-9.85,263.24,-10.95,91.60,2.89,2.64,0.24,1.64,2.64,1322.89,0.72,1.13,213.00
03.01.2009 08:40:00,1000.92,-9.71,263.38,-10.77,91.90,2.92,2.68,0.24,1.67,2.68,1322.18,0.93,1.25,207.70
03.01.2009 08:50:00,1000.92,-9.40,263.69,-10.45,92.00,2.99,2.75,0.24,1.71,2.75,1320.59,0.43,0.88,149.20
03.01.2009 09:00:00,1000.92,-9.46,263.63,-10.69,90.70,2.98,2.70,0.28,1.68,2.70,1320.91,0.79,1.50,177.80
03.01.2009 09:10:00,1000.92,-10.00,263.09,-11.36,89.70,2.85,2.56,0.29,1.59,2.55,1323.70,0.82,1.38,194.30
03.01.2009 09:20:00,1000.93,-9.93,263.16,-11.18,90.50,2.87,2.59,0.27,1.61,2.59,1323.34,0.68,1.13,201.50
03.01.2009 09:30:00,1000.85,-9.30,263.80,-10.55,90.50,3.01,2.73,0.29,1.70,2.73,1320.01,0.65,1.00,176.20
03.01.2009 09:40:00,1000.80,-8.83,264.27,-10.47,87.80,3.13,2.75,0.38,1.71,2.74,1317.59,0.72,1.00,163.70
03.01.2009 09:50:00,1000.71,-8.48,264.63,-10.56,84.80,3.21,2.73,0.49,1.70,2.72,1315.74,0.80,1.63,178.60
03.01.2009 10:00:00,1000.67,-8.53,264.58,-10.83,83.30,3.20,2.67,0.53,1.66,2.67,1315.96,1.08,1.88,167.50
03.01.2009 10:10:00,1000.64,-8.56,264.55,-10.68,84.50,3.19,2.70,0.50,1.68,2.70,1316.05,1.19,1.88,176.90
03.01.2009 10:20:00,1000.51,-8.47,264.65,-10.48,85.30,3.22,2.74,0.47,1.71,2.74,1315.41,1.28,2.13,172.10
03.01.2009 10:30:00,1000.37,-8.51,264.62,-10.53,85.20,3.21,2.73,0.47,1.70,2.73,1315.44,1.77,2.38,177.10
03.01.2009 10:40:00,1000.28,-8.41,264.73,-10.26,86.40,3.23,2.79,0.44,1.74,2.79,1314.79,1.49,2.25,177.80
03.01.2009 10:50:00,1000.15,-8.16,264.99,-10.01,86.40,3.30,2.85,0.45,1.77,2.85,1313.34,1.39,2.38,188.60
03.01.2009 11:00:00,1000.04,-7.87,265.29,-9.84,85.60,3.37,2.89,0.49,1.80,2.89,1311.75,1.34,2.25,172.10
03.01.2009 11:10:00,999.88,-7.52,265.65,-9.63,84.70,3.47,2.94,0.53,1.83,2.94,1309.78,1.09,1.63,191.40
03.01.2009 11:20:00,999.70,-7.29,265.89,-9.56,83.70,3.53,2.95,0.58,1.84,2.95,1308.41,1.38,2.25,178.90
03.01.2009 11:30:00,999.56,-6.89,266.31,-9.24,83.20,3.64,3.03,0.61,1.89,3.03,1306.20,1.28,1.88,182.50
03.01.2009 11:40:00,999.41,-6.56,266.65,-9.10,82.00,3.73,3.06,0.67,1.91,3.06,1304.38,1.42,2.13,189.70
03.01.2009 11:50:00,999.26,-6.32,266.90,-8.91,81.70,3.80,3.11,0.70,1.94,3.11,1302.99,1.27,1.88,204.80
03.01.2009 12:00:00,999.02,-5.96,267.28,-8.72,80.70,3.91,3.16,0.75,1.97,3.16,1300.90,1.31,1.88,213.90
03.01.2009 12:10:00,998.83,-5.78,267.47,-8.58,80.50,3.96,3.19,0.77,1.99,3.19,1299.79,1.30,2.00,198.50
03.01.2009 12:20:00,998.78,-5.15,268.10,-8.14,79.40,4.16,3.30,0.86,2.06,3.31,1296.61,1.15,1.75,188.50
03.01.2009 12:30:00,998.69,-4.34,268.92,-7.81,76.60,4.42,3.39,1.04,2.11,3.39,1292.53,1.54,2.13,182.10
03.01.2009 12:40:00,998.60,-3.77,269.50,-7.63,74.40,4.62,3.44,1.18,2.14,3.44,1289.65,1.46,2.13,184.80
03.01.2009 12:50:00,998.47,-3.27,270.01,-7.57,72.00,4.79,3.45,1.34,2.15,3.46,1287.11,1.62,2.38,163.70
03.01.2009 13:00:00,998.30,-2.82,270.47,-7.40,70.50,4.96,3.50,1.46,2.18,3.50,1284.70,1.52,2.25,180.50
03.01.2009 13:10:00,998.17,-2.23,271.07,-7.31,67.98,5.18,3.52,1.66,2.20,3.53,1281.75,1.53,2.25,166.30
03.01.2009 13:20:00,998.00,-2.37,270.95,-7.58,67.26,5.13,3.45,1.68,2.15,3.46,1282.21,1.69,2.38,155.50
03.01.2009 13:30:00,997.84,-2.11,271.22,-7.47,66.55,5.23,3.48,1.75,2.17,3.49,1280.76,1.62,2.25,157.60
03.01.2009 13:40:00,997.74,-1.66,271.68,-7.44,64.48,5.41,3.49,1.92,2.18,3.49,1278.50,1.59,2.38,153.90
03.01.2009 13:50:00,997.65,-1.43,271.91,-7.34,63.90,5.50,3.51,1.99,2.19,3.52,1277.29,0.97,2.13,357.20
03.01.2009 14:00:00,997.53,-2.15,271.20,-7.68,65.61,5.21,3.42,1.79,2.14,3.43,1280.57,0.88,1.50,60.25
03.01.2009 14:10:00,997.31,-2.74,270.63,-7.97,67.06,4.99,3.35,1.64,2.09,3.36,1283.13,1.63,2.63,117.20
03.01.2009 14:20:00,997.23,-2.29,271.09,-7.88,65.31,5.16,3.37,1.79,2.11,3.38,1280.86,1.18,3.13,187.80
03.01.2009 14:30:00,997.13,-1.66,271.72,-9.39,55.33,5.41,2.99,2.42,1.87,3.00,1277.96,2.82,4.25,229.10
03.01.2009 14:40:00,997.09,-1.52,271.87,-9.30,55.18,5.46,3.01,2.45,1.88,3.02,1277.23,1.73,2.25,193.20
03.01.2009 14:50:00,997.02,-0.90,272.49,-9.39,52.35,5.72,2.99,2.72,1.87,3.00,1274.27,1.52,2.25,194.90
03.01.2009 15:00:00,996.91,-0.82,272.59,-9.82,50.25,5.75,2.89,2.86,1.81,2.90,1273.76,1.34,2.25,209.10
03.01.2009 15:10:00,996.85,-1.37,272.04,-10.43,49.89,5.52,2.76,2.77,1.72,2.76,1276.35,1.42,2.13,219.50
03.01.2009 15:20:00,996.73,-1.91,271.50,-10.73,50.70,5.31,2.69,2.62,1.68,2.70,1278.79,1.70,2.50,221.00
03.01.2009 15:30:00,996.58,-2.28,271.14,-10.63,52.52,5.16,2.71,2.45,1.69,2.72,1280.32,1.67,2.63,224.20
03.01.2009 15:40:00,996.39,-2.24,271.20,-10.85,51.42,5.18,2.66,2.52,1.66,2.67,1279.91,1.97,2.75,228.30
03.01.2009 15:50:00,996.35,-2.32,271.12,-11.51,49.06,5.15,2.52,2.62,1.58,2.53,1280.33,1.60,2.38,236.20
03.01.2009 16:00:00,996.25,-2.80,270.65,-12.13,48.39,4.97,2.40,2.56,1.50,2.41,1282.51,1.82,2.50,240.60
03.01.2009 16:10:00,996.12,-3.64,269.82,-12.35,50.57,4.66,2.36,2.31,1.47,2.37,1286.34,2.08,3.00,244.90
03.01.2009 16:20:00,996.04,-3.98,269.49,-12.62,50.80,4.55,2.31,2.24,1.44,2.32,1287.91,2.60,3.25,238.70
03.01.2009 16:30:00,995.92,-4.18,269.30,-12.72,51.12,4.48,2.29,2.19,1.43,2.30,1288.71,2.45,3.13,242.60
03.01.2009 16:40:00,995.87,-4.35,269.13,-12.77,51.59,4.42,2.28,2.14,1.43,2.29,1289.47,2.53,3.25,241.40
03.01.2009 16:50:00,995.85,-4.52,268.96,-12.72,52.47,4.36,2.29,2.07,1.43,2.30,1290.25,2.37,3.25,242.30
03.01.2009 17:00:00,995.76,-4.69,268.80,-12.56,53.86,4.31,2.32,1.99,1.45,2.33,1290.94,2.63,3.50,248.80
03.01.2009 17:10:00,995.70,-4.63,268.86,-12.38,54.42,4.33,2.35,1.97,1.47,2.36,1290.57,3.01,3.88,249.60
03.01.2009 17:20:00,995.62,-4.60,268.90,-12.20,55.10,4.34,2.39,1.95,1.49,2.40,1290.30,3.64,4.88,255.70
03.01.2009 17:30:00,995.60,-4.31,269.19,-11.92,55.11,4.43,2.44,1.99,1.53,2.45,1288.86,3.26,4.38,252.60
03.01.2009 17:40:00,995.59,-4.18,269.32,-11.70,55.57,4.48,2.49,1.99,1.56,2.50,1288.21,3.15,4.63,250.80
03.01.2009 17:50:00,995.51,-4.16,269.34,-11.57,56.06,4.48,2.51,1.97,1.57,2.53,1287.99,3.44,4.75,253.20
03.01.2009 18:00:00,995.48,-4.08,269.43,-11.44,56.32,4.51,2.54,1.97,1.59,2.55,1287.53,3.12,4.63,250.50
03.01.2009 18:10:00,995.47,-3.98,269.53,-11.35,56.28,4.54,2.56,1.99,1.60,2.57,1287.06,2.49,3.88,244.50
03.01.2009 18:20:00,995.42,-3.91,269.60,-11.23,56.56,4.57,2.58,1.99,1.62,2.60,1286.64,2.29,3.25,247.50
03.01.2009 18:30:00,995.41,-3.90,269.62,-11.06,57.28,4.57,2.62,1.95,1.64,2.63,1286.55,1.83,2.75,240.90
03.01.2009 18:40:00,995.34,-3.90,269.62,-10.89,58.04,4.57,2.65,1.92,1.66,2.67,1286.44,1.82,2.50,246.70
03.01.2009 18:50:00,995.37,-3.87,269.65,-10.69,58.83,4.59,2.70,1.89,1.69,2.71,1286.30,1.73,2.38,243.60
03.01.2009 19:00:00,995.44,-3.78,269.73,-10.50,59.35,4.62,2.74,1.88,1.71,2.75,1285.95,0.96,2.13,236.30
03.01.2009 19:10:00,995.28,-3.77,269.75,-10.47,59.45,4.62,2.74,1.87,1.72,2.76,1285.72,1.15,1.88,173.70
03.01.2009 19:20:00,995.26,-3.95,269.58,-10.37,60.72,4.56,2.77,1.79,1.73,2.78,1286.51,1.15,2.13,185.10
03.01.2009 19:30:00,995.19,-3.90,269.63,-10.02,62.26,4.57,2.85,1.73,1.78,2.86,1286.16,0.78,1.75,185.90
03.01.2009 19:40:00,995.15,-3.75,269.79,-9.72,63.02,4.63,2.92,1.71,1.82,2.93,1285.34,0.90,2.00,145.90
03.01.2009 19:50:00,995.07,-3.81,269.74,-9.58,63.99,4.61,2.95,1.66,1.84,2.96,1285.50,1.30,2.25,124.30
03.01.2009 20:00:00,994.94,-3.84,269.72,-9.56,64.22,4.60,2.95,1.64,1.85,2.97,1285.48,0.91,2.13,143.40
03.01.2009 20:10:00,994.76,-3.88,269.69,-9.47,64.90,4.58,2.97,1.61,1.86,2.99,1285.44,0.52,1.13,111.00
03.01.2009 20:20:00,994.65,-3.67,269.90,-9.00,66.32,4.65,3.09,1.57,1.93,3.10,1284.27,1.16,3.25,2.64
03.01.2009 20:30:00,994.64,-3.30,270.27,-8.75,65.81,4.78,3.15,1.64,1.97,3.17,1282.45,0.78,1.88,176.30
03.01.2009 20:40:00,994.57,-3.34,270.24,-8.67,66.42,4.77,3.17,1.60,1.98,3.19,1282.54,0.69,1.63,151.90
03.01.2009 20:50:00,994.45,-3.24,270.35,-8.58,66.37,4.81,3.19,1.62,2.00,3.21,1281.89,0.93,1.88,231.80
03.01.2009 21:00:00,994.30,-3.15,270.45,-8.48,66.47,4.84,3.22,1.62,2.01,3.23,1281.27,0.97,2.00,220.00
03.01.2009 21:10:00,994.23,-3.07,270.54,-8.36,66.65,4.87,3.25,1.62,2.03,3.26,1280.75,1.42,2.50,226.10
03.01.2009 21:20:00,994.20,-2.93,270.68,-8.24,66.56,4.92,3.28,1.65,2.05,3.29,1280.04,1.40,2.88,237.00
03.01.2009 21:30:00,994.04,-2.78,270.84,-8.14,66.40,4.97,3.30,1.67,2.07,3.32,1279.14,1.37,2.50,228.00
03.01.2009 21:40:00,994.08,-2.76,270.86,-8.08,66.63,4.98,3.32,1.66,2.08,3.34,1279.09,1.37,2.50,226.30
03.01.2009 21:50:00,994.06,-2.76,270.86,-7.99,67.09,4.98,3.34,1.64,2.09,3.36,1279.05,1.20,2.25,206.40
03.01.2009 22:00:00,994.06,-2.76,270.86,-7.88,67.66,4.98,3.37,1.61,2.11,3.39,1279.04,1.03,2.00,214.80
03.01.2009 22:10:00,994.01,-2.71,270.92,-7.74,68.08,5.00,3.41,1.60,2.13,3.43,1278.68,1.08,2.25,233.90
03.01.2009 22:20:00,993.77,-2.67,270.98,-7.61,68.59,5.02,3.44,1.58,2.16,3.46,1278.18,1.73,2.50,217.60
03.01.2009 22:30:00,993.61,-2.69,270.97,-7.53,69.12,5.01,3.46,1.55,2.17,3.48,1278.06,1.31,2.13,217.00
03.01.2009 22:40:00,993.54,-2.70,270.97,-7.40,69.86,5.01,3.50,1.51,2.19,3.52,1277.99,1.23,2.50,219.80
03.01.2009 22:50:00,993.43,-2.64,271.04,-7.15,70.90,5.03,3.57,1.46,2.24,3.59,1277.52,1.44,2.88,224.40
03.01.2009 23:00:00,993.28,-2.58,271.10,-7.05,71.20,5.05,3.59,1.45,2.25,3.62,1277.07,1.60,4.25,237.70
03.01.2009 23:10:00,993.14,-2.46,271.23,-6.93,71.20,5.09,3.63,1.47,2.27,3.65,1276.32,1.69,2.75,233.60
03.01.2009 23:20:00,993.13,-2.33,271.37,-6.79,71.30,5.15,3.67,1.48,2.30,3.69,1275.64,1.05,2.75,199.20
03.01.2009 23:30:00,993.14,-2.12,271.58,-6.59,71.30,5.23,3.73,1.50,2.34,3.75,1274.64,1.19,2.25,81.30
03.01.2009 23:40:00,993.13,-1.97,271.73,-6.49,71.00,5.28,3.75,1.53,2.35,3.78,1273.90,1.26,2.75,23.71
03.01.2009 23:50:00,993.05,-1.90,271.80,-6.46,70.80,5.31,3.76,1.55,2.36,3.79,1273.47,1.56,2.75,119.80
04.01.2009 00:00:00,992.93,-1.90,271.81,-6.39,71.20,5.31,3.78,1.53,2.37,3.81,1273.31,1.47,2.50,147.60
04.01.2009 00:10:00,992.79,-1.83,271.89,-6.29,71.40,5.34,3.81,1.53,2.39,3.84,1272.79,1.44,2.63,214.10
04.01.2009 00:20:00,992.67,-1.70,272.03,-6.09,71.80,5.39,3.87,1.52,2.43,3.90,1272.00,1.04,2.63,188.80
04.01.2009 00:30:00,992.57,-1.60,272.14,-5.92,72.20,5.43,3.92,1.51,2.46,3.95,1271.37,1.60,3.50,176.60
04.01.2009 00:40:00,992.54,-1.55,272.19,-5.72,73.10,5.45,3.98,1.47,2.50,4.01,1271.10,1.06,2.38,215.70
04.01.2009 00:50:00,992.41,-1.46,272.29,-5.61,73.20,5.49,4.02,1.47,2.52,4.05,1270.49,1.90,4.75,243.60
04.01.2009 01:00:00,992.19,-1.42,272.35,-5.61,73.00,5.50,4.02,1.49,2.52,4.05,1270.01,2.77,4.75,232.10
04.01.2009 01:10:00,992.09,-1.49,272.28,-5.25,75.40,5.47,4.13,1.35,2.59,4.16,1270.17,3.25,4.63,246.70
04.01.2009 01:20:00,991.98,-2.01,271.77,-4.42,83.50,5.27,4.40,0.87,2.76,4.43,1272.33,2.63,5.50,238.00
04.01.2009 01:30:00,991.97,-2.32,271.47,-4.08,87.60,5.15,4.51,0.64,2.83,4.55,1273.68,1.70,3.50,229.40
04.01.2009 01:40:00,991.85,-2.37,271.42,-3.88,89.30,5.13,4.58,0.55,2.88,4.62,1273.77,2.18,4.13,231.20
04.01.2009 01:50:00,991.84,-2.32,271.48,-3.72,90.00,5.15,4.63,0.51,2.91,4.67,1273.46,2.13,4.00,228.40
04.01.2009 02:00:00,991.76,-2.22,271.58,-3.61,90.10,5.19,4.67,0.51,2.94,4.71,1272.89,1.82,4.75,201.90
04.01.2009 02:10:00,991.73,-2.09,271.72,-3.53,89.80,5.24,4.70,0.53,2.96,4.74,1272.20,1.29,3.25,138.00
04.01.2009 02:20:00,991.65,-2.04,271.77,-3.51,89.60,5.26,4.71,0.55,2.96,4.75,1271.87,1.36,2.25,124.60
04.01.2009 02:30:00,991.58,-2.25,271.56,-3.73,89.50,5.17,4.63,0.54,2.91,4.67,1272.82,1.24,2.75,118.60
04.01.2009 02:40:00,991.49,-2.54,271.29,-3.87,90.50,5.07,4.58,0.48,2.88,4.62,1274.06,1.35,2.88,62.46
04.01.2009 02:50:00,991.36,-2.26,271.58,-3.50,91.10,5.17,4.71,0.46,2.96,4.75,1272.52,0.99,2.00,114.50
04.01.2009 03:00:00,991.26,-2.20,271.64,-3.52,90.60,5.20,4.71,0.49,2.96,4.75,1272.12,0.87,1.88,94.40
04.01.2009 03:10:00,991.24,-2.16,271.68,-3.48,90.60,5.21,4.72,0.49,2.97,4.76,1271.91,1.04,3.00,112.50
04.01.2009 03:20:00,991.15,-2.05,271.80,-3.36,90.70,5.25,4.76,0.49,3.00,4.81,1271.25,0.87,2.88,153.80
04.01.2009 03:30:00,991.09,-1.90,271.96,-3.31,90.00,5.31,4.78,0.53,3.01,4.82,1270.47,1.01,2.13,167.60
04.01.2009 03:40:00,991.00,-1.79,272.08,-3.26,89.60,5.36,4.80,0.56,3.02,4.84,1269.82,1.18,3.13,230.60
04.01.2009 03:50:00,990.89,-1.79,272.08,-3.31,89.30,5.35,4.78,0.57,3.01,4.82,1269.71,1.46,3.75,190.30
04.01.2009 04:00:00,990.83,-1.88,272.00,-3.29,90.00,5.32,4.79,0.53,3.01,4.83,1270.02,0.62,1.75,167.30
04.01.2009 04:10:00,990.74,-1.87,272.01,-3.24,90.30,5.32,4.81,0.52,3.02,4.85,1269.87,0.83,2.00,83.60
04.01.2009 04:20:00,990.69,-1.78,272.10,-3.09,90.70,5.36,4.86,0.50,3.06,4.90,1269.37,1.69,3.50,217.90
04.01.2009 04:30:00,990.63,-1.66,272.24,-2.98,90.60,5.41,4.90,0.51,3.08,4.95,1268.68,0.83,1.63,174.10
04.01.2009 04:40:00,990.50,-1.64,272.27,-2.96,90.60,5.42,4.91,0.51,3.09,4.95,1268.42,0.88,1.88,203.30
04.01.2009 04:50:00,990.45,-1.64,272.27,-2.92,90.90,5.42,4.92,0.49,3.10,4.97,1268.35,1.07,1.88,200.30
04.01.2009 05:00:00,990.37,-1.64,272.28,-2.87,91.20,5.42,4.94,0.48,3.11,4.99,1268.23,1.31,3.13,215.40
04.01.2009 05:10:00,990.33,-1.50,272.41,-2.77,91.00,5.47,4.98,0.49,3.13,5.03,1267.55,1.24,3.50,201.60
04.01.2009 05:20:00,990.25,-1.44,272.48,-2.72,90.90,5.50,5.00,0.50,3.14,5.05,1267.13,1.48,3.13,236.50
04.01.2009 05:30:00,990.22,-1.47,272.46,-2.74,91.00,5.48,4.99,0.49,3.14,5.04,1267.23,1.15,2.25,174.20
04.01.2009 05:40:00,990.20,-1.49,272.44,-2.70,91.40,5.48,5.01,0.47,3.15,5.06,1267.28,1.17,2.25,158.40
04.01.2009 05:50:00,990.09,-1.44,272.50,-2.64,91.50,5.50,5.03,0.47,3.17,5.08,1266.91,1.24,2.63,205.50
04.01.2009 06:00:00,989.99,-1.44,272.50,-2.66,91.30,5.50,5.02,0.48,3.16,5.07,1266.78,1.00,2.38,200.90
04.01.2009 06:10:00,989.96,-1.44,272.51,-2.68,91.20,5.50,5.01,0.48,3.16,5.06,1266.74,1.47,3.75,221.30
04.01.2009 06:20:00,989.95,-1.39,272.55,-2.66,91.00,5.51,5.02,0.50,3.16,5.07,1266.52,1.48,3.00,231.00
04.01.2009 06:30:00,989.92,-1.33,272.62,-2.63,90.80,5.54,5.03,0.51,3.17,5.08,1266.18,1.34,2.63,239.80
04.01.2009 06:40:00,989.94,-1.25,272.69,-2.66,90.10,5.57,5.02,0.55,3.16,5.07,1265.86,1.36,3.13,226.30
04.01.2009 06:50:00,989.88,-1.14,272.81,-2.65,89.40,5.62,5.02,0.60,3.16,5.07,1265.24,2.48,7.13,254.40
04.01.2009 07:00:00,989.90,-1.09,272.86,-2.65,89.10,5.64,5.02,0.61,3.16,5.08,1265.04,2.75,5.75,246.80
04.01.2009 07:10:00,989.93,-1.00,272.95,-2.62,88.70,5.68,5.04,0.64,3.17,5.09,1264.65,3.95,6.88,255.80
04.01.2009 07:20:00,989.96,-0.92,273.03,-2.58,88.40,5.71,5.05,0.66,3.18,5.10,1264.30,2.68,5.63,257.00
04.01.2009 07:30:00,990.00,-0.90,273.04,-2.55,88.50,5.72,5.06,0.66,3.18,5.11,1264.29,3.25,5.50,251.20
04.01.2009 07:40:00,990.03,-0.86,273.08,-2.51,88.50,5.73,5.08,0.66,3.19,5.13,1264.12,2.58,5.50,249.90
04.01.2009 07:50:00,989.97,-0.90,273.05,-2.50,88.80,5.72,5.08,0.64,3.20,5.13,1264.22,2.30,4.75,256.70
04.01.2009 08:00:00,989.92,-0.89,273.06,-2.45,89.10,5.72,5.10,0.62,3.21,5.15,1264.12,2.93,5.00,242.60
04.01.2009 08:10:00,989.96,-0.81,273.14,-2.45,88.60,5.76,5.10,0.66,3.21,5.15,1263.78,2.32,5.00,251.20
04.01.2009 08:20:00,989.95,-0.76,273.19,-2.49,88.00,5.78,5.08,0.69,3.20,5.14,1263.54,1.98,4.13,231.50
04.01.2009 08:30:00,989.97,-0.70,273.24,-2.51,87.50,5.80,5.08,0.73,3.20,5.13,1263.32,2.12,4.13,254.90
04.01.2009 08:40:00,989.97,-0.70,273.24,-2.57,87.10,5.80,5.05,0.75,3.18,5.10,1263.32,1.80,3.88,243.40
04.01.2009 08:50:00,989.90,-0.76,273.19,-2.69,86.70,5.78,5.01,0.77,3.15,5.06,1263.53,1.53,3.13,232.40
04.01.2009 09:00:00,989.95,-0.72,273.23,-2.73,86.20,5.79,4.99,0.80,3.14,5.04,1263.42,1.70,3.88,254.00
04.01.2009 09:10:00,989.95,-0.90,273.05,-2.84,86.60,5.72,4.95,0.77,3.12,5.00,1264.26,2.71,5.13,220.70
04.01.2009 09:20:00,989.89,-1.21,272.74,-2.79,88.90,5.59,4.97,0.62,3.13,5.02,1265.61,1.77,4.00,225.50
04.01.2009 09:30:00,989.87,-1.31,272.64,-2.74,89.90,5.55,4.99,0.56,3.14,5.04,1266.05,1.67,2.50,212.10
04.01.2009 09:40:00,989.87,-1.37,272.58,-2.79,90.00,5.52,4.97,0.55,3.13,5.02,1266.33,2.87,5.13,231.40
04.01.2009 09:50:00,989.86,-1.37,272.58,-2.79,90.00,5.52,4.97,0.55,3.13,5.02,1266.33,2.90,5.00,225.40
04.01.2009 10:00:00,989.86,-1.37,272.59,-2.71,90.50,5.53,5.00,0.52,3.15,5.05,1266.28,2.59,4.50,232.90
04.01.2009 10:10:00,989.87,-1.30,272.66,-2.64,90.50,5.55,5.03,0.53,3.16,5.08,1265.96,2.44,4.50,221.70
04.01.2009 10:20:00,989.86,-1.20,272.75,-2.61,90.10,5.59,5.04,0.55,3.17,5.09,1265.51,2.65,4.13,224.80
04.01.2009 10:30:00,989.83,-1.14,272.81,-2.54,90.20,5.62,5.07,0.55,3.19,5.12,1265.19,2.44,4.13,236.40
04.01.2009 10:40:00,989.76,-1.10,272.86,-2.48,90.30,5.63,5.09,0.55,3.20,5.14,1264.90,2.44,4.13,235.60
04.01.2009 10:50:00,989.76,-1.10,272.86,-2.51,90.10,5.63,5.08,0.56,3.20,5.13,1264.89,2.58,4.25,237.30
04.01.2009 11:00:00,989.64,-1.10,272.87,-2.53,90.00,5.63,5.07,0.56,3.19,5.12,1264.75,2.38,4.50,234.60
04.01.2009 11:10:00,989.49,-1.12,272.86,-2.53,90.10,5.63,5.07,0.56,3.19,5.12,1264.63,2.14,5.13,223.90
04.01.2009 11:20:00,989.38,-1.11,272.88,-2.47,90.40,5.63,5.09,0.54,3.21,5.15,1264.43,2.58,4.50,229.30
04.01.2009 11:30:00,989.29,-1.10,272.90,-2.44,90.60,5.63,5.10,0.53,3.22,5.16,1264.29,2.19,5.13,224.20
04.01.2009 11:40:00,989.14,-1.16,272.85,-2.42,91.10,5.61,5.11,0.50,3.22,5.17,1264.36,1.92,4.63,225.00
04.01.2009 11:50:00,989.03,-1.17,272.85,-2.36,91.60,5.60,5.13,0.47,3.23,5.19,1264.26,1.97,4.13,222.50
04.01.2009 12:00:00,988.94,-1.21,272.82,-2.36,91.80,5.59,5.13,0.46,3.23,5.19,1264.30,1.99,3.88,225.80
04.01.2009 12:10:00,988.78,-1.12,272.92,-2.29,91.70,5.62,5.16,0.47,3.25,5.22,1263.70,2.07,4.50,232.30
04.01.2009 12:20:00,988.62,-0.99,273.06,-2.27,91.00,5.68,5.17,0.51,3.26,5.23,1262.88,2.43,5.13,231.40
04.01.2009 12:30:00,988.49,-0.94,273.12,-2.39,89.80,5.70,5.12,0.58,3.23,5.18,1262.50,2.58,4.50,233.20
04.01.2009 12:40:00,988.34,-0.86,273.22,-2.43,89.00,5.74,5.10,0.63,3.22,5.17,1261.93,2.40,4.38,225.10
04.01.2009 12:50:00,988.20,-0.92,273.16,-2.53,88.80,5.71,5.07,0.64,3.20,5.13,1262.07,3.04,6.38,226.90
04.01.2009 13:00:00,988.07,-1.02,273.08,-2.53,89.40,5.67,5.07,0.60,3.20,5.13,1262.35,3.08,6.50,227.60
04.01.2009 13:10:00,987.96,-0.99,273.11,-2.46,89.70,5.68,5.09,0.59,3.21,5.16,1262.07,2.22,3.63,225.20
04.01.2009 13:20:00,987.88,-1.00,273.11,-2.50,89.50,5.68,5.08,0.60,3.21,5.14,1262.01,3.13,5.75,236.70
04.01.2009 13:30:00,987.88,-1.04,273.07,-2.51,89.70,5.66,5.08,0.58,3.20,5.14,1262.19,2.30,4.50,228.50
04.01.2009 13:40:00,987.81,-0.99,273.13,-2.43,89.90,5.68,5.11,0.57,3.22,5.17,1261.86,1.38,3.50,235.40
04.01.2009 13:50:00,987.69,-0.83,273.29,-2.32,89.60,5.75,5.15,0.60,3.25,5.21,1260.96,1.12,2.50,209.10
04.01.2009 14:00:00,987.57,-0.77,273.37,-2.33,89.10,5.77,5.14,0.63,3.25,5.21,1260.53,1.50,2.88,229.60
04.01.2009 14:10:00,987.51,-0.79,273.35,-2.44,88.50,5.77,5.10,0.66,3.22,5.17,1260.54,2.31,5.00,214.50
04.01.2009 14:20:00,987.38,-0.87,273.28,-2.57,88.20,5.73,5.05,0.68,3.19,5.12,1260.80,2.81,4.63,209.90
04.01.2009 14:30:00,987.23,-0.90,273.26,-2.67,87.70,5.72,5.01,0.70,3.17,5.08,1260.76,3.71,5.75,215.20
04.01.2009 14:40:00,987.15,-0.90,273.27,-2.71,87.40,5.72,5.00,0.72,3.16,5.06,1260.64,2.99,6.00,211.80
04.01.2009 14:50:00,987.13,-0.79,273.38,-2.63,87.30,5.76,5.03,0.73,3.18,5.10,1260.12,1.60,3.00,220.20
04.01.2009 15:00:00,987.03,-0.70,273.48,-2.52,87.40,5.80,5.07,0.73,3.20,5.14,1259.56,0.61,1.88,249.10
04.01.2009 15:10:00,987.00,-0.63,273.55,-2.49,87.20,5.83,5.09,0.75,3.21,5.15,1259.19,1.17,3.00,189.80
04.01.2009 15:20:00,986.95,-0.75,273.44,-2.61,87.10,5.78,5.04,0.75,3.18,5.10,1259.67,1.23,2.63,204.70
04.01.2009 15:30:00,986.90,-0.84,273.35,-2.63,87.60,5.74,5.03,0.71,3.18,5.10,1260.04,1.01,2.13,213.70
04.01.2009 15:40:00,986.79,-0.96,273.24,-2.70,87.90,5.69,5.00,0.69,3.16,5.07,1260.47,2.04,3.25,222.10
04.01.2009 15:50:00,986.78,-1.02,273.18,-2.72,88.20,5.67,5.00,0.67,3.16,5.07,1260.74,1.14,3.13,229.90
04.01.2009 16:00:00,986.69,-1.05,273.15,-2.70,88.50,5.65,5.00,0.65,3.16,5.07,1260.77,1.03,2.13,192.80
04.01.2009 16:10:00,986.65,-1.13,273.07,-2.80,88.40,5.62,4.97,0.65,3.14,5.04,1261.11,2.18,3.63,230.80
04.01.2009 16:20:00,986.63,-1.22,272.99,-2.82,88.80,5.59,4.96,0.63,3.13,5.03,1261.49,1.19,3.25,231.80
04.01.2009 16:30:00,986.63,-1.29,272.92,-2.83,89.20,5.56,4.96,0.60,3.13,5.02,1261.81,1.59,4.25,228.20
04.01.2009 16:40:00,986.65,-1.40,272.81,-2.83,89.90,5.51,4.96,0.56,3.13,5.02,1262.35,1.67,3.50,231.30
04.01.2009 16:50:00,986.59,-1.44,272.77,-2.80,90.40,5.50,4.97,0.53,3.14,5.04,1262.45,1.40,2.63,211.40
04.01.2009 17:00:00,986.54,-1.46,272.76,-2.77,90.70,5.49,4.98,0.51,3.14,5.05,1262.46,1.10,2.25,220.70
04.01.2009 17:10:00,986.45,-1.41,272.81,-2.70,90.90,5.51,5.00,0.50,3.16,5.07,1262.14,1.17,3.50,245.10
04.01.2009 17:20:00,986.48,-1.44,272.78,-2.69,91.10,5.50,5.01,0.49,3.16,5.08,1262.29,0.86,2.75,190.70
04.01.2009 17:30:00,986.39,-1.42,272.81,-2.65,91.30,5.50,5.02,0.48,3.17,5.09,1262.09,0.54,1.38,225.50
04.01.2009 17:40:00,986.24,-1.45,272.79,-2.66,91.40,5.49,5.02,0.47,3.17,5.09,1262.01,1.15,2.50,211.60
04.01.2009 17:50:00,986.17,-1.49,272.75,-2.70,91.40,5.47,5.00,0.47,3.16,5.07,1262.13,1.60,2.88,237.20
04.01.2009 18:00:00,986.15,-1.51,272.74,-2.73,91.30,5.47,4.99,0.48,3.16,5.06,1262.18,1.39,2.50,217.00
04.01.2009 18:10:00,986.07,-1.51,272.74,-2.73,91.30,5.47,4.99,0.48,3.15,5.06,1262.10,1.09,2.25,189.60
04.01.2009 18:20:00,986.05,-1.51,272.75,-2.67,91.70,5.47,5.01,0.45,3.17,5.09,1262.04,0.95,2.63,180.40
04.01.2009 18:30:00,986.04,-1.56,272.70,-2.71,91.80,5.45,5.00,0.45,3.16,5.07,1262.29,1.36,3.25,206.00
04.01.2009 18:40:00,985.98,-1.57,272.69,-2.69,92.00,5.44,5.01,0.44,3.16,5.08,1262.27,0.79,1.88,220.90
04.01.2009 18:50:00,985.93,-1.58,272.69,-2.70,92.00,5.44,5.01,0.44,3.16,5.08,1262.23,1.72,4.25,218.70
04.01.2009 19:00:00,985.92,-1.62,272.64,-2.73,92.10,5.42,4.99,0.43,3.16,5.07,1262.42,0.97,2.25,191.30
04.01.2009 19:10:00,985.83,-1.56,272.71,-2.65,92.20,5.45,5.02,0.42,3.17,5.09,1262.01,1.56,3.00,210.90
04.01.2009 19:20:00,985.81,-1.63,272.64,-2.73,92.20,5.42,4.99,0.42,3.16,5.07,1262.35,1.47,3.88,219.30
04.01.2009 19:30:00,985.83,-1.60,272.67,-2.68,92.30,5.43,5.01,0.42,3.17,5.08,1262.21,1.15,3.50,227.40
04.01.2009 19:40:00,985.77,-1.58,272.69,-2.68,92.20,5.44,5.01,0.42,3.17,5.09,1262.04,1.44,2.38,218.10
04.01.2009 19:50:00,985.69,-1.61,272.67,-2.70,92.20,5.43,5.00,0.42,3.16,5.08,1262.09,2.06,3.38,227.50
04.01.2009 20:00:00,985.68,-1.56,272.72,-2.66,92.20,5.45,5.02,0.42,3.17,5.09,1261.83,1.76,3.25,223.00
04.01.2009 20:10:00,985.67,-1.51,272.78,-2.63,92.00,5.47,5.03,0.44,3.18,5.10,1261.55,1.29,2.88,221.50
04.01.2009 20:20:00,985.67,-1.45,272.83,-2.56,92.10,5.49,5.06,0.43,3.20,5.13,1261.29,0.79,1.88,249.00
04.01.2009 20:30:00,985.65,-1.51,272.78,-2.58,92.30,5.47,5.05,0.42,3.19,5.12,1261.52,1.36,3.13,229.20
04.01.2009 20:40:00,985.56,-1.51,272.79,-2.56,92.50,5.47,5.06,0.41,3.20,5.13,1261.40,1.47,3.75,213.90
04.01.2009 20:50:00,985.50,-1.51,272.79,-2.54,92.60,5.47,5.06,0.40,3.20,5.14,1261.32,1.97,4.25,236.80
04.01.2009 21:00:00,985.45,-1.51,272.80,-2.51,92.80,5.47,5.08,0.39,3.21,5.15,1261.25,1.89,4.13,220.50
04.01.2009 21:10:00,985.46,-1.51,272.80,-2.48,93.00,5.47,5.09,0.38,3.22,5.16,1261.25,2.20,3.50,223.10
04.01.2009 21:20:00,985.43,-1.51,272.80,-2.47,93.10,5.47,5.09,0.38,3.22,5.17,1261.21,1.37,3.25,200.70
04.01.2009 21:30:00,985.43,-1.49,272.82,-2.44,93.20,5.48,5.10,0.37,3.23,5.18,1261.12,1.05,3.38,211.20
04.01.2009 21:40:00,985.41,-1.44,272.87,-2.37,93.30,5.50,5.13,0.37,3.24,5.20,1260.86,0.82,2.25,177.00
04.01.2009 21:50:00,985.43,-1.44,272.87,-2.34,93.50,5.50,5.14,0.36,3.25,5.21,1260.88,0.81,2.75,146.50
04.01.2009 22:00:00,985.43,-1.43,272.88,-2.31,93.70,5.50,5.15,0.35,3.26,5.23,1260.82,0.88,3.38,144.80
04.01.2009 22:10:00,985.38,-1.38,272.92,-2.26,93.70,5.52,5.17,0.35,3.27,5.25,1260.54,0.75,2.25,227.00
04.01.2009 22:20:00,985.32,-1.45,272.86,-2.33,93.70,5.49,5.15,0.35,3.25,5.22,1260.78,1.45,2.88,226.50
04.01.2009 22:30:00,985.31,-1.51,272.81,-2.37,93.80,5.47,5.13,0.34,3.24,5.21,1261.04,1.79,3.25,205.60
04.01.2009 22:40:00,985.31,-1.46,272.86,-2.31,93.90,5.49,5.15,0.33,3.26,5.23,1260.81,1.86,4.50,204.60
04.01.2009 22:50:00,985.31,-1.44,272.87,-2.32,93.70,5.50,5.15,0.35,3.26,5.23,1260.72,2.06,3.63,224.30
04.01.2009 23:00:00,985.27,-1.44,272.87,-2.35,93.50,5.49,5.14,0.36,3.25,5.21,1260.69,1.47,3.13,212.50
04.01.2009 23:10:00,985.20,-1.44,272.88,-2.36,93.40,5.50,5.13,0.36,3.25,5.21,1260.59,1.59,3.00,229.00
04.01.2009 23:20:00,985.19,-1.42,272.90,-2.36,93.30,5.50,5.13,0.37,3.25,5.21,1260.50,1.12,2.63,217.00
04.01.2009 23:30:00,985.19,-1.44,272.88,-2.42,93.00,5.50,5.11,0.38,3.23,5.19,1260.58,1.50,3.25,234.90
04.01.2009 23:40:00,985.18,-1.46,272.87,-2.45,92.90,5.49,5.10,0.39,3.23,5.18,1260.66,1.50,2.63,236.20
04.01.2009 23:50:00,985.12,-1.50,272.83,-2.48,93.00,5.47,5.09,0.38,3.22,5.16,1260.79,1.28,2.50,231.40
05.01.2009 00:00:00,985.07,-1.47,272.86,-2.45,93.00,5.48,5.10,0.38,3.23,5.18,1260.58,1.42,3.00,239.80
05.01.2009 00:10:00,985.06,-1.50,272.83,-2.51,92.80,5.47,5.08,0.39,3.21,5.15,1260.74,1.59,3.50,231.00
05.01.2009 00:20:00,985.04,-1.52,272.81,-2.51,92.90,5.46,5.07,0.39,3.21,5.15,1260.79,1.48,2.88,248.80
05.01.2009 00:30:00,984.96,-1.56,272.78,-2.52,93.10,5.45,5.07,0.38,3.21,5.15,1260.85,1.55,3.25,235.00
05.01.2009 00:40:00,984.94,-1.56,272.78,-2.51,93.20,5.45,5.08,0.37,3.21,5.15,1260.86,1.77,4.25,251.10
05.01.2009 00:50:00,984.83,-1.57,272.78,-2.55,93.00,5.44,5.06,0.38,3.20,5.14,1260.77,2.12,4.25,256.90
05.01.2009 01:00:00,984.74,-1.57,272.79,-2.58,92.80,5.44,5.05,0.39,3.20,5.13,1260.66,2.55,4.75,245.30
05.01.2009 01:10:00,984.65,-1.57,272.79,-2.61,92.60,5.44,5.04,0.40,3.19,5.12,1260.55,2.84,4.63,250.10
05.01.2009 01:20:00,984.60,-1.58,272.79,-2.65,92.40,5.44,5.02,0.41,3.18,5.10,1260.53,2.98,5.00,254.10
05.01.2009 01:30:00,984.61,-1.57,272.80,-2.65,92.30,5.44,5.02,0.42,3.18,5.10,1260.51,2.77,5.00,257.80
05.01.2009 01:40:00,984.65,-1.60,272.77,-2.69,92.20,5.43,5.01,0.42,3.17,5.09,1260.68,3.00,4.38,258.30
05.01.2009 01:50:00,984.74,-1.63,272.73,-2.71,92.30,5.42,5.00,0.42,3.17,5.08,1260.94,2.95,5.63,253.40
05.01.2009 02:00:00,984.82,-1.60,272.75,-2.71,92.10,5.43,5.00,0.43,3.17,5.08,1260.91,2.52,4.38,262.40
05.01.2009 02:10:00,984.90,-1.57,272.77,-2.74,91.70,5.44,4.99,0.45,3.16,5.07,1260.89,2.71,4.75,263.90
05.01.2009 02:20:00,984.99,-1.54,272.80,-2.78,91.20,5.45,4.97,0.48,3.15,5.05,1260.87,2.53,4.38,264.80
05.01.2009 02:30:00,985.06,-1.50,272.83,-2.87,90.30,5.47,4.94,0.53,3.12,5.01,1260.80,2.19,4.25,259.60
05.01.2009 02:40:00,985.11,-1.46,272.87,-3.02,89.00,5.49,4.88,0.60,3.09,4.96,1260.67,2.47,4.75,270.30
05.01.2009 02:50:00,985.09,-1.44,272.89,-3.22,87.60,5.49,4.81,0.68,3.04,4.89,1260.62,2.89,4.63,255.20
05.01.2009 03:00:00,985.10,-1.50,272.83,-3.34,87.20,5.47,4.77,0.70,3.02,4.84,1260.92,3.06,5.38,258.30
05.01.2009 03:10:00,985.17,-1.53,272.79,-3.42,86.90,5.46,4.74,0.72,3.00,4.81,1261.17,3.25,4.63,260.10
05.01.2009 03:20:00,985.28,-1.57,272.75,-3.45,86.90,5.44,4.73,0.71,2.99,4.80,1261.49,2.89,4.75,260.20
05.01.2009 03:30:00,985.35,-1.61,272.70,-3.48,87.00,5.43,4.72,0.71,2.98,4.79,1261.79,2.79,4.63,261.60
05.01.2009 03:40:00,985.47,-1.64,272.66,-3.45,87.40,5.41,4.73,0.68,2.99,4.80,1262.07,3.12,4.50,255.90
05.01.2009 03:50:00,985.50,-1.70,272.60,-3.38,88.20,5.39,4.75,0.64,3.01,4.82,1262.37,3.23,5.13,261.70
05.01.2009 04:00:00,985.47,-1.76,272.54,-3.32,89.00,5.37,4.78,0.59,3.02,4.85,1262.61,2.74,6.25,258.90
05.01.2009 04:10:00,985.44,-1.77,272.53,-3.22,89.70,5.36,4.81,0.55,3.04,4.88,1262.57,3.11,5.63,260.90
05.01.2009 04:20:00,985.51,-1.80,272.49,-3.25,89.80,5.35,4.80,0.55,3.04,4.87,1262.84,2.86,4.25,257.00
05.01.2009 04:30:00,985.57,-1.81,272.48,-3.28,89.60,5.35,4.79,0.56,3.03,4.86,1262.96,2.86,4.63,259.60
05.01.2009 04:40:00,985.65,-1.77,272.52,-3.32,89.10,5.36,4.78,0.58,3.02,4.85,1262.87,2.58,5.00,253.00
05.01.2009 04:50:00,985.64,-1.77,272.52,-3.39,88.60,5.36,4.75,0.61,3.01,4.82,1262.85,2.85,5.50,256.00
05.01.2009 05:00:00,985.57,-1.77,272.53,-3.45,88.20,5.36,4.73,0.63,2.99,4.80,1262.78,3.35,5.50,259.50
05.01.2009 05:10:00,985.64,-1.77,272.52,-3.46,88.10,5.36,4.73,0.64,2.99,4.80,1262.87,3.35,5.00,258.40
05.01.2009 05:20:00,985.59,-1.76,272.53,-3.48,88.00,5.37,4.72,0.64,2.99,4.79,1262.80,3.53,5.13,259.90
05.01.2009 05:30:00,985.59,-1.76,272.53,-3.45,88.20,5.37,4.73,0.63,2.99,4.80,1262.79,3.15,4.25,257.40
05.01.2009 05:40:00,985.75,-1.76,272.51,-3.45,88.20,5.37,4.73,0.63,2.99,4.80,1263.00,2.62,4.50,256.40
05.01.2009 05:50:00,985.89,-1.76,272.50,-3.48,88.00,5.37,4.72,0.64,2.98,4.79,1263.18,2.16,3.63,261.10
05.01.2009 06:00:00,985.97,-1.76,272.50,-3.48,87.90,5.37,4.72,0.65,2.98,4.79,1263.25,1.84,3.63,266.30
05.01.2009 06:10:00,986.10,-1.70,272.55,-3.44,87.80,5.39,4.73,0.66,2.99,4.80,1263.13,1.42,4.13,284.40
05.01.2009 06:20:00,986.26,-1.70,272.54,-3.47,87.60,5.39,4.72,0.67,2.98,4.79,1263.34,1.00,2.75,233.50
05.01.2009 06:30:00,986.42,-1.71,272.51,-3.55,87.20,5.39,4.70,0.69,2.97,4.76,1263.64,1.42,4.13,336.10
05.01.2009 06:40:00,986.52,-1.79,272.42,-3.63,87.20,5.35,4.67,0.69,2.95,4.73,1264.16,1.13,2.50,267.70
05.01.2009 06:50:00,986.67,-1.92,272.29,-3.69,87.60,5.31,4.65,0.66,2.93,4.71,1264.93,1.29,3.00,8.36
05.01.2009 07:00:00,986.79,-2.08,272.12,-3.82,87.80,5.24,4.60,0.64,2.91,4.66,1265.86,1.28,2.88,356.40
05.01.2009 07:10:00,986.90,-2.18,272.01,-3.94,87.60,5.20,4.56,0.65,2.88,4.62,1266.48,1.16,3.50,354.40
05.01.2009 07:20:00,986.99,-2.26,271.91,-4.03,87.60,5.17,4.53,0.64,2.86,4.59,1267.02,1.16,2.13,283.80
05.01.2009 07:30:00,987.15,-2.31,271.85,-4.06,87.70,5.15,4.52,0.63,2.85,4.58,1267.46,1.30,2.63,183.20
05.01.2009 07:40:00,987.33,-2.36,271.79,-4.13,87.60,5.13,4.50,0.64,2.84,4.55,1267.94,1.48,2.88,252.80
05.01.2009 07:50:00,987.52,-2.59,271.54,-4.32,87.80,5.05,4.43,0.62,2.80,4.49,1269.28,1.55,3.63,5.86
05.01.2009 08:00:00,987.67,-2.72,271.40,-4.37,88.30,5.00,4.41,0.58,2.78,4.47,1270.09,1.59,3.50,0.12
05.01.2009 08:10:00,987.83,-2.83,271.28,-4.42,88.70,4.96,4.40,0.56,2.77,4.45,1270.83,1.65,4.13,30.92
05.01.2009 08:20:00,987.94,-2.87,271.23,-4.48,88.60,4.94,4.38,0.56,2.76,4.43,1271.17,1.44,2.50,223.00
05.01.2009 08:30:00,988.04,-2.90,271.19,-4.53,88.40,4.93,4.36,0.57,2.75,4.41,1271.43,1.08,2.13,218.50
05.01.2009 08:40:00,988.19,-2.89,271.19,-4.46,88.80,4.94,4.38,0.55,2.76,4.44,1271.56,1.79,4.38,306.00
05.01.2009 08:50:00,988.29,-3.03,271.05,-4.42,90.00,4.88,4.40,0.49,2.77,4.45,1272.34,1.44,2.88,275.30
05.01.2009 09:00:00,988.42,-3.11,270.95,-4.35,91.10,4.85,4.42,0.43,2.79,4.47,1272.89,1.61,4.63,187.70
05.01.2009 09:10:00,988.59,-3.12,270.93,-4.26,91.80,4.85,4.45,0.40,2.81,4.50,1273.15,1.89,4.25,357.00
05.01.2009 09:20:00,988.71,-3.11,270.93,-4.25,91.80,4.85,4.45,0.40,2.81,4.51,1273.26,1.77,4.25,12.32
05.01.2009 09:30:00,988.83,-3.18,270.85,-4.31,91.80,4.83,4.43,0.40,2.79,4.48,1273.73,1.82,4.13,351.50
05.01.2009 09:40:00,988.97,-3.23,270.79,-4.42,91.40,4.81,4.40,0.41,2.77,4.45,1274.18,2.32,4.25,5.16
05.01.2009 09:50:00,989.06,-3.24,270.77,-4.45,91.30,4.81,4.39,0.42,2.76,4.44,1274.36,1.93,4.63,7.63
05.01.2009 10:00:00,989.23,-3.29,270.71,-4.55,90.90,4.79,4.35,0.44,2.74,4.40,1274.82,2.53,4.63,6.79
05.01.2009 10:10:00,989.38,-3.30,270.69,-4.65,90.30,4.79,4.32,0.46,2.72,4.37,1275.07,2.93,5.38,358.90
05.01.2009 10:20:00,989.53,-3.28,270.70,-4.69,89.90,4.79,4.31,0.48,2.71,4.35,1275.17,2.21,4.13,1.02
05.01.2009 10:30:00,989.68,-3.31,270.65,-4.81,89.30,4.78,4.27,0.51,2.69,4.31,1275.53,2.66,5.75,4.46
05.01.2009 10:40:00,989.76,-3.36,270.59,-4.83,89.50,4.76,4.26,0.50,2.68,4.31,1275.90,2.69,5.13,6.77
05.01.2009 10:50:00,989.87,-3.46,270.48,-4.89,89.80,4.73,4.24,0.48,2.67,4.29,1276.52,3.85,6.13,8.64
05.01.2009 11:00:00,989.97,-3.53,270.41,-5.11,88.70,4.70,4.17,0.53,2.63,4.21,1276.99,5.06,7.88,13.74
05.01.2009 11:10:00,990.08,-3.57,270.36,-5.43,86.80,4.69,4.07,0.62,2.56,4.11,1277.36,5.25,8.00,20.67
05.01.2009 11:20:00,990.20,-3.58,270.34,-5.41,87.00,4.69,4.08,0.61,2.57,4.12,1277.56,3.97,5.75,22.11
05.01.2009 11:30:00,990.30,-3.62,270.30,-5.35,87.70,4.67,4.10,0.57,2.58,4.14,1277.87,3.64,6.00,17.47
05.01.2009 11:40:00,990.35,-3.63,270.28,-5.38,87.60,4.67,4.09,0.58,2.57,4.13,1278.01,5.20,8.38,15.59
05.01.2009 11:50:00,990.38,-3.63,270.27,-5.47,87.00,4.67,4.06,0.61,2.55,4.10,1278.07,5.89,8.00,18.85
05.01.2009 12:00:00,990.42,-3.65,270.26,-5.54,86.60,4.66,4.04,0.62,2.54,4.08,1278.21,5.49,8.38,17.44
05.01.2009 12:10:00,990.55,-3.73,270.16,-5.60,86.80,4.63,4.02,0.61,2.53,4.06,1278.79,4.74,7.38,20.51
05.01.2009 12:20:00,990.68,-3.86,270.02,-5.59,87.70,4.59,4.02,0.56,2.53,4.06,1279.58,4.14,6.25,14.12
05.01.2009 12:30:00,990.73,-4.06,269.82,-5.62,88.80,4.52,4.01,0.51,2.52,4.05,1280.57,4.45,6.25,10.26
05.01.2009 12:40:00,990.78,-4.16,269.72,-5.64,89.30,4.49,4.01,0.48,2.52,4.04,1281.10,4.58,7.50,13.37
05.01.2009 12:50:00,990.78,-4.17,269.71,-5.71,88.90,4.48,3.98,0.50,2.51,4.02,1281.16,5.89,8.13,18.80
05.01.2009 13:00:00,990.82,-4.15,269.72,-5.84,87.90,4.49,3.94,0.54,2.48,3.98,1281.16,5.91,9.75,28.54
05.01.2009 13:10:00,990.85,-4.23,269.64,-6.13,86.50,4.46,3.86,0.60,2.43,3.89,1281.61,6.48,9.13,23.81
05.01.2009 13:20:00,990.94,-4.33,269.53,-6.21,86.60,4.43,3.84,0.59,2.41,3.87,1282.20,6.30,9.25,19.91
05.01.2009 13:30:00,990.99,-4.37,269.49,-6.19,87.00,4.42,3.84,0.57,2.41,3.88,1282.46,5.96,8.13,24.19
05.01.2009 13:40:00,991.03,-4.45,269.40,-6.20,87.50,4.39,3.84,0.55,2.41,3.87,1282.92,5.97,8.25,19.51
05.01.2009 13:50:00,991.07,-4.50,269.35,-6.10,88.50,4.37,3.87,0.50,2.43,3.90,1283.18,5.49,7.25,19.58
05.01.2009 14:00:00,991.08,-4.57,269.28,-6.05,89.30,4.35,3.88,0.47,2.44,3.92,1283.50,6.11,7.75,19.12
05.01.2009 14:10:00,991.17,-4.68,269.17,-6.06,90.00,4.31,3.88,0.43,2.44,3.92,1284.15,6.20,8.25,19.39
05.01.2009 14:20:00,991.27,-4.77,269.07,-6.20,89.60,4.28,3.84,0.45,2.41,3.87,1284.73,5.96,7.88,21.96
05.01.2009 14:30:00,991.40,-4.81,269.02,-6.25,89.50,4.27,3.82,0.45,2.40,3.86,1285.09,5.24,7.38,25.22
05.01.2009 14:40:00,991.47,-4.95,268.87,-6.32,90.00,4.22,3.80,0.42,2.39,3.83,1285.88,6.57,9.25,27.77
05.01.2009 14:50:00,991.64,-5.08,268.72,-6.48,89.80,4.18,3.76,0.43,2.36,3.79,1286.76,5.05,6.88,28.77
05.01.2009 15:00:00,991.80,-5.14,268.66,-6.54,89.80,4.16,3.74,0.42,2.35,3.77,1287.24,5.67,8.25,26.38
05.01.2009 15:10:00,991.91,-5.26,268.52,-6.67,89.70,4.13,3.70,0.42,2.32,3.73,1288.00,6.75,9.75,28.06
05.01.2009 15:20:00,991.99,-5.41,268.37,-6.89,89.20,4.08,3.64,0.44,2.28,3.67,1288.85,6.06,9.63,26.26
05.01.2009 15:30:00,992.09,-5.49,268.28,-7.03,88.80,4.05,3.60,0.45,2.26,3.63,1289.38,6.29,8.88,30.09
05.01.2009 15:40:00,992.28,-5.54,268.21,-7.05,89.00,4.04,3.59,0.44,2.26,3.62,1289.88,5.70,7.63,31.42
05.01.2009 15:50:00,992.46,-5.59,268.15,-7.11,88.90,4.02,3.58,0.45,2.24,3.60,1290.35,6.67,10.13,22.48
05.01.2009 16:00:00,992.67,-5.74,267.99,-7.36,88.20,3.98,3.51,0.47,2.20,3.53,1291.37,7.11,9.50,31.28
05.01.2009 16:10:00,992.87,-5.77,267.93,-7.34,88.60,3.97,3.51,0.45,2.20,3.54,1291.82,5.96,9.00,29.18
05.01.2009 16:20:00,992.91,-5.94,267.77,-7.52,88.50,3.92,3.47,0.45,2.17,3.49,1292.67,6.52,10.38,21.52
05.01.2009 16:30:00,993.02,-6.05,267.65,-7.63,88.50,3.88,3.44,0.45,2.16,3.46,1293.38,6.45,8.63,25.72
05.01.2009 16:40:00,993.19,-6.10,267.58,-7.66,88.60,3.87,3.43,0.44,2.15,3.45,1293.86,6.12,9.38,35.86
05.01.2009 16:50:00,993.30,-6.21,267.46,-7.76,88.70,3.83,3.40,0.43,2.13,3.42,1294.56,6.49,9.38,24.54
05.01.2009 17:00:00,993.40,-6.38,267.29,-7.95,88.50,3.79,3.35,0.44,2.10,3.37,1295.53,7.23,9.50,20.77
05.01.2009 17:10:00,993.60,-6.55,267.10,-8.18,88.10,3.74,3.29,0.44,2.06,3.31,1296.67,6.53,9.00,22.97
05.01.2009 17:20:00,993.78,-6.63,267.01,-8.34,87.50,3.71,3.25,0.46,2.04,3.27,1297.28,6.14,9.38,26.80
05.01.2009 17:30:00,993.93,-6.70,266.92,-8.55,86.60,3.69,3.20,0.49,2.00,3.22,1297.86,6.09,8.13,32.02
05.01.2009 17:40:00,994.08,-6.76,266.85,-8.56,86.90,3.68,3.19,0.48,2.00,3.21,1298.35,5.33,8.25,32.75
05.01.2009 17:50:00,994.17,-6.74,266.87,-8.39,87.90,3.68,3.24,0.45,2.03,3.26,1298.32,5.12,7.25,20.06
05.01.2009 18:00:00,994.25,-6.85,266.75,-8.55,87.60,3.65,3.20,0.45,2.00,3.22,1299.00,6.34,9.25,20.57
05.01.2009 18:10:00,994.27,-7.08,266.52,-9.08,85.50,3.59,3.07,0.52,1.92,3.08,1300.21,6.73,10.38,21.48
05.01.2009 18:20:00,994.29,-7.45,266.15,-10.08,81.30,3.48,2.83,0.65,1.77,2.85,1302.17,7.81,10.88,18.93
05.01.2009 18:30:00,994.42,-7.62,265.97,-10.51,79.60,3.44,2.74,0.70,1.71,2.75,1303.22,7.38,9.63,21.41
05.01.2009 18:40:00,994.49,-7.73,265.85,-10.74,78.80,3.41,2.69,0.72,1.68,2.70,1303.87,7.62,9.88,25.07
05.01.2009 18:50:00,994.54,-7.80,265.78,-11.13,76.80,3.39,2.60,0.79,1.63,2.62,1304.33,7.16,9.25,23.63
05.01.2009 19:00:00,994.69,-7.90,265.66,-11.46,75.40,3.36,2.54,0.83,1.59,2.55,1305.05,7.29,10.38,20.94
05.01.2009 19:10:00,994.93,-8.01,265.54,-11.63,75.00,3.34,2.50,0.83,1.57,2.51,1305.92,6.91,9.63,23.47
05.01.2009 19:20:00,995.06,-8.13,265.41,-11.73,75.10,3.30,2.48,0.82,1.55,2.49,1306.69,6.77,9.13,22.11
05.01.2009 19:30:00,995.19,-8.31,265.22,-11.99,74.60,3.26,2.43,0.83,1.52,2.44,1307.78,6.25,9.13,22.52
05.01.2009 19:40:00,995.38,-8.55,264.96,-12.19,74.80,3.20,2.39,0.81,1.50,2.40,1309.24,5.97,8.25,18.50
05.01.2009 19:50:00,995.52,-8.87,264.63,-12.51,74.70,3.12,2.33,0.79,1.46,2.34,1311.03,6.47,8.75,20.94
05.01.2009 20:00:00,995.62,-9.13,264.36,-12.71,75.00,3.05,2.29,0.76,1.43,2.30,1312.47,5.45,7.88,16.84
05.01.2009 20:10:00,995.84,-9.35,264.12,-12.89,75.20,3.00,2.26,0.74,1.41,2.27,1313.88,5.33,7.13,16.27
05.01.2009 20:20:00,995.93,-9.55,263.92,-13.06,75.40,2.95,2.23,0.73,1.39,2.24,1315.01,5.03,7.13,12.09
05.01.2009 20:30:00,995.93,-9.73,263.74,-13.18,75.70,2.91,2.20,0.71,1.38,2.21,1315.92,4.87,6.50,14.07
05.01.2009 20:40:00,996.10,-9.90,263.55,-13.30,76.00,2.87,2.18,0.69,1.36,2.19,1317.00,3.74,5.25,14.93
05.01.2009 20:50:00,996.23,-10.07,263.37,-13.40,76.40,2.84,2.17,0.67,1.35,2.17,1318.03,4.19,6.25,8.33
05.01.2009 21:00:00,996.43,-10.18,263.25,-13.51,76.40,2.81,2.15,0.66,1.34,2.15,1318.87,3.77,5.75,10.63
05.01.2009 21:10:00,996.58,-10.32,263.10,-13.63,76.50,2.78,2.13,0.65,1.33,2.13,1319.77,2.79,4.38,14.44
05.01.2009 21:20:00,996.71,-10.41,263.00,-13.67,76.80,2.76,2.12,0.64,1.32,2.13,1320.40,2.40,4.38,16.53
05.01.2009 21:30:00,996.78,-10.44,262.96,-13.74,76.50,2.75,2.11,0.65,1.32,2.11,1320.66,2.97,4.88,26.59
05.01.2009 21:40:00,996.87,-10.46,262.94,-13.78,76.40,2.75,2.10,0.65,1.31,2.11,1320.87,2.35,4.00,31.94
05.01.2009 21:50:00,996.95,-10.50,262.89,-13.88,76.00,2.74,2.08,0.66,1.30,2.09,1321.19,2.01,3.50,35.38
05.01.2009 22:00:00,996.99,-10.60,262.79,-13.95,76.20,2.72,2.07,0.65,1.29,2.08,1321.75,2.61,3.75,25.33
05.01.2009 22:10:00,997.04,-10.74,262.64,-14.02,76.60,2.69,2.06,0.63,1.29,2.06,1322.53,2.74,3.75,22.86
05.01.2009 22:20:00,997.11,-10.88,262.50,-14.08,77.10,2.66,2.05,0.61,1.28,2.05,1323.34,2.54,4.00,18.33
05.01.2009 22:30:00,997.13,-11.09,262.29,-14.20,77.60,2.61,2.03,0.59,1.27,2.03,1324.43,3.20,4.38,14.47
05.01.2009 22:40:00,997.11,-11.32,262.06,-14.33,78.20,2.56,2.01,0.56,1.25,2.01,1325.59,3.48,5.13,17.36
05.01.2009 22:50:00,997.22,-11.50,261.87,-14.43,78.70,2.53,1.99,0.54,1.24,2.00,1326.65,2.70,4.25,12.10
05.01.2009 23:00:00,997.29,-11.72,261.64,-14.57,79.20,2.48,1.97,0.52,1.23,1.97,1327.86,2.96,5.25,8.06
05.01.2009 23:10:00,997.42,-11.96,261.39,-14.73,79.70,2.44,1.94,0.49,1.21,1.95,1329.27,2.12,3.38,2.77
05.01.2009 23:20:00,997.51,-12.16,261.19,-14.83,80.30,2.40,1.92,0.47,1.20,1.93,1330.42,2.01,3.00,5.68
05.01.2009 23:30:00,997.54,-12.30,261.04,-14.89,80.80,2.37,1.91,0.45,1.19,1.92,1331.17,1.56,2.75,351.00
05.01.2009 23:40:00,997.50,-12.43,260.92,-14.96,81.20,2.34,1.90,0.44,1.19,1.91,1331.79,1.22,2.25,350.40
05.01.2009 23:50:00,997.51,-12.54,260.81,-15.01,81.60,2.32,1.90,0.43,1.18,1.90,1332.38,1.67,2.25,350.30
06.01.2009 00:00:00,997.60,-12.63,260.71,-15.07,81.80,2.31,1.89,0.42,1.18,1.89,1332.96,1.60,2.63,355.50
06.01.2009 00:10:00,997.62,-12.78,260.56,-15.17,82.10,2.28,1.87,0.41,1.17,1.88,1333.76,1.37,2.63,7.26
06.01.2009 00:20:00,997.61,-12.93,260.41,-15.24,82.60,2.25,1.86,0.39,1.16,1.86,1334.52,1.64,3.00,351.90
06.01.2009 00:30:00,997.62,-13.06,260.28,-15.33,82.90,2.23,1.85,0.38,1.15,1.85,1335.21,1.08,2.00,342.80
06.01.2009 00:40:00,997.60,-13.14,260.20,-15.35,83.30,2.21,1.84,0.37,1.15,1.85,1335.60,1.43,2.50,352.10
06.01.2009 00:50:00,997.62,-13.24,260.10,-15.43,83.40,2.19,1.83,0.36,1.14,1.83,1336.14,1.29,2.38,358.20
06.01.2009 01:00:00,997.71,-13.34,259.99,-15.46,83.90,2.18,1.83,0.35,1.14,1.83,1336.78,0.91,2.25,8.35
06.01.2009 01:10:00,997.72,-13.39,259.94,-15.49,84.00,2.17,1.82,0.35,1.14,1.83,1337.06,1.26,3.00,350.20
06.01.2009 01:20:00,997.72,-13.43,259.90,-15.51,84.20,2.16,1.82,0.34,1.13,1.82,1337.27,1.57,2.88,3.27
06.01.2009 01:30:00,997.72,-13.49,259.84,-15.54,84.40,2.15,1.81,0.34,1.13,1.82,1337.57,1.38,3.38,339.10
06.01.2009 01:40:00,997.76,-13.59,259.74,-15.62,84.50,2.13,1.80,0.33,1.12,1.81,1338.15,0.95,2.50,342.20
06.01.2009 01:50:00,997.85,-13.62,259.70,-15.61,84.80,2.13,1.80,0.32,1.13,1.81,1338.42,2.19,4.25,356.90
06.01.2009 02:00:00,997.96,-13.64,259.67,-15.63,84.80,2.12,1.80,0.32,1.12,1.80,1338.68,1.09,3.13,340.20
06.01.2009 02:10:00,998.09,-13.66,259.64,-15.63,84.90,2.12,1.80,0.32,1.12,1.80,1338.96,1.30,2.50,1.11
06.01.2009 02:20:00,998.10,-13.75,259.55,-15.72,84.90,2.10,1.79,0.32,1.11,1.79,1339.44,1.10,2.13,335.80
06.01.2009 02:30:00,998.09,-13.80,259.50,-15.74,85.10,2.10,1.78,0.31,1.11,1.79,1339.69,1.45,2.63,352.10
06.01.2009 02:40:00,998.09,-13.85,259.45,-15.82,84.90,2.09,1.77,0.32,1.11,1.78,1339.95,1.38,2.75,358.10
06.01.2009 02:50:00,998.16,-13.87,259.43,-15.80,85.20,2.08,1.78,0.31,1.11,1.78,1340.14,1.93,4.25,7.37
06.01.2009 03:00:00,998.22,-13.89,259.40,-15.80,85.30,2.08,1.77,0.31,1.11,1.78,1340.33,2.16,4.13,353.80
06.01.2009 03:10:00,998.26,-13.98,259.31,-15.89,85.30,2.06,1.76,0.30,1.10,1.76,1340.85,1.67,3.63,358.70
06.01.2009 03:20:00,998.25,-14.08,259.21,-15.96,85.50,2.05,1.75,0.30,1.09,1.75,1341.36,1.78,2.50,348.70
06.01.2009 03:30:00,998.35,-14.18,259.10,-16.03,85.70,2.03,1.74,0.29,1.09,1.74,1342.02,1.41,2.88,354.00
06.01.2009 03:40:00,998.34,-14.30,258.98,-16.08,86.20,2.01,1.73,0.28,1.08,1.74,1342.63,1.42,2.88,346.80
06.01.2009 03:50:00,998.34,-14.26,259.02,-15.99,86.60,2.02,1.75,0.27,1.09,1.75,1342.42,1.85,2.38,350.90
06.01.2009 04:00:00,998.24,-14.29,259.00,-16.03,86.50,2.01,1.74,0.27,1.09,1.74,1342.44,1.83,2.75,355.00
06.01.2009 04:10:00,998.25,-14.39,258.90,-16.11,86.60,2.00,1.73,0.27,1.08,1.73,1342.99,1.70,2.50,351.50
06.01.2009 04:20:00,998.34,-14.47,258.81,-16.17,86.80,1.98,1.72,0.26,1.07,1.72,1343.52,1.40,2.38,355.40
06.01.2009 04:30:00,998.17,-14.60,258.70,-16.28,86.90,1.96,1.70,0.26,1.06,1.71,1343.98,1.25,2.25,342.30
06.01.2009 04:40:00,998.10,-14.73,258.57,-16.41,86.90,1.94,1.69,0.25,1.05,1.69,1344.57,1.24,2.50,11.40
06.01.2009 04:50:00,998.19,-14.90,258.39,-16.53,87.20,1.91,1.67,0.24,1.04,1.67,1345.58,0.91,2.13,14.31
06.01.2009 05:00:00,998.14,-15.13,258.17,-16.75,87.30,1.88,1.64,0.24,1.02,1.64,1346.73,1.08,2.50,13.16
06.01.2009 05:10:00,998.22,-15.20,258.09,-16.69,88.20,1.87,1.65,0.22,1.03,1.65,1347.19,2.40,3.50,4.70
06.01.2009 05:20:00,998.24,-15.16,258.13,-16.62,88.50,1.87,1.66,0.22,1.03,1.66,1347.01,2.16,3.13,1.04
06.01.2009 05:30:00,998.25,-15.25,258.04,-16.66,88.80,1.86,1.65,0.21,1.03,1.65,1347.50,1.74,3.00,2.45
06.01.2009 05:40:00,998.22,-15.31,257.98,-16.70,89.00,1.85,1.65,0.20,1.03,1.65,1347.78,1.59,2.63,6.51
06.01.2009 05:50:00,998.21,-15.29,258.00,-16.65,89.20,1.85,1.65,0.20,1.03,1.66,1347.66,1.61,2.88,16.12
06.01.2009 06:00:00,998.22,-15.37,257.92,-16.73,89.20,1.84,1.64,0.20,1.02,1.64,1348.09,0.76,2.00,47.73
06.01.2009 06:10:00,998.22,-15.49,257.80,-16.87,89.00,1.82,1.62,0.20,1.01,1.62,1348.74,0.86,2.38,24.59
06.01.2009 06:20:00,998.26,-15.73,257.56,-17.18,88.50,1.79,1.58,0.21,0.99,1.58,1350.06,0.57,1.25,56.56
06.01.2009 06:30:00,998.33,-16.31,256.97,-17.83,87.90,1.70,1.49,0.21,0.93,1.50,1353.26,0.49,1.38,48.85
06.01.2009 06:40:00,998.37,-16.69,256.59,-18.23,87.70,1.65,1.44,0.20,0.90,1.45,1355.33,0.37,1.00,58.44
06.01.2009 06:50:00,998.37,-16.71,256.57,-18.18,88.20,1.64,1.45,0.19,0.90,1.45,1355.44,0.39,1.50,271.20
06.01.2009 07:00:00,998.34,-16.86,256.42,-18.39,87.80,1.62,1.43,0.20,0.89,1.43,1356.20,0.33,0.75,173.90
06.01.2009 07:10:00,998.34,-16.92,256.36,-18.47,87.60,1.61,1.41,0.20,0.88,1.42,1356.53,0.34,1.00,172.70
06.01.2009 07:20:00,998.34,-16.90,256.38,-18.44,87.70,1.62,1.42,0.20,0.88,1.42,1356.42,0.25,0.75,151.80
06.01.2009 07:30:00,998.34,-16.89,256.39,-18.45,87.50,1.62,1.42,0.20,0.88,1.42,1356.37,0.42,0.88,202.10
06.01.2009 07:40:00,998.38,-16.97,256.31,-18.57,87.20,1.61,1.40,0.21,0.87,1.40,1356.85,0.71,1.00,219.30
06.01.2009 07:50:00,998.43,-17.02,256.26,-18.61,87.30,1.60,1.40,0.20,0.87,1.40,1357.19,0.62,1.00,223.30
06.01.2009 08:00:00,998.34,-16.92,256.36,-18.40,88.10,1.61,1.42,0.19,0.89,1.43,1356.53,1.01,1.75,3.41
06.01.2009 08:10:00,998.35,-16.26,257.02,-17.60,89.30,1.71,1.52,0.18,0.95,1.53,1353.00,1.27,1.75,350.60
06.01.2009 08:20:00,998.37,-16.09,257.19,-17.52,88.60,1.73,1.53,0.20,0.96,1.54,1352.13,1.15,1.75,350.70
06.01.2009 08:30:00,998.46,-16.02,257.25,-17.49,88.30,1.74,1.54,0.20,0.96,1.54,1351.88,0.79,1.63,16.38
06.01.2009 08:40:00,998.46,-15.98,257.29,-17.49,88.00,1.75,1.54,0.21,0.96,1.54,1351.67,0.45,0.88,9.12
06.01.2009 08:50:00,998.47,-15.90,257.37,-17.44,87.80,1.76,1.55,0.21,0.96,1.55,1351.25,0.50,0.88,18.19
06.01.2009 09:00:00,998.35,-15.71,257.57,-17.25,87.80,1.79,1.57,0.22,0.98,1.57,1350.08,0.44,1.00,192.00
06.01.2009 09:10:00,998.44,-15.69,257.59,-17.37,86.80,1.79,1.55,0.24,0.97,1.56,1350.11,0.58,1.00,224.10
06.01.2009 09:20:00,998.46,-15.53,257.74,-17.20,86.90,1.82,1.58,0.24,0.98,1.58,1349.29,0.51,1.00,192.10
06.01.2009 09:30:00,998.37,-15.07,258.21,-16.81,86.40,1.89,1.63,0.26,1.02,1.63,1346.73,0.77,1.88,14.04
06.01.2009 09:40:00,998.34,-15.25,258.03,-17.06,85.90,1.86,1.60,0.26,1.00,1.60,1347.65,2.01,3.13,18.19
06.01.2009 09:50:00,998.42,-15.43,257.85,-17.07,87.10,1.83,1.59,0.24,0.99,1.60,1348.70,1.57,2.50,27.66
06.01.2009 10:00:00,998.46,-15.23,258.04,-16.85,87.30,1.86,1.63,0.24,1.01,1.63,1347.70,1.63,2.38,24.18
06.01.2009 10:10:00,998.49,-15.11,258.16,-16.78,86.90,1.88,1.63,0.25,1.02,1.64,1347.10,1.16,2.13,26.08
06.01.2009 10:20:00,998.46,-15.12,258.15,-16.85,86.50,1.88,1.63,0.25,1.01,1.63,1347.12,1.73,2.88,7.15
06.01.2009 10:30:00,998.46,-15.06,258.21,-16.87,85.90,1.89,1.62,0.27,1.01,1.62,1346.81,1.71,3.00,19.62
06.01.2009 10:40:00,998.49,-15.04,258.23,-16.96,85.10,1.89,1.61,0.28,1.00,1.61,1346.75,1.72,2.63,355.10
06.01.2009 10:50:00,998.44,-15.14,258.14,-17.11,84.70,1.88,1.59,0.29,0.99,1.59,1347.22,1.84,2.88,13.03
06.01.2009 11:00:00,998.29,-15.05,258.24,-17.04,84.60,1.89,1.60,0.29,1.00,1.60,1346.54,1.67,2.38,19.66
06.01.2009 11:10:00,998.17,-14.71,258.59,-16.83,83.70,1.94,1.63,0.32,1.01,1.63,1344.59,2.09,3.00,20.25
06.01.2009 11:20:00,998.21,-14.75,258.54,-16.98,82.90,1.94,1.61,0.33,1.00,1.61,1344.86,2.57,3.50,24.40
06.01.2009 11:30:00,998.11,-14.72,258.58,-17.03,82.40,1.94,1.60,0.34,1.00,1.60,1344.57,3.04,3.75,27.37
06.01.2009 11:40:00,998.03,-14.62,258.69,-16.91,82.50,1.96,1.62,0.34,1.01,1.62,1343.94,2.44,3.25,25.76
06.01.2009 11:50:00,997.92,-14.46,258.85,-16.87,81.70,1.98,1.62,0.36,1.01,1.62,1342.96,2.81,4.00,30.30
06.01.2009 12:00:00,997.79,-14.52,258.80,-17.02,81.10,1.97,1.60,0.37,1.00,1.61,1343.10,3.42,4.50,23.73
06.01.2009 12:10:00,997.73,-14.46,258.87,-16.97,81.00,1.98,1.61,0.38,1.00,1.61,1342.70,2.15,3.13,15.21
06.01.2009 12:20:00,997.60,-14.08,259.26,-16.72,80.20,2.05,1.64,0.41,1.02,1.65,1340.54,1.06,1.63,31.38
06.01.2009 12:30:00,997.46,-13.56,259.79,-16.47,78.50,2.14,1.68,0.46,1.05,1.68,1337.65,1.43,2.00,13.46
06.01.2009 12:40:00,997.24,-13.18,260.19,-16.36,76.80,2.21,1.69,0.51,1.06,1.70,1335.39,1.13,1.63,30.07
06.01.2009 12:50:00,997.14,-12.42,260.95,-15.84,75.40,2.35,1.77,0.58,1.10,1.77,1331.33,0.58,1.13,320.10
06.01.2009 13:00:00,997.02,-10.97,262.41,-15.17,70.90,2.64,1.87,0.77,1.17,1.88,1323.75,0.99,1.75,148.90
06.01.2009 13:10:00,996.89,-10.88,262.51,-15.71,67.31,2.66,1.79,0.87,1.12,1.79,1323.17,0.94,1.63,31.63
06.01.2009 13:20:00,996.80,-11.45,261.95,-16.02,68.63,2.54,1.74,0.80,1.09,1.75,1325.96,0.95,1.75,5.07
06.01.2009 13:30:00,996.63,-11.09,262.32,-15.74,68.25,2.61,1.78,0.83,1.11,1.79,1323.90,1.10,2.00,19.56
06.01.2009 13:40:00,996.52,-11.07,262.35,-15.77,68.00,2.62,1.78,0.84,1.11,1.79,1323.65,1.10,2.00,30.78
06.01.2009 13:50:00,996.43,-11.33,262.10,-15.85,68.97,2.56,1.77,0.80,1.10,1.77,1324.84,1.67,2.50,29.80
06.01.2009 14:00:00,996.32,-11.90,261.54,-16.10,70.70,2.45,1.73,0.72,1.08,1.74,1327.61,1.75,3.13,34.70
06.01.2009 14:10:00,996.37,-12.43,261.00,-16.28,72.70,2.34,1.70,0.64,1.06,1.71,1330.39,1.74,2.38,25.81
06.01.2009 14:20:00,996.37,-12.47,260.96,-16.13,73.90,2.34,1.73,0.61,1.08,1.73,1330.58,1.61,2.50,26.04
06.01.2009 14:30:00,996.31,-12.27,261.17,-15.92,74.00,2.38,1.76,0.62,1.10,1.76,1329.47,1.90,3.00,32.44
06.01.2009 14:40:00,996.36,-12.19,261.24,-15.90,73.60,2.39,1.76,0.63,1.10,1.77,1329.12,1.87,3.00,16.61
06.01.2009 14:50:00,996.33,-11.96,261.47,-15.75,73.20,2.44,1.78,0.65,1.11,1.79,1327.90,1.62,2.50,6.49
06.01.2009 15:00:00,996.27,-12.05,261.39,-15.83,73.20,2.42,1.77,0.65,1.11,1.78,1328.29,1.87,2.38,18.27
06.01.2009 15:10:00,996.26,-12.66,260.78,-16.09,75.30,2.30,1.73,0.57,1.08,1.74,1331.39,2.05,2.63,20.35
06.01.2009 15:20:00,996.36,-13.09,260.34,-16.18,77.40,2.22,1.72,0.50,1.07,1.73,1333.74,1.65,2.50,25.66
06.01.2009 15:30:00,996.38,-13.26,260.17,-16.16,78.60,2.19,1.72,0.47,1.08,1.73,1334.64,1.47,2.00,11.95
06.01.2009 15:40:00,996.31,-13.28,260.16,-16.16,78.70,2.19,1.72,0.47,1.08,1.73,1334.64,1.10,2.50,9.58
06.01.2009 15:50:00,996.25,-13.28,260.16,-16.19,78.50,2.19,1.72,0.47,1.07,1.72,1334.57,0.68,1.63,5.66
06.01.2009 16:00:00,996.25,-13.52,259.92,-16.37,78.90,2.14,1.69,0.45,1.06,1.70,1335.82,0.99,1.38,340.80
06.01.2009 16:10:00,996.25,-14.05,259.39,-16.65,80.50,2.05,1.65,0.40,1.03,1.66,1338.57,1.04,1.38,324.40
06.01.2009 16:20:00,996.22,-14.40,259.04,-16.76,82.10,1.99,1.64,0.36,1.02,1.64,1340.35,0.95,1.50,341.10
06.01.2009 16:30:00,996.25,-14.62,258.82,-16.83,83.10,1.96,1.63,0.33,1.02,1.63,1341.54,0.33,0.75,47.89
06.01.2009 16:40:00,996.24,-14.94,258.50,-17.10,83.40,1.91,1.59,0.32,0.99,1.60,1343.20,0.98,1.50,350.90
06.01.2009 16:50:00,996.19,-14.88,258.56,-16.79,85.20,1.92,1.63,0.28,1.02,1.64,1342.81,1.27,1.50,335.60
06.01.2009 17:00:00,996.14,-14.88,258.57,-16.79,85.20,1.92,1.63,0.28,1.02,1.64,1342.73,0.63,1.25,298.10
06.01.2009 17:10:00,996.07,-15.59,257.86,-17.69,83.70,1.81,1.51,0.29,0.94,1.52,1346.40,0.97,2.25,245.50
06.01.2009 17:20:00,996.01,-15.97,257.48,-17.92,84.80,1.75,1.48,0.27,0.93,1.49,1348.33,0.68,1.13,8.72
06.01.2009 17:30:00,996.08,-15.92,257.53,-17.69,86.10,1.76,1.51,0.24,0.95,1.52,1348.15,0.50,0.88,47.57
06.01.2009 17:40:00,995.97,-16.15,257.31,-17.91,86.10,1.72,1.48,0.24,0.93,1.49,1349.21,1.25,2.38,264.10
06.01.2009 17:50:00,995.95,-16.11,257.35,-17.82,86.50,1.73,1.50,0.23,0.93,1.50,1348.97,0.97,2.25,300.30
06.01.2009 18:00:00,995.91,-16.49,256.97,-18.34,85.40,1.67,1.43,0.24,0.89,1.44,1350.95,2.72,3.38,249.70
06.01.2009 18:10:00,995.93,-16.56,256.90,-18.36,85.80,1.66,1.43,0.24,0.89,1.43,1351.34,1.54,2.50,227.50
06.01.2009 18:20:00,995.88,-16.61,256.85,-18.41,85.80,1.66,1.42,0.24,0.89,1.43,1351.55,1.96,2.50,250.70
06.01.2009 18:30:00,995.88,-16.75,256.71,-18.61,85.30,1.64,1.40,0.24,0.87,1.40,1352.29,1.74,2.25,235.50
06.01.2009 18:40:00,995.86,-16.93,256.53,-18.84,84.90,1.61,1.37,0.24,0.86,1.38,1353.23,1.72,2.38,231.30
06.01.2009 18:50:00,995.79,-17.07,256.40,-18.94,85.20,1.59,1.36,0.24,0.85,1.36,1353.89,1.65,2.13,229.40
06.01.2009 19:00:00,995.74,-17.21,256.26,-19.01,85.70,1.58,1.35,0.23,0.84,1.36,1354.55,0.90,1.88,225.30
06.01.2009 19:10:00,995.64,-17.40,256.08,-19.20,85.70,1.55,1.33,0.22,0.83,1.33,1355.44,1.44,2.00,227.70
06.01.2009 19:20:00,995.59,-17.58,255.90,-19.40,85.50,1.53,1.31,0.22,0.82,1.31,1356.34,1.40,2.00,228.20
06.01.2009 19:30:00,995.51,-17.79,255.70,-19.61,85.50,1.50,1.28,0.22,0.80,1.29,1357.36,1.54,1.88,224.10
06.01.2009 19:40:00,995.48,-17.99,255.50,-19.82,85.40,1.47,1.26,0.22,0.79,1.26,1358.39,1.60,2.00,211.20
06.01.2009 19:50:00,995.50,-18.18,255.31,-20.02,85.30,1.45,1.24,0.21,0.77,1.24,1359.44,1.32,2.38,234.10
06.01.2009 20:00:00,995.54,-18.35,255.14,-20.16,85.50,1.43,1.22,0.21,0.76,1.23,1360.41,0.62,1.00,224.90
06.01.2009 20:10:00,995.52,-18.32,255.17,-19.96,86.80,1.43,1.24,0.19,0.78,1.25,1360.21,0.29,0.75,42.02
06.01.2009 20:20:00,995.48,-17.83,255.66,-19.43,87.10,1.49,1.30,0.19,0.81,1.31,1357.52,0.52,0.88,140.20
06.01.2009 20:30:00,995.47,-18.25,255.24,-20.10,85.20,1.44,1.23,0.21,0.77,1.23,1359.78,0.43,0.88,236.40
06.01.2009 20:40:00,995.41,-18.37,255.13,-20.10,86.10,1.43,1.23,0.20,0.77,1.23,1360.34,0.23,0.50,71.50
06.01.2009 20:50:00,995.39,-18.50,255.00,-20.24,86.00,1.41,1.21,0.20,0.76,1.22,1361.01,0.20,0.63,93.60
06.01.2009 21:00:00,995.50,-18.62,254.87,-20.34,86.10,1.40,1.20,0.19,0.75,1.21,1361.81,0.35,1.00,186.90
06.01.2009 21:10:00,995.55,-18.88,254.60,-20.64,85.80,1.37,1.17,0.19,0.73,1.18,1363.29,0.61,1.13,226.30
06.01.2009 21:20:00,995.52,-18.89,254.60,-20.62,86.00,1.36,1.17,0.19,0.73,1.18,1363.29,0.55,1.25,59.17
06.01.2009 21:30:00,995.40,-19.17,254.33,-21.07,84.70,1.33,1.13,0.20,0.71,1.13,1364.65,1.65,2.88,223.20
06.01.2009 21:40:00,995.28,-19.47,254.03,-21.38,84.60,1.30,1.10,0.20,0.69,1.10,1366.13,1.07,1.75,220.60
06.01.2009 21:50:00,995.26,-19.38,254.13,-21.23,85.10,1.31,1.11,0.19,0.70,1.12,1365.60,0.25,0.88,223.30
06.01.2009 22:00:00,995.23,-19.39,254.12,-21.34,84.30,1.31,1.10,0.21,0.69,1.11,1365.62,0.60,2.00,205.80
06.01.2009 22:10:00,995.07,-19.88,253.64,-21.93,83.50,1.25,1.05,0.21,0.65,1.05,1368.07,1.37,2.25,204.10
06.01.2009 22:20:00,994.95,-20.34,253.19,-22.35,83.70,1.20,1.01,0.20,0.63,1.01,1370.41,0.43,0.88,193.90
06.01.2009 22:30:00,994.88,-20.67,252.86,-22.59,84.40,1.17,0.99,0.18,0.62,0.99,1372.12,1.01,1.50,165.70
06.01.2009 22:40:00,994.81,-20.84,252.70,-22.63,85.30,1.15,0.98,0.17,0.61,0.99,1372.95,0.68,1.38,188.70
06.01.2009 22:50:00,994.76,-20.86,252.68,-22.61,85.60,1.15,0.98,0.17,0.62,0.99,1373.00,0.42,0.88,208.50
06.01.2009 23:00:00,994.67,-20.85,252.70,-22.62,85.50,1.15,0.98,0.17,0.62,0.99,1372.81,0.69,1.13,184.80
06.01.2009 23:10:00,994.74,-21.08,252.46,-22.90,85.10,1.13,0.96,0.17,0.60,0.96,1374.18,0.32,0.75,204.60
06.01.2009 23:20:00,994.66,-21.07,252.48,-22.83,85.50,1.13,0.96,0.16,0.60,0.97,1374.01,0.69,1.13,145.10
06.01.2009 23:30:00,994.60,-20.51,253.04,-22.14,86.60,1.19,1.03,0.16,0.64,1.03,1370.84,0.58,1.50,158.20
06.01.2009 23:40:00,994.65,-20.48,253.07,-22.28,85.30,1.19,1.01,0.17,0.63,1.02,1370.77,0.73,1.25,177.60
06.01.2009 23:50:00,994.55,-20.75,252.80,-22.61,84.80,1.16,0.98,0.18,0.62,0.99,1372.11,0.76,1.50,188.70
07.01.2009 00:00:00,994.51,-21.09,252.47,-23.01,84.30,1.13,0.95,0.18,0.59,0.95,1373.91,0.48,1.00,168.40
07.01.2009 00:10:00,994.43,-21.31,252.25,-23.23,84.30,1.10,0.93,0.17,0.58,0.94,1375.02,0.39,0.88,205.60
07.01.2009 00:20:00,994.29,-20.97,252.60,-22.74,85.50,1.14,0.97,0.17,0.61,0.98,1372.94,0.56,1.00,211.60
07.01.2009 00:30:00,994.17,-20.48,253.10,-22.18,86.10,1.19,1.02,0.17,0.64,1.03,1370.09,0.56,1.13,179.40
07.01.2009 00:40:00,994.16,-20.26,253.32,-22.01,85.70,1.21,1.04,0.17,0.65,1.04,1368.88,0.53,1.00,159.20
07.01.2009 00:50:00,994.09,-21.17,252.42,-23.22,83.30,1.12,0.93,0.19,0.58,0.94,1373.78,1.10,1.50,210.20
07.01.2009 01:00:00,994.14,-21.56,252.02,-23.54,83.80,1.08,0.91,0.18,0.57,0.91,1376.00,0.68,1.25,173.30
07.01.2009 01:10:00,994.12,-21.65,251.93,-23.60,84.00,1.07,0.90,0.17,0.56,0.91,1376.46,0.66,1.13,203.50
07.01.2009 01:20:00,994.03,-21.49,252.10,-23.38,84.50,1.09,0.92,0.17,0.58,0.92,1375.46,0.81,1.25,204.20
07.01.2009 01:30:00,994.11,-21.46,252.13,-23.41,84.00,1.09,0.92,0.17,0.57,0.92,1375.40,0.34,0.88,181.90
07.01.2009 01:40:00,994.06,-21.57,252.02,-23.52,84.00,1.08,0.91,0.17,0.57,0.91,1375.94,0.24,0.63,177.80
07.01.2009 01:50:00,993.96,-21.24,252.36,-22.99,85.60,1.11,0.95,0.16,0.60,0.96,1373.98,0.24,1.00,335.70
07.01.2009 02:00:00,993.87,-20.99,252.61,-22.73,85.70,1.14,0.97,0.16,0.61,0.98,1372.47,0.38,1.13,196.90
07.01.2009 02:10:00,993.90,-20.94,252.66,-22.69,85.60,1.14,0.98,0.16,0.61,0.98,1372.25,0.36,0.75,213.20
07.01.2009 02:20:00,993.97,-20.90,252.70,-22.67,85.50,1.15,0.98,0.17,0.61,0.99,1372.12,0.50,0.75,166.40
07.01.2009 02:30:00,993.87,-21.32,252.28,-23.33,83.60,1.10,0.92,0.18,0.58,0.93,1374.30,0.74,1.50,184.60
07.01.2009 02:40:00,993.84,-22.07,251.53,-24.17,82.80,1.03,0.86,0.18,0.54,0.86,1378.39,0.77,1.38,159.60
07.01.2009 02:50:00,993.77,-22.55,251.06,-24.63,82.90,0.99,0.82,0.17,0.51,0.83,1380.96,1.16,2.25,184.50
07.01.2009 03:00:00,993.75,-22.76,250.85,-24.80,83.20,0.97,0.81,0.16,0.51,0.81,1382.10,1.83,2.75,154.10
07.01.2009 03:10:00,993.67,-23.01,250.60,-25.01,83.40,0.95,0.79,0.16,0.50,0.80,1383.38,0.80,1.50,137.60
07.01.2009 03:20:00,993.67,-22.91,250.71,-24.85,83.90,0.96,0.80,0.15,0.50,0.81,1382.81,0.61,1.25,106.80
07.01.2009 03:30:00,993.56,-22.64,250.98,-24.49,84.60,0.98,0.83,0.15,0.52,0.84,1381.15,0.96,2.13,114.80
07.01.2009 03:40:00,993.40,-22.38,251.26,-24.30,84.10,1.00,0.84,0.16,0.53,0.85,1379.49,0.77,1.75,172.00
07.01.2009 03:50:00,993.33,-22.22,251.42,-24.16,84.00,1.02,0.86,0.16,0.54,0.86,1378.51,0.81,1.38,205.50
07.01.2009 04:00:00,993.36,-22.39,251.25,-24.39,83.50,1.00,0.84,0.17,0.52,0.84,1379.50,1.10,2.13,181.60
07.01.2009 04:10:00,993.28,-22.10,251.54,-24.04,84.00,1.03,0.87,0.16,0.54,0.87,1377.78,1.34,2.63,177.40
07.01.2009 04:20:00,993.14,-21.80,251.86,-23.73,84.10,1.06,0.89,0.17,0.56,0.90,1375.93,0.94,1.75,150.10
07.01.2009 04:30:00,993.01,-22.25,251.41,-24.36,82.70,1.02,0.84,0.18,0.53,0.85,1378.25,1.35,1.63,196.40
07.01.2009 04:40:00,993.07,-22.49,251.17,-24.50,83.40,0.99,0.83,0.17,0.52,0.84,1379.65,0.71,1.75,192.70
07.01.2009 04:50:00,992.90,-22.31,251.36,-24.34,83.30,1.01,0.84,0.17,0.53,0.85,1378.42,0.84,1.88,188.80
07.01.2009 05:00:00,992.91,-22.42,251.25,-24.46,83.20,1.00,0.83,0.17,0.52,0.84,1379.04,0.70,1.50,81.70
07.01.2009 05:10:00,992.78,-22.31,251.37,-24.33,83.40,1.01,0.84,0.17,0.53,0.85,1378.25,0.79,1.63,188.00
07.01.2009 05:20:00,992.69,-22.47,251.22,-24.52,83.10,1.00,0.83,0.17,0.52,0.83,1379.02,0.70,1.25,174.40
07.01.2009 05:30:00,992.65,-22.26,251.43,-24.20,84.00,1.02,0.85,0.16,0.53,0.86,1377.79,0.68,1.38,140.40
07.01.2009 05:40:00,992.49,-21.93,251.77,-23.93,83.60,1.05,0.87,0.17,0.55,0.88,1375.75,1.21,1.88,182.80
07.01.2009 05:50:00,992.54,-22.31,251.39,-24.37,83.10,1.01,0.84,0.17,0.53,0.85,1377.92,0.48,1.63,149.90
07.01.2009 06:00:00,992.37,-22.13,251.58,-24.14,83.50,1.03,0.86,0.17,0.54,0.86,1376.69,0.81,2.00,180.90
07.01.2009 06:10:00,992.28,-22.49,251.23,-24.61,82.60,0.99,0.82,0.17,0.52,0.83,1378.56,0.78,1.38,187.10
07.01.2009 06:20:00,992.28,-22.41,251.31,-24.41,83.50,1.00,0.84,0.17,0.52,0.84,1378.11,0.45,0.88,142.70
07.01.2009 06:30:00,992.38,-22.41,251.30,-24.47,83.10,1.00,0.83,0.17,0.52,0.84,1378.25,0.48,1.13,230.20
07.01.2009 06:40:00,992.39,-21.93,251.78,-23.81,84.50,1.05,0.88,0.16,0.55,0.89,1375.61,0.54,1.63,145.20
07.01.2009 06:50:00,992.18,-21.46,252.27,-23.35,84.50,1.09,0.92,0.17,0.58,0.93,1372.73,0.87,2.00,167.60
07.01.2009 07:00:00,992.10,-21.42,252.31,-23.41,83.70,1.09,0.92,0.18,0.57,0.92,1372.40,0.83,1.13,191.30
07.01.2009 07:10:00,992.06,-21.84,251.89,-23.93,82.90,1.05,0.87,0.18,0.55,0.88,1374.66,1.11,1.63,201.40
07.01.2009 07:20:00,992.11,-22.20,251.53,-24.27,83.00,1.02,0.85,0.17,0.53,0.85,1376.72,0.88,1.50,184.70
07.01.2009 07:30:00,992.13,-22.30,251.43,-24.37,83.00,1.01,0.84,0.17,0.53,0.85,1377.30,0.66,1.38,130.60
07.01.2009 07:40:00,992.24,-22.55,251.17,-24.66,82.70,0.99,0.82,0.17,0.51,0.82,1378.84,0.67,1.13,173.90
07.01.2009 07:50:00,992.25,-22.63,251.09,-24.71,82.90,0.98,0.81,0.17,0.51,0.82,1379.29,0.35,0.75,196.30
07.01.2009 08:00:00,992.18,-22.50,251.22,-24.55,83.10,0.99,0.83,0.17,0.52,0.83,1378.47,0.67,1.25,182.50
07.01.2009 08:10:00,992.23,-22.54,251.18,-24.58,83.20,0.99,0.82,0.17,0.52,0.83,1378.76,0.54,1.38,204.60
07.01.2009 08:20:00,992.42,-21.68,252.03,-23.54,84.70,1.07,0.91,0.16,0.57,0.91,1374.27,0.73,1.50,138.90
07.01.2009 08:30:00,992.50,-21.43,252.27,-23.45,83.50,1.09,0.91,0.18,0.57,0.92,1373.01,0.69,1.50,47.72
07.01.2009 08:40:00,992.49,-21.17,252.53,-23.21,83.40,1.12,0.93,0.19,0.58,0.94,1371.57,0.47,1.13,180.90
07.01.2009 08:50:00,992.32,-21.16,252.56,-23.27,82.90,1.12,0.93,0.19,0.58,0.94,1371.28,0.63,1.00,197.90
07.01.2009 09:00:00,992.14,-21.17,252.56,-23.29,82.80,1.12,0.93,0.19,0.58,0.93,1371.09,0.79,1.38,198.20
07.01.2009 09:10:00,992.14,-20.85,252.88,-22.94,83.10,1.15,0.96,0.19,0.60,0.96,1369.34,0.82,1.63,181.20
07.01.2009 09:20:00,992.17,-21.35,252.38,-23.67,81.30,1.10,0.89,0.21,0.56,0.90,1372.13,1.66,2.25,141.40
07.01.2009 09:30:00,992.38,-22.14,251.57,-24.40,81.60,1.03,0.84,0.19,0.53,0.84,1376.77,0.97,2.00,138.20
07.01.2009 09:40:00,992.37,-22.10,251.61,-24.24,82.50,1.03,0.85,0.18,0.53,0.86,1376.53,1.41,2.00,195.90
07.01.2009 09:50:00,992.40,-21.44,252.27,-23.47,83.40,1.09,0.91,0.18,0.57,0.92,1372.93,0.89,2.00,200.40
07.01.2009 10:00:00,992.45,-20.34,253.37,-22.44,83.10,1.20,1.00,0.20,0.63,1.01,1366.98,0.79,1.38,211.90
07.01.2009 10:10:00,992.35,-19.55,254.17,-21.63,83.30,1.29,1.07,0.22,0.67,1.08,1362.54,1.19,2.25,208.40
07.01.2009 10:20:00,992.42,-18.44,255.27,-20.67,82.40,1.42,1.17,0.25,0.73,1.18,1356.65,1.15,2.25,177.30
07.01.2009 10:30:00,992.44,-18.77,254.94,-21.13,81.40,1.38,1.12,0.26,0.70,1.13,1358.46,0.70,1.63,172.70
07.01.2009 10:40:00,992.52,-18.87,254.84,-21.31,80.80,1.37,1.10,0.26,0.69,1.11,1359.12,1.01,1.88,181.90
07.01.2009 10:50:00,992.47,-19.04,254.67,-21.44,81.10,1.35,1.09,0.25,0.68,1.10,1359.96,0.89,1.75,189.70
07.01.2009 11:00:00,992.41,-18.71,255.01,-21.02,81.80,1.39,1.13,0.25,0.71,1.14,1358.10,0.73,1.50,216.90
07.01.2009 11:10:00,992.32,-18.64,255.08,-20.95,81.80,1.39,1.14,0.25,0.72,1.15,1357.60,1.05,2.00,172.10
07.01.2009 11:20:00,992.30,-18.05,255.67,-20.16,83.30,1.47,1.22,0.24,0.77,1.23,1354.39,0.93,2.50,106.00
07.01.2009 11:30:00,992.14,-17.65,256.09,-19.74,83.50,1.52,1.27,0.25,0.79,1.28,1352.03,1.19,2.50,162.50
07.01.2009 11:40:00,992.02,-17.27,256.48,-19.43,83.10,1.57,1.30,0.26,0.82,1.31,1349.84,1.01,1.50,213.60
07.01.2009 11:50:00,992.02,-17.12,256.63,-19.35,82.60,1.59,1.31,0.28,0.82,1.32,1349.04,1.00,1.88,185.20
07.01.2009 12:00:00,992.05,-16.50,257.25,-18.64,83.30,1.67,1.39,0.28,0.87,1.41,1345.78,0.56,1.13,183.30
07.01.2009 12:10:00,991.76,-15.86,257.91,-18.02,83.30,1.77,1.47,0.29,0.92,1.48,1342.00,0.52,1.38,209.70
07.01.2009 12:20:00,991.72,-15.58,258.19,-17.74,83.30,1.81,1.51,0.30,0.95,1.52,1340.47,0.67,2.13,124.00
07.01.2009 12:30:00,991.62,-15.32,258.46,-17.46,83.50,1.85,1.54,0.30,0.97,1.56,1338.96,0.89,1.50,196.40
07.01.2009 12:40:00,991.71,-15.04,258.74,-17.14,83.80,1.89,1.58,0.31,0.99,1.60,1337.61,1.10,2.25,189.70
07.01.2009 12:50:00,991.65,-14.86,258.92,-16.95,83.90,1.92,1.61,0.31,1.01,1.62,1336.59,0.88,1.88,228.70
07.01.2009 13:00:00,991.60,-14.39,259.40,-16.39,84.60,2.00,1.69,0.31,1.06,1.70,1334.05,0.99,1.75,139.90
07.01.2009 13:10:00,991.56,-13.93,259.86,-15.91,84.80,2.07,1.76,0.32,1.10,1.77,1331.59,0.69,1.75,174.80
07.01.2009 13:20:00,991.52,-13.08,260.71,-14.99,85.40,2.22,1.90,0.32,1.19,1.92,1327.12,0.74,1.88,90.00
07.01.2009 13:30:00,991.58,-12.33,261.46,-14.44,84.10,2.36,1.99,0.38,1.25,2.00,1323.34,0.70,1.63,186.30
07.01.2009 13:40:00,991.62,-12.05,261.74,-14.46,82.10,2.42,1.99,0.43,1.25,2.00,1321.97,0.67,1.25,153.70
07.01.2009 13:50:00,991.58,-11.96,261.83,-14.43,81.70,2.44,1.99,0.45,1.25,2.01,1321.46,0.71,1.63,144.30
07.01.2009 14:00:00,991.58,-12.15,261.64,-14.63,81.60,2.40,1.96,0.44,1.23,1.97,1322.44,1.10,2.00,156.80
07.01.2009 14:10:00,991.50,-12.28,261.52,-14.45,83.70,2.37,1.99,0.39,1.25,2.00,1322.98,1.25,2.75,123.90
07.01.2009 14:20:00,991.58,-12.06,261.73,-13.98,85.50,2.42,2.07,0.35,1.30,2.08,1321.93,1.79,3.75,138.30
07.01.2009 14:30:00,991.69,-11.89,261.89,-13.81,85.50,2.45,2.09,0.36,1.31,2.11,1321.20,1.14,2.38,146.70
07.01.2009 14:40:00,991.75,-11.44,262.34,-13.21,86.60,2.54,2.20,0.34,1.38,2.22,1318.96,0.67,1.63,135.30
07.01.2009 14:50:00,991.92,-10.84,262.93,-12.61,86.70,2.67,2.31,0.35,1.45,2.33,1316.11,0.75,1.50,150.00
07.01.2009 15:00:00,991.85,-10.57,263.21,-12.38,86.40,2.72,2.35,0.37,1.48,2.37,1314.64,0.73,1.63,129.20
07.01.2009 15:10:00,991.93,-10.34,263.43,-12.21,86.00,2.77,2.39,0.39,1.50,2.41,1313.58,0.78,1.88,124.80
07.01.2009 15:20:00,991.98,-10.19,263.58,-12.11,85.70,2.81,2.41,0.40,1.51,2.43,1312.89,0.56,1.13,147.10
07.01.2009 15:30:00,992.14,-10.03,263.72,-12.04,85.10,2.84,2.42,0.42,1.52,2.44,1312.29,1.28,2.38,149.80
07.01.2009 15:40:00,992.19,-10.12,263.63,-11.98,86.10,2.82,2.43,0.39,1.53,2.45,1312.80,1.25,3.38,128.90
07.01.2009 15:50:00,992.25,-9.84,263.91,-11.47,87.80,2.89,2.54,0.35,1.59,2.55,1311.44,0.82,1.75,158.20
07.01.2009 16:00:00,992.21,-9.58,264.17,-11.12,88.40,2.95,2.61,0.34,1.64,2.63,1310.05,0.93,2.00,126.20
07.01.2009 16:10:00,992.34,-9.40,264.34,-10.95,88.40,2.99,2.64,0.35,1.66,2.66,1309.31,0.88,1.75,110.60
07.01.2009 16:20:00,992.49,-9.44,264.29,-11.00,88.30,2.98,2.63,0.35,1.65,2.65,1309.72,0.70,1.88,198.00
07.01.2009 16:30:00,992.60,-9.18,264.54,-10.66,88.90,3.04,2.70,0.34,1.70,2.72,1308.53,0.56,1.38,222.90
07.01.2009 16:40:00,992.59,-8.95,264.77,-10.43,88.90,3.10,2.75,0.34,1.73,2.77,1307.36,0.90,1.63,178.60
07.01.2009 16:50:00,992.61,-8.65,265.07,-10.14,88.90,3.17,2.82,0.35,1.77,2.84,1305.87,0.51,1.00,159.40
07.01.2009 17:00:00,992.79,-8.55,265.16,-10.15,88.10,3.20,2.82,0.38,1.77,2.84,1305.61,0.51,1.38,116.20
07.01.2009 17:10:00,992.95,-8.47,265.23,-10.11,87.80,3.22,2.82,0.39,1.77,2.84,1305.43,0.63,1.25,170.50
07.01.2009 17:20:00,992.97,-8.46,265.23,-10.12,87.70,3.22,2.82,0.40,1.77,2.84,1305.40,1.07,2.13,182.10
07.01.2009 17:30:00,993.04,-8.35,265.34,-9.97,88.00,3.25,2.86,0.39,1.79,2.88,1304.94,0.87,2.00,127.60
07.01.2009 17:40:00,993.25,-8.43,265.24,-10.05,88.00,3.23,2.84,0.39,1.78,2.86,1305.62,0.48,1.13,109.10
07.01.2009 17:50:00,993.38,-8.26,265.40,-9.82,88.40,3.27,2.89,0.38,1.81,2.91,1304.92,0.47,1.25,169.20
07.01.2009 18:00:00,993.53,-7.98,265.67,-9.52,88.60,3.34,2.96,0.38,1.86,2.98,1303.71,0.79,1.38,128.70
07.01.2009 18:10:00,993.73,-8.02,265.62,-9.64,88.00,3.33,2.93,0.40,1.84,2.95,1304.17,0.46,1.00,159.80
07.01.2009 18:20:00,993.91,-7.67,265.95,-9.30,88.00,3.43,3.01,0.41,1.89,3.03,1302.65,0.47,1.13,135.90
07.01.2009 18:30:00,994.07,-7.65,265.96,-9.52,86.30,3.43,2.96,0.47,1.85,2.98,1302.80,0.68,1.25,156.90
07.01.2009 18:40:00,994.13,-7.66,265.95,-9.45,86.90,3.43,2.98,0.45,1.87,3.00,1302.92,0.41,1.13,160.80
07.01.2009 18:50:00,994.26,-7.53,266.07,-9.32,86.90,3.46,3.01,0.45,1.88,3.03,1302.43,0.54,1.38,110.00
07.01.2009 19:00:00,994.38,-7.75,265.84,-9.58,86.60,3.40,2.95,0.46,1.85,2.96,1303.69,0.61,1.25,114.90
07.01.2009 19:10:00,994.40,-7.46,266.13,-9.02,88.50,3.48,3.08,0.40,1.93,3.10,1302.24,0.41,0.88,86.50
07.01.2009 19:20:00,994.49,-7.45,266.13,-9.17,87.40,3.48,3.05,0.44,1.91,3.06,1302.32,0.45,1.63,99.70
07.01.2009 19:30:00,994.62,-7.81,265.76,-9.48,87.70,3.39,2.97,0.42,1.86,2.99,1304.30,1.14,1.75,132.10
07.01.2009 19:40:00,994.89,-7.88,265.67,-9.42,88.60,3.37,2.99,0.38,1.87,3.00,1304.99,0.42,1.00,113.30
07.01.2009 19:50:00,994.91,-7.92,265.63,-9.44,88.70,3.36,2.98,0.38,1.86,2.99,1305.21,0.58,1.38,74.80
07.01.2009 20:00:00,995.07,-7.85,265.69,-9.36,88.80,3.38,3.00,0.38,1.88,3.01,1305.07,0.88,1.50,43.83
07.01.2009 20:10:00,995.23,-8.27,265.25,-9.89,88.00,3.27,2.88,0.39,1.80,2.89,1307.41,0.51,0.88,217.20
07.01.2009 20:20:00,995.40,-8.56,264.95,-10.01,89.20,3.19,2.85,0.35,1.78,2.86,1309.09,0.75,1.75,151.10
07.01.2009 20:30:00,995.59,-8.62,264.87,-9.92,90.20,3.18,2.87,0.31,1.79,2.88,1309.62,0.49,1.25,153.80
07.01.2009 20:40:00,995.76,-8.51,264.97,-9.69,91.10,3.21,2.92,0.29,1.83,2.93,1309.27,0.44,0.88,108.60
07.01.2009 20:50:00,995.95,-8.50,264.97,-9.68,91.10,3.21,2.92,0.29,1.83,2.94,1309.47,0.39,1.13,120.90
07.01.2009 21:00:00,996.09,-8.44,265.02,-9.57,91.50,3.22,2.95,0.27,1.84,2.96,1309.35,0.23,0.75,85.20
07.01.2009 21:10:00,996.32,-8.56,264.88,-9.80,90.70,3.19,2.90,0.30,1.81,2.91,1310.27,0.30,0.63,129.00
07.01.2009 21:20:00,996.46,-8.89,264.54,-10.18,90.30,3.11,2.81,0.30,1.76,2.82,1312.13,0.13,0.50,173.40
07.01.2009 21:30:00,996.55,-9.30,264.12,-10.72,89.30,3.01,2.69,0.32,1.68,2.70,1314.35,0.54,1.00,150.60
07.01.2009 21:40:00,996.83,-10.12,263.28,-11.50,89.50,2.82,2.53,0.30,1.58,2.54,1318.90,0.77,1.25,143.20
07.01.2009 21:50:00,997.00,-10.07,263.32,-11.14,91.80,2.84,2.60,0.23,1.63,2.61,1318.83,0.50,1.13,218.40
07.01.2009 22:00:00,997.11,-9.41,263.97,-10.27,93.40,2.99,2.79,0.20,1.74,2.80,1315.59,0.52,1.38,188.10
07.01.2009 22:10:00,997.28,-9.30,264.07,-10.28,92.50,3.01,2.79,0.23,1.74,2.80,1315.27,0.29,1.13,85.40
07.01.2009 22:20:00,997.48,-9.89,263.46,-10.96,91.80,2.88,2.64,0.24,1.65,2.65,1318.56,0.29,1.00,119.30
07.01.2009 22:30:00,997.58,-10.44,262.90,-11.59,91.20,2.75,2.51,0.24,1.57,2.52,1321.51,0.55,1.00,130.50
07.01.2009 22:40:00,997.70,-10.83,262.50,-11.99,91.10,2.67,2.43,0.24,1.52,2.44,1323.67,0.74,1.25,132.00
07.01.2009 22:50:00,997.79,-10.79,262.54,-11.84,91.90,2.68,2.46,0.22,1.53,2.47,1323.57,0.24,0.63,139.40
07.01.2009 23:00:00,997.88,-10.68,262.64,-11.74,91.80,2.70,2.48,0.22,1.55,2.48,1323.13,0.10,0.50,184.20
07.01.2009 23:10:00,998.05,-10.99,262.32,-12.14,91.10,2.63,2.40,0.23,1.50,2.40,1324.97,0.20,0.63,146.60
07.01.2009 23:20:00,998.11,-10.91,262.39,-11.93,92.10,2.65,2.44,0.21,1.52,2.45,1324.62,0.46,1.00,137.20
07.01.2009 23:30:00,998.22,-10.62,262.67,-11.71,91.60,2.71,2.49,0.23,1.55,2.49,1323.28,0.08,0.38,193.00
07.01.2009 23:40:00,998.33,-10.73,262.56,-11.85,91.40,2.69,2.46,0.23,1.53,2.46,1324.00,0.26,0.50,179.80
07.01.2009 23:50:00,998.41,-10.59,262.69,-11.67,91.70,2.72,2.49,0.23,1.56,2.50,1323.38,0.21,0.50,183.30
08.01.2009 00:00:00,998.53,-10.78,262.49,-11.88,91.50,2.68,2.45,0.23,1.53,2.45,1324.52,0.37,0.75,196.20
08.01.2009 00:10:00,998.67,-10.60,262.66,-11.64,92.00,2.72,2.50,0.22,1.56,2.50,1323.77,0.59,0.88,231.80
08.01.2009 00:20:00,998.71,-10.72,262.54,-11.84,91.40,2.69,2.46,0.23,1.53,2.46,1324.45,0.42,0.88,174.00
08.01.2009 00:30:00,998.83,-11.29,261.96,-12.52,90.50,2.57,2.33,0.24,1.45,2.33,1327.55,0.48,0.88,151.40
08.01.2009 00:40:00,998.96,-11.81,261.43,-13.09,90.10,2.47,2.22,0.24,1.38,2.22,1330.43,0.30,0.75,167.20
08.01.2009 00:50:00,999.04,-11.78,261.45,-12.99,90.60,2.47,2.24,0.23,1.40,2.24,1330.37,0.29,0.75,135.30
08.01.2009 01:00:00,999.20,-11.92,261.30,-13.19,90.20,2.44,2.20,0.24,1.37,2.21,1331.32,0.50,0.88,149.10
08.01.2009 01:10:00,999.29,-12.13,261.08,-13.37,90.40,2.40,2.17,0.23,1.35,2.17,1332.51,0.06,0.38,185.50
08.01.2009 01:20:00,999.41,-12.13,261.07,-13.30,90.90,2.40,2.18,0.22,1.36,2.19,1332.68,0.06,0.25,214.80
08.01.2009 01:30:00,999.57,-11.97,261.22,-13.02,91.80,2.43,2.23,0.20,1.39,2.24,1332.05,0.22,0.63,108.00
08.01.2009 01:40:00,999.74,-11.73,261.45,-12.74,92.10,2.48,2.29,0.20,1.42,2.29,1331.02,0.36,0.88,118.30
08.01.2009 01:50:00,999.90,-11.78,261.39,-12.78,92.20,2.47,2.28,0.19,1.42,2.28,1331.50,0.43,0.88,125.00
08.01.2009 02:00:00,1000.02,-11.64,261.52,-12.63,92.30,2.50,2.31,0.19,1.44,2.31,1330.92,0.23,0.63,175.00
08.01.2009 02:10:00,1000.19,-11.82,261.33,-12.91,91.50,2.46,2.25,0.21,1.40,2.25,1332.10,0.32,0.50,109.30
08.01.2009 02:20:00,1000.39,-12.27,260.86,-13.48,90.60,2.38,2.15,0.22,1.34,2.15,1334.71,0.38,0.63,152.40
08.01.2009 02:30:00,1000.56,-12.58,260.54,-13.77,90.70,2.32,2.10,0.22,1.31,2.10,1336.55,0.31,0.50,213.50
08.01.2009 02:40:00,1000.68,-12.55,260.56,-13.68,91.20,2.32,2.12,0.20,1.32,2.12,1336.55,0.30,0.63,215.90
08.01.2009 02:50:00,1000.81,-12.76,260.34,-13.94,90.80,2.28,2.07,0.21,1.29,2.07,1337.82,0.29,0.75,166.60
08.01.2009 03:00:00,1000.98,-12.96,260.13,-14.16,90.60,2.25,2.03,0.21,1.27,2.03,1339.10,0.12,0.50,151.60
08.01.2009 03:10:00,1001.04,-12.95,260.13,-14.18,90.40,2.25,2.03,0.22,1.26,2.03,1339.14,0.45,1.13,187.90
08.01.2009 03:20:00,1001.14,-13.06,260.02,-14.33,90.10,2.23,2.01,0.22,1.25,2.00,1339.84,0.59,0.88,195.50
08.01.2009 03:30:00,1001.23,-13.10,259.97,-14.35,90.20,2.22,2.00,0.22,1.24,2.00,1340.18,0.57,0.88,193.60
08.01.2009 03:40:00,1001.21,-13.13,259.94,-14.40,90.10,2.21,2.00,0.22,1.24,1.99,1340.30,1.00,1.50,223.30
08.01.2009 03:50:00,1001.38,-12.80,260.26,-13.96,90.90,2.27,2.07,0.21,1.29,2.07,1338.80,1.40,2.00,230.60
08.01.2009 04:00:00,1001.46,-12.31,260.74,-13.46,91.00,2.37,2.15,0.21,1.34,2.15,1336.35,1.27,1.88,216.60
08.01.2009 04:10:00,1001.53,-12.08,260.97,-13.21,91.20,2.41,2.20,0.21,1.37,2.20,1335.24,1.25,1.88,238.20
08.01.2009 04:20:00,1001.42,-11.54,261.51,-12.64,91.50,2.52,2.31,0.21,1.43,2.30,1332.29,1.00,1.63,227.40
08.01.2009 04:30:00,1001.42,-11.89,261.16,-13.18,90.00,2.45,2.20,0.24,1.37,2.20,1334.12,0.72,1.75,232.50
08.01.2009 04:40:00,1001.46,-11.91,261.14,-13.15,90.40,2.45,2.21,0.23,1.37,2.21,1334.27,0.86,1.63,210.60
08.01.2009 04:50:00,1001.58,-12.12,260.92,-13.47,89.60,2.40,2.15,0.25,1.34,2.15,1335.53,0.20,0.75,189.90
08.01.2009 05:00:00,1001.67,-12.20,260.84,-13.60,89.20,2.39,2.13,0.26,1.32,2.13,1336.08,0.27,0.75,178.60
08.01.2009 05:10:00,1001.86,-12.21,260.81,-13.65,88.90,2.39,2.12,0.26,1.32,2.12,1336.38,0.61,1.00,159.30
08.01.2009 05:20:00,1001.96,-12.31,260.70,-13.72,89.10,2.37,2.11,0.26,1.31,2.11,1337.03,0.34,0.75,210.70
08.01.2009 05:30:00,1002.03,-12.18,260.83,-13.54,89.50,2.39,2.14,0.25,1.33,2.14,1336.44,0.23,0.88,186.80
08.01.2009 05:40:00,1002.03,-11.94,261.07,-13.25,89.90,2.44,2.19,0.25,1.36,2.19,1335.20,0.41,0.88,216.80
08.01.2009 05:50:00,1002.11,-11.62,261.38,-12.86,90.40,2.50,2.26,0.24,1.41,2.26,1333.63,0.54,0.88,205.50
08.01.2009 06:00:00,1002.15,-11.40,261.60,-12.62,90.60,2.55,2.31,0.24,1.43,2.30,1332.54,0.34,0.75,212.00
08.01.2009 06:10:00,1002.21,-11.27,261.73,-12.53,90.30,2.58,2.33,0.25,1.44,2.32,1331.94,0.19,0.63,193.90
08.01.2009 06:20:00,1002.32,-11.23,261.76,-12.56,89.80,2.58,2.32,0.26,1.44,2.31,1331.89,0.37,0.88,190.30
08.01.2009 06:30:00,1002.31,-11.12,261.87,-12.49,89.50,2.61,2.33,0.27,1.45,2.33,1331.32,0.40,1.00,188.20
08.01.2009 06:40:00,1002.32,-11.26,261.73,-12.68,89.10,2.58,2.30,0.28,1.43,2.29,1332.06,0.41,0.88,199.70
08.01.2009 06:50:00,1002.50,-11.18,261.79,-12.55,89.50,2.59,2.32,0.27,1.44,2.32,1331.87,0.25,0.63,276.50
08.01.2009 07:00:00,1002.52,-10.90,262.07,-12.22,89.90,2.65,2.39,0.27,1.48,2.38,1330.45,0.30,0.63,173.90
08.01.2009 07:10:00,1002.53,-10.67,262.30,-11.95,90.20,2.70,2.44,0.26,1.51,2.43,1329.27,0.30,0.63,221.10
08.01.2009 07:20:00,1002.65,-10.34,262.62,-11.56,90.70,2.77,2.52,0.26,1.56,2.51,1327.73,0.25,0.63,162.40
08.01.2009 07:30:00,1002.87,-10.06,262.88,-11.29,90.60,2.84,2.57,0.27,1.60,2.56,1326.57,0.36,0.75,96.20
08.01.2009 07:40:00,1002.98,-9.84,263.10,-11.23,89.50,2.89,2.58,0.30,1.60,2.58,1325.60,0.37,0.75,173.60
08.01.2009 07:50:00,1003.17,-9.85,263.07,-11.32,88.90,2.89,2.56,0.32,1.59,2.56,1325.92,0.37,0.75,155.10
08.01.2009 08:00:00,1003.33,-10.01,262.90,-11.49,88.80,2.85,2.53,0.32,1.57,2.52,1326.96,0.39,0.75,204.70
08.01.2009 08:10:00,1003.40,-10.00,262.90,-11.43,89.20,2.85,2.54,0.31,1.58,2.53,1326.99,0.54,0.88,211.80
08.01.2009 08:20:00,1003.50,-10.03,262.87,-11.43,89.40,2.84,2.54,0.30,1.58,2.53,1327.27,0.51,1.00,207.90
08.01.2009 08:30:00,1003.60,-9.97,262.92,-11.31,89.80,2.86,2.57,0.29,1.59,2.56,1327.09,0.77,1.25,190.70
08.01.2009 08:40:00,1003.70,-10.08,262.80,-11.44,89.70,2.83,2.54,0.29,1.58,2.53,1327.79,0.70,1.50,181.20
08.01.2009 08:50:00,1003.86,-10.11,262.76,-11.45,89.80,2.83,2.54,0.29,1.57,2.53,1328.15,0.62,0.88,199.50
08.01.2009 09:00:00,1003.95,-10.04,262.82,-11.40,89.70,2.84,2.55,0.29,1.58,2.54,1327.92,0.55,1.00,204.60
08.01.2009 09:10:00,1004.14,-9.59,263.26,-10.91,90.00,2.95,2.65,0.29,1.64,2.64,1325.84,0.28,0.63,123.80
08.01.2009 09:20:00,1004.16,-9.21,263.64,-10.73,88.60,3.04,2.69,0.35,1.67,2.68,1323.94,0.40,0.75,203.30
08.01.2009 09:30:00,1004.21,-9.07,263.77,-10.69,87.90,3.07,2.70,0.37,1.67,2.69,1323.31,0.25,0.63,196.90
08.01.2009 09:40:00,1004.30,-8.85,263.99,-10.55,87.40,3.12,2.73,0.39,1.69,2.72,1322.31,0.26,0.63,195.90
08.01.2009 09:50:00,1004.37,-8.46,264.37,-10.21,87.10,3.22,2.80,0.42,1.74,2.79,1320.41,0.35,0.75,162.30
08.01.2009 10:00:00,1004.31,-8.07,264.76,-10.10,85.20,3.32,2.83,0.49,1.75,2.82,1318.38,0.33,0.75,190.10
08.01.2009 10:10:00,1004.33,-7.56,265.27,-9.79,83.90,3.45,2.90,0.56,1.80,2.89,1315.85,0.34,0.63,160.60
08.01.2009 10:20:00,1004.36,-7.02,265.81,-9.60,81.70,3.60,2.94,0.66,1.82,2.93,1313.19,0.39,1.00,163.80
08.01.2009 10:30:00,1004.37,-6.35,266.48,-9.41,78.70,3.80,2.99,0.81,1.85,2.97,1309.87,0.72,1.25,144.20
08.01.2009 10:40:00,1004.53,-6.31,266.50,-9.69,76.80,3.81,2.92,0.88,1.81,2.91,1309.94,0.84,1.50,165.10
08.01.2009 10:50:00,1004.61,-6.25,266.56,-9.71,76.30,3.82,2.92,0.91,1.81,2.90,1309.72,1.05,1.50,169.60
08.01.2009 11:00:00,1004.60,-6.53,266.28,-10.00,76.20,3.74,2.85,0.89,1.77,2.84,1311.16,1.35,1.88,134.80
08.01.2009 11:10:00,1004.57,-7.15,265.66,-10.21,78.60,3.57,2.80,0.76,1.74,2.79,1314.17,1.66,2.00,146.00
08.01.2009 11:20:00,1004.56,-6.91,265.90,-9.93,78.90,3.63,2.87,0.77,1.78,2.85,1312.94,1.37,2.25,144.40
08.01.2009 11:30:00,1004.54,-7.04,265.78,-10.02,79.10,3.60,2.85,0.75,1.76,2.83,1313.57,1.93,2.75,162.20
08.01.2009 11:40:00,1004.44,-6.84,265.98,-9.77,79.50,3.65,2.90,0.75,1.80,2.89,1312.42,1.89,2.75,164.70
08.01.2009 11:50:00,1004.35,-6.83,266.00,-9.82,79.10,3.66,2.89,0.76,1.79,2.88,1312.28,2.04,2.75,145.70
08.01.2009 12:00:00,1004.33,-6.84,265.99,-9.69,80.00,3.65,2.92,0.73,1.81,2.91,1312.26,2.13,3.50,146.30
08.01.2009 12:10:00,1004.34,-6.56,266.27,-9.38,80.20,3.73,2.99,0.74,1.86,2.98,1310.88,2.24,4.13,154.50
08.01.2009 12:20:00,1004.32,-6.47,266.36,-9.33,80.00,3.76,3.01,0.75,1.86,2.99,1310.39,1.99,3.25,140.50
08.01.2009 12:30:00,1004.34,-6.02,266.81,-8.90,79.90,3.89,3.11,0.78,1.93,3.10,1308.16,1.20,2.38,167.60
08.01.2009 12:40:00,1004.31,-5.37,267.46,-8.61,77.80,4.09,3.18,0.91,1.97,3.17,1304.93,1.31,2.38,174.20
08.01.2009 12:50:00,1004.24,-4.80,268.04,-8.25,76.60,4.27,3.27,1.00,2.03,3.26,1302.00,1.30,1.88,157.40
08.01.2009 13:00:00,1004.23,-4.27,268.57,-7.94,75.40,4.45,3.35,1.09,2.08,3.34,1299.39,1.49,2.38,163.50
08.01.2009 13:10:00,1004.09,-4.06,268.79,-7.79,75.10,4.52,3.39,1.13,2.11,3.38,1298.17,1.93,2.75,168.10
08.01.2009 13:20:00,1003.90,-4.20,268.66,-7.79,75.90,4.47,3.39,1.08,2.11,3.38,1298.59,2.17,3.00,171.40
08.01.2009 13:30:00,1003.86,-4.42,268.44,-7.78,77.20,4.40,3.39,1.00,2.11,3.38,1299.62,2.52,3.50,158.50
08.01.2009 13:40:00,1003.80,-4.42,268.45,-7.74,77.50,4.40,3.41,0.99,2.11,3.39,1299.54,2.94,4.13,150.40
08.01.2009 13:50:00,1003.73,-4.57,268.30,-7.67,78.80,4.35,3.43,0.92,2.13,3.41,1300.16,2.83,3.88,154.90
08.01.2009 14:00:00,1003.72,-4.73,268.14,-7.75,79.30,4.29,3.41,0.89,2.11,3.39,1300.94,2.61,3.63,152.80
08.01.2009 14:10:00,1003.69,-5.30,267.58,-7.96,81.40,4.11,3.35,0.77,2.08,3.34,1303.67,2.73,3.63,158.80
08.01.2009 14:20:00,1003.65,-5.34,267.54,-7.91,82.00,4.10,3.36,0.74,2.09,3.35,1303.85,2.42,3.50,152.40
08.01.2009 14:30:00,1003.50,-4.96,267.94,-7.68,81.10,4.22,3.42,0.80,2.12,3.41,1301.73,2.40,3.38,172.50
08.01.2009 14:40:00,1003.45,-4.69,268.20,-7.66,79.60,4.31,3.43,0.88,2.13,3.42,1300.40,2.28,2.88,168.70
08.01.2009 14:50:00,1003.44,-4.43,268.47,-7.57,78.60,4.39,3.45,0.94,2.14,3.44,1299.10,1.91,2.63,164.80
08.01.2009 15:00:00,1003.44,-4.27,268.62,-7.59,77.50,4.45,3.45,1.00,2.14,3.43,1298.34,1.39,2.13,169.50
08.01.2009 15:10:00,1003.42,-4.69,268.21,-7.92,78.00,4.31,3.36,0.95,2.09,3.35,1300.37,1.44,2.00,190.80
08.01.2009 15:20:00,1003.40,-5.10,267.80,-7.98,80.10,4.17,3.34,0.83,2.08,3.33,1302.35,0.83,2.00,172.20
08.01.2009 15:30:00,1003.44,-5.15,267.75,-8.04,80.00,4.16,3.33,0.83,2.07,3.32,1302.63,1.37,2.63,181.40
08.01.2009 15:40:00,1003.41,-5.37,267.53,-8.12,80.80,4.09,3.31,0.79,2.05,3.29,1303.68,1.22,2.13,174.70
08.01.2009 15:50:00,1003.46,-5.11,267.78,-7.84,81.00,4.17,3.38,0.79,2.10,3.37,1302.47,0.54,1.25,174.20
08.01.2009 16:00:00,1003.52,-4.97,267.92,-7.78,80.50,4.22,3.40,0.82,2.11,3.38,1301.83,0.39,1.13,104.10
08.01.2009 16:10:00,1003.47,-5.81,267.09,-8.42,81.70,3.96,3.23,0.72,2.01,3.22,1305.94,0.44,0.88,305.70
08.01.2009 16:20:00,1003.42,-6.61,266.29,-8.74,84.70,3.72,3.15,0.57,1.96,3.14,1309.82,0.38,0.63,200.10
08.01.2009 16:30:00,1003.48,-7.11,265.79,-8.83,87.40,3.58,3.13,0.45,1.94,3.12,1312.40,0.51,0.75,261.10
08.01.2009 16:40:00,1003.58,-7.34,265.55,-8.83,89.00,3.51,3.13,0.39,1.94,3.12,1313.66,0.56,0.88,233.30
08.01.2009 16:50:00,1003.60,-7.63,265.26,-9.00,89.80,3.44,3.09,0.35,1.91,3.07,1315.14,0.51,1.38,234.90
08.01.2009 17:00:00,1003.61,-7.77,265.12,-8.99,90.90,3.40,3.09,0.31,1.92,3.08,1315.85,0.86,1.25,243.80
08.01.2009 17:10:00,1003.57,-7.93,264.96,-9.12,91.10,3.36,3.06,0.30,1.90,3.05,1316.60,1.29,2.00,224.80
08.01.2009 17:20:00,1003.65,-8.27,264.61,-9.48,90.90,3.27,2.97,0.30,1.84,2.96,1318.43,1.99,2.50,223.80
08.01.2009 17:30:00,1003.74,-8.33,264.55,-9.47,91.40,3.25,2.97,0.28,1.84,2.96,1318.86,1.32,2.13,227.60
08.01.2009 17:40:00,1003.74,-8.44,264.44,-9.54,91.70,3.22,2.96,0.27,1.83,2.95,1319.41,1.10,1.63,225.00
08.01.2009 17:50:00,1003.76,-8.48,264.40,-9.50,92.30,3.21,2.97,0.25,1.84,2.96,1319.63,0.56,1.25,194.60
08.01.2009 18:00:00,1003.85,-8.65,264.22,-9.65,92.40,3.17,2.93,0.24,1.82,2.92,1320.61,0.55,0.88,216.70
08.01.2009 18:10:00,1003.82,-8.84,264.03,-9.83,92.50,3.13,2.89,0.23,1.79,2.88,1321.55,0.31,1.00,152.10
08.01.2009 18:20:00,1003.78,-9.08,263.80,-10.12,92.10,3.07,2.82,0.24,1.75,2.81,1322.73,0.40,1.13,146.40
08.01.2009 18:30:00,1003.75,-9.49,263.39,-10.59,91.60,2.97,2.72,0.25,1.69,2.71,1324.79,1.32,1.75,198.20
08.01.2009 18:40:00,1003.75,-9.67,263.21,-10.78,91.50,2.93,2.68,0.25,1.66,2.67,1325.72,1.17,1.63,216.20
08.01.2009 18:50:00,1003.80,-9.99,262.88,-11.11,91.40,2.85,2.61,0.25,1.62,2.60,1327.44,1.26,2.00,223.30
08.01.2009 19:00:00,1003.87,-10.23,262.64,-11.32,91.60,2.80,2.56,0.24,1.59,2.55,1328.76,0.61,1.13,194.30
08.01.2009 19:10:00,1003.87,-10.50,262.37,-11.58,91.70,2.74,2.51,0.23,1.56,2.50,1330.16,0.50,1.00,176.50
08.01.2009 19:20:00,1003.98,-10.62,262.24,-11.64,92.10,2.71,2.50,0.21,1.55,2.49,1330.91,0.53,1.00,192.90
08.01.2009 19:30:00,1003.98,-10.53,262.33,-11.51,92.40,2.73,2.53,0.21,1.57,2.52,1330.44,0.98,1.50,198.60
08.01.2009 19:40:00,1003.93,-10.49,262.38,-11.47,92.40,2.74,2.53,0.21,1.57,2.52,1330.18,0.50,0.88,232.40
08.01.2009 19:50:00,1004.03,-10.57,262.29,-11.65,91.70,2.72,2.50,0.23,1.55,2.49,1330.72,0.41,0.88,84.50
08.01.2009 20:00:00,1004.01,-10.67,262.19,-11.73,91.80,2.70,2.48,0.22,1.54,2.47,1331.22,0.25,0.63,84.90
08.01.2009 20:10:00,1004.07,-10.74,262.12,-11.87,91.30,2.69,2.45,0.23,1.52,2.44,1331.66,0.29,0.75,181.10
08.01.2009 20:20:00,1004.11,-11.00,261.85,-12.26,90.30,2.63,2.38,0.26,1.47,2.37,1333.07,0.80,1.50,191.00
08.01.2009 20:30:00,1004.18,-11.07,261.78,-12.31,90.50,2.62,2.37,0.25,1.47,2.36,1333.53,0.42,1.00,155.20
08.01.2009 20:40:00,1004.22,-11.20,261.64,-12.54,89.70,2.59,2.32,0.27,1.44,2.31,1334.27,0.70,1.13,188.10
08.01.2009 20:50:00,1004.15,-11.49,261.36,-12.86,89.50,2.53,2.26,0.27,1.40,2.26,1335.68,1.07,1.38,201.80
08.01.2009 21:00:00,1004.11,-11.59,261.26,-12.86,90.20,2.51,2.26,0.25,1.40,2.25,1336.14,1.09,1.50,217.50
08.01.2009 21:10:00,1004.11,-11.55,261.30,-12.70,91.10,2.52,2.29,0.22,1.42,2.28,1335.92,1.08,1.38,192.10
08.01.2009 21:20:00,1004.21,-11.55,261.30,-12.59,91.90,2.52,2.31,0.20,1.43,2.30,1336.04,0.52,1.13,197.40
08.01.2009 21:30:00,1004.22,-11.56,261.29,-12.62,91.80,2.52,2.31,0.21,1.43,2.30,1336.11,0.36,1.00,147.10
08.01.2009 21:40:00,1004.15,-11.61,261.24,-12.64,92.00,2.51,2.31,0.20,1.43,2.30,1336.28,0.37,0.75,208.80
08.01.2009 21:50:00,1004.11,-11.65,261.20,-12.70,91.80,2.50,2.29,0.20,1.42,2.28,1336.43,0.33,0.63,172.10
08.01.2009 22:00:00,1004.11,-12.10,260.75,-13.23,91.20,2.41,2.20,0.21,1.36,2.19,1338.78,0.48,0.75,153.60
08.01.2009 22:10:00,1004.00,-12.50,260.36,-13.64,91.10,2.33,2.12,0.21,1.32,2.12,1340.73,0.74,1.63,205.10
08.01.2009 22:20:00,1003.99,-12.74,260.12,-13.85,91.30,2.29,2.09,0.20,1.29,2.08,1341.97,1.26,1.88,210.90
08.01.2009 22:30:00,1003.92,-12.78,260.09,-13.82,91.80,2.28,2.09,0.19,1.30,2.08,1342.08,0.82,1.75,179.70
08.01.2009 22:40:00,1003.86,-12.81,260.06,-13.87,91.70,2.27,2.08,0.19,1.29,2.08,1342.16,1.22,1.88,179.40
08.01.2009 22:50:00,1003.87,-13.09,259.78,-14.14,91.70,2.22,2.04,0.18,1.26,2.03,1343.64,1.15,1.88,172.00
08.01.2009 23:00:00,1003.88,-13.25,259.62,-14.29,91.80,2.19,2.01,0.18,1.25,2.01,1344.50,1.22,1.88,156.10
08.01.2009 23:10:00,1003.76,-13.39,259.49,-14.43,91.80,2.17,1.99,0.18,1.23,1.98,1345.07,1.56,2.00,188.60
08.01.2009 23:20:00,1003.74,-13.53,259.35,-14.59,91.60,2.14,1.96,0.18,1.22,1.96,1345.78,1.42,1.75,203.90
08.01.2009 23:30:00,1003.75,-13.70,259.18,-14.79,91.40,2.11,1.93,0.18,1.20,1.92,1346.69,1.39,2.00,211.10
08.01.2009 23:40:00,1003.69,-13.80,259.09,-14.91,91.20,2.10,1.91,0.18,1.19,1.90,1347.14,1.15,1.63,218.20
08.01.2009 23:50:00,1003.72,-13.89,258.99,-15.03,91.00,2.08,1.89,0.19,1.17,1.89,1347.66,0.80,1.38,215.90
09.01.2009 00:00:00,1003.66,-13.91,258.98,-15.06,90.90,2.08,1.89,0.19,1.17,1.88,1347.69,1.00,1.50,217.90
09.01.2009 00:10:00,1003.58,-14.05,258.85,-15.24,90.60,2.05,1.86,0.19,1.15,1.85,1348.31,0.96,1.38,193.20
09.01.2009 00:20:00,1003.60,-14.26,258.63,-15.49,90.30,2.02,1.82,0.20,1.13,1.82,1349.46,0.76,1.38,174.80
09.01.2009 00:30:00,1003.52,-14.36,258.54,-15.59,90.30,2.00,1.81,0.19,1.12,1.80,1349.87,0.51,0.88,183.60
09.01.2009 00:40:00,1003.42,-14.39,258.52,-15.63,90.20,2.00,1.80,0.20,1.12,1.79,1349.91,0.71,1.13,194.00
09.01.2009 00:50:00,1003.38,-14.41,258.50,-15.65,90.20,1.99,1.80,0.20,1.12,1.79,1349.96,0.60,1.00,175.10
09.01.2009 01:00:00,1003.36,-14.46,258.45,-15.71,90.10,1.98,1.79,0.20,1.11,1.78,1350.20,0.38,0.75,175.80
09.01.2009 01:10:00,1003.25,-14.52,258.40,-15.81,89.80,1.97,1.77,0.20,1.10,1.77,1350.37,0.48,0.88,180.70
09.01.2009 01:20:00,1003.23,-14.59,258.33,-15.87,89.90,1.96,1.77,0.20,1.10,1.76,1350.72,0.46,1.00,70.40
09.01.2009 01:30:00,1003.25,-14.71,258.21,-16.02,89.60,1.94,1.74,0.20,1.08,1.74,1351.38,0.41,0.88,166.70
09.01.2009 01:40:00,1003.27,-14.89,258.03,-16.24,89.30,1.92,1.71,0.20,1.06,1.70,1352.36,0.60,1.50,99.80
09.01.2009 01:50:00,1003.37,-15.20,257.71,-16.56,89.20,1.87,1.66,0.20,1.03,1.66,1354.14,0.59,1.50,53.07
09.01.2009 02:00:00,1003.48,-15.15,257.75,-16.45,89.70,1.87,1.68,0.19,1.04,1.68,1354.02,0.35,0.75,133.30
09.01.2009 02:10:00,1003.45,-14.98,257.93,-16.29,89.60,1.90,1.70,0.20,1.06,1.70,1353.08,0.26,0.63,187.30
09.01.2009 02:20:00,1003.38,-15.28,257.63,-16.69,88.80,1.85,1.65,0.21,1.02,1.64,1354.59,0.58,1.00,180.00
09.01.2009 02:30:00,1003.37,-15.67,257.24,-17.09,88.70,1.79,1.59,0.20,0.99,1.59,1356.65,0.84,1.13,208.30
09.01.2009 02:40:00,1003.29,-15.74,257.18,-17.13,88.90,1.78,1.59,0.20,0.98,1.58,1356.93,0.68,1.13,189.40
09.01.2009 02:50:00,1003.45,-15.67,257.24,-17.05,89.00,1.79,1.60,0.20,0.99,1.59,1356.75,0.47,1.25,120.10
09.01.2009 03:00:00,1003.50,-15.74,257.16,-17.16,88.70,1.78,1.58,0.20,0.98,1.58,1357.20,0.61,1.00,151.10
09.01.2009 03:10:00,1003.47,-15.98,256.93,-17.44,88.40,1.75,1.55,0.20,0.96,1.54,1358.44,0.65,1.38,168.60
09.01.2009 03:20:00,1003.41,-16.03,256.88,-17.45,88.70,1.74,1.54,0.20,0.96,1.54,1358.63,0.24,0.88,128.90
09.01.2009 03:30:00,1003.38,-16.10,256.81,-17.53,88.60,1.73,1.53,0.20,0.95,1.53,1358.96,0.38,0.75,27.47
09.01.2009 03:40:00,1003.29,-15.97,256.95,-17.35,89.00,1.75,1.56,0.19,0.97,1.55,1358.14,0.28,0.75,145.50
09.01.2009 03:50:00,1003.25,-16.23,256.69,-17.71,88.20,1.71,1.51,0.20,0.94,1.50,1359.49,0.38,0.63,200.10
09.01.2009 04:00:00,1003.25,-16.29,256.63,-17.74,88.40,1.70,1.51,0.20,0.93,1.50,1359.81,0.23,0.50,190.20
09.01.2009 04:10:00,1003.25,-16.43,256.49,-17.92,88.10,1.68,1.48,0.20,0.92,1.48,1360.56,0.30,0.75,182.80
09.01.2009 04:20:00,1003.18,-16.62,256.31,-18.12,88.00,1.66,1.46,0.20,0.90,1.45,1361.49,0.80,1.25,168.40
09.01.2009 04:30:00,1003.14,-16.73,256.20,-18.23,88.00,1.64,1.44,0.20,0.90,1.44,1362.03,0.88,1.63,128.90
09.01.2009 04:40:00,1003.15,-16.72,256.21,-18.18,88.30,1.64,1.45,0.19,0.90,1.45,1361.98,0.35,0.63,115.00
09.01.2009 04:50:00,1003.15,-16.63,256.30,-18.11,88.20,1.66,1.46,0.20,0.91,1.46,1361.50,0.20,0.75,147.80
09.01.2009 05:00:00,1003.13,-16.65,256.28,-18.14,88.10,1.65,1.46,0.20,0.90,1.45,1361.58,0.38,0.88,151.40
09.01.2009 05:10:00,1003.20,-16.67,256.26,-18.17,88.00,1.65,1.45,0.20,0.90,1.45,1361.79,0.48,1.25,75.50
09.01.2009 05:20:00,1003.30,-16.83,256.09,-18.33,88.00,1.63,1.43,0.20,0.89,1.43,1362.78,0.37,1.13,129.50
09.01.2009 05:30:00,1003.24,-16.70,256.22,-18.17,88.20,1.65,1.45,0.19,0.90,1.45,1362.00,0.27,0.63,59.56
09.01.2009 05:40:00,1003.13,-16.07,256.86,-17.39,89.40,1.74,1.55,0.18,0.96,1.55,1358.46,0.26,0.75,121.10
09.01.2009 05:50:00,1003.09,-16.02,256.91,-17.48,88.40,1.74,1.54,0.20,0.96,1.54,1358.14,0.51,0.88,195.80
09.01.2009 06:00:00,1003.12,-16.64,256.29,-18.22,87.40,1.65,1.45,0.21,0.90,1.44,1361.52,0.81,1.25,162.60
09.01.2009 06:10:00,1003.19,-16.94,255.99,-18.48,87.70,1.61,1.41,0.20,0.88,1.41,1363.22,0.38,1.00,140.60
09.01.2009 06:20:00,1003.29,-17.03,255.89,-18.58,87.60,1.60,1.40,0.20,0.87,1.40,1363.85,0.92,1.63,142.20
09.01.2009 06:30:00,1003.25,-17.19,255.73,-18.71,87.80,1.58,1.39,0.19,0.86,1.38,1364.66,0.25,1.00,104.70
09.01.2009 06:40:00,1003.25,-16.68,256.24,-18.10,88.60,1.65,1.46,0.19,0.91,1.46,1361.91,0.41,0.75,136.70
09.01.2009 06:50:00,1003.21,-16.40,256.52,-17.84,88.50,1.69,1.49,0.19,0.93,1.49,1360.35,0.41,0.88,126.90
09.01.2009 07:00:00,1003.25,-16.29,256.63,-17.74,88.40,1.70,1.51,0.20,0.93,1.50,1359.81,0.22,0.50,86.50
09.01.2009 07:10:00,1003.14,-16.38,256.55,-17.89,88.00,1.69,1.49,0.20,0.92,1.48,1360.14,0.48,0.88,198.80
09.01.2009 07:20:00,1003.12,-16.92,256.01,-18.52,87.20,1.61,1.41,0.21,0.87,1.40,1363.02,0.70,1.38,183.40
09.01.2009 07:30:00,1003.08,-17.09,255.84,-18.60,87.90,1.59,1.40,0.19,0.87,1.39,1363.89,0.37,0.88,159.30
09.01.2009 07:40:00,1003.13,-17.13,255.80,-18.69,87.50,1.59,1.39,0.20,0.86,1.38,1364.17,0.33,0.88,150.80
09.01.2009 07:50:00,1003.03,-17.10,255.84,-18.62,87.80,1.59,1.40,0.19,0.87,1.39,1363.88,0.40,1.00,168.40
09.01.2009 08:00:00,1003.10,-17.02,255.91,-18.54,87.80,1.60,1.41,0.20,0.87,1.40,1363.53,0.21,0.75,169.90
09.01.2009 08:10:00,1003.11,-17.03,255.90,-18.57,87.70,1.60,1.40,0.20,0.87,1.40,1363.61,0.64,1.38,206.10
09.01.2009 08:20:00,1003.18,-16.80,256.13,-18.30,88.00,1.63,1.44,0.20,0.89,1.43,1362.45,0.72,1.13,160.80
09.01.2009 08:30:00,1003.25,-16.96,255.96,-18.62,86.80,1.61,1.40,0.21,0.87,1.39,1363.43,0.75,1.25,193.00
09.01.2009 08:40:00,1003.34,-16.78,256.14,-18.41,87.00,1.63,1.42,0.21,0.88,1.42,1362.58,0.91,1.75,194.70
09.01.2009 08:50:00,1003.33,-16.09,256.83,-17.73,87.00,1.73,1.51,0.23,0.93,1.50,1358.87,1.26,2.38,173.00
09.01.2009 09:00:00,1003.32,-16.18,256.74,-17.85,86.80,1.72,1.49,0.23,0.93,1.49,1359.33,1.05,2.50,149.60
09.01.2009 09:10:00,1003.27,-16.30,256.62,-17.93,87.10,1.70,1.48,0.22,0.92,1.48,1359.91,0.63,1.13,171.80
09.01.2009 09:20:00,1003.37,-16.53,256.38,-18.23,86.50,1.67,1.44,0.23,0.90,1.44,1361.28,0.51,0.88,155.30
09.01.2009 09:30:00,1003.40,-16.49,256.42,-18.13,87.00,1.67,1.46,0.22,0.90,1.45,1361.09,0.53,1.13,150.80
09.01.2009 09:40:00,1003.66,-16.30,256.59,-17.94,87.00,1.70,1.48,0.22,0.92,1.48,1360.43,0.35,0.75,104.30
09.01.2009 09:50:00,1003.68,-15.72,257.17,-17.27,87.70,1.79,1.57,0.22,0.97,1.56,1357.35,0.29,0.63,202.40
09.01.2009 10:00:00,1003.85,-15.23,257.65,-16.86,87.20,1.86,1.62,0.24,1.01,1.62,1354.98,0.90,1.75,143.30
09.01.2009 10:10:00,1003.87,-14.91,257.97,-16.49,87.60,1.91,1.67,0.24,1.04,1.67,1353.29,0.71,1.25,131.00
09.01.2009 10:20:00,1003.87,-13.80,259.07,-15.33,88.10,2.10,1.85,0.25,1.14,1.84,1347.41,0.49,0.88,157.70
09.01.2009 10:30:00,1003.86,-13.11,259.76,-14.78,87.10,2.22,1.93,0.29,1.20,1.92,1343.79,0.43,1.00,143.60
09.01.2009 10:40:00,1003.76,-12.90,259.98,-14.77,85.70,2.26,1.93,0.32,1.20,1.93,1342.57,1.03,1.50,197.70
09.01.2009 10:50:00,1003.79,-13.23,259.65,-15.27,84.50,2.20,1.86,0.34,1.15,1.85,1344.34,1.08,1.38,218.30
09.01.2009 11:00:00,1003.87,-12.89,259.98,-14.86,85.00,2.26,1.92,0.34,1.19,1.91,1342.66,0.84,1.25,210.30
09.01.2009 11:10:00,1003.74,-12.22,260.66,-14.35,84.00,2.38,2.00,0.38,1.24,2.00,1339.01,1.06,1.88,174.80
09.01.2009 11:20:00,1003.56,-12.21,260.69,-14.50,82.90,2.39,1.98,0.41,1.23,1.97,1338.72,0.96,1.75,144.40
09.01.2009 11:30:00,1003.50,-11.77,261.13,-14.14,82.40,2.47,2.04,0.44,1.26,2.03,1336.36,0.79,1.50,163.90
09.01.2009 11:40:00,1003.35,-11.48,261.43,-14.03,81.20,2.53,2.06,0.48,1.28,2.05,1334.68,0.49,0.88,139.60
09.01.2009 11:50:00,1003.31,-10.67,262.24,-13.41,80.10,2.70,2.16,0.54,1.34,2.16,1330.44,0.72,1.63,146.10
09.01.2009 12:00:00,1003.27,-10.47,262.45,-13.24,79.90,2.75,2.19,0.55,1.36,2.19,1329.36,0.91,2.00,155.60
09.01.2009 12:10:00,1003.23,-9.81,263.11,-12.74,79.00,2.89,2.29,0.61,1.42,2.28,1325.93,0.72,1.50,163.10
09.01.2009 12:20:00,1003.22,-9.51,263.41,-12.94,75.90,2.96,2.25,0.71,1.40,2.24,1324.43,0.69,1.63,126.00
09.01.2009 12:30:00,1003.06,-9.47,263.46,-12.98,75.40,2.97,2.24,0.73,1.39,2.24,1324.02,0.99,1.75,125.40
09.01.2009 12:40:00,1003.01,-8.43,264.50,-11.97,75.40,3.23,2.43,0.79,1.51,2.43,1318.66,0.47,1.13,134.90
09.01.2009 12:50:00,1003.00,-7.42,265.51,-11.74,71.00,3.49,2.48,1.01,1.54,2.47,1313.61,0.35,0.75,59.14
09.01.2009 13:00:00,1002.79,-6.43,266.52,-11.54,66.82,3.77,2.52,1.25,1.56,2.51,1308.43,0.68,1.63,212.80
09.01.2009 13:10:00,1002.66,-6.10,266.86,-11.77,63.94,3.87,2.47,1.39,1.54,2.47,1306.69,1.08,2.00,189.10
09.01.2009 13:20:00,1002.50,-6.40,266.57,-12.04,64.02,3.78,2.42,1.36,1.50,2.41,1307.95,1.53,2.38,159.60
09.01.2009 13:30:00,1002.39,-6.44,266.54,-11.83,65.32,3.77,2.46,1.31,1.53,2.46,1307.98,1.21,1.88,173.20
09.01.2009 13:40:00,1002.38,-5.38,267.60,-11.18,63.49,4.09,2.59,1.49,1.61,2.59,1302.74,0.80,1.50,175.00
09.01.2009 13:50:00,1002.30,-4.49,268.49,-10.81,61.08,4.37,2.67,1.70,1.66,2.67,1298.29,0.79,1.38,195.50
09.01.2009 14:00:00,1002.18,-4.91,268.09,-11.27,60.78,4.24,2.58,1.66,1.60,2.57,1300.19,1.03,2.00,202.10
09.01.2009 14:10:00,1002.28,-5.74,267.24,-11.34,64.43,3.98,2.56,1.41,1.59,2.56,1304.40,0.49,1.00,344.70
09.01.2009 14:20:00,1002.28,-5.28,267.70,-10.65,65.76,4.12,2.71,1.41,1.68,2.70,1302.08,0.38,0.88,143.80
09.01.2009 14:30:00,1002.27,-4.31,268.68,-10.45,61.99,4.44,2.75,1.69,1.71,2.74,1297.32,0.94,1.50,196.90
09.01.2009 14:40:00,1002.19,-4.30,268.69,-10.52,61.64,4.44,2.74,1.70,1.70,2.73,1297.19,0.69,1.63,199.30
09.01.2009 14:50:00,1002.25,-3.61,269.38,-10.16,60.20,4.67,2.81,1.86,1.75,2.81,1293.90,0.83,1.75,192.30
09.01.2009 15:00:00,1002.12,-3.69,269.31,-10.28,59.98,4.65,2.79,1.86,1.73,2.78,1294.12,1.05,1.63,206.20
09.01.2009 15:10:00,1002.04,-4.99,268.02,-10.87,63.15,4.21,2.66,1.55,1.65,2.65,1300.35,1.04,1.63,218.20
09.01.2009 15:20:00,1002.14,-5.25,267.74,-10.56,66.08,4.13,2.73,1.40,1.69,2.72,1301.75,0.73,1.50,205.90
09.01.2009 15:30:00,1002.19,-5.06,267.93,-10.39,65.98,4.19,2.76,1.42,1.72,2.76,1300.87,0.55,1.13,189.20
09.01.2009 15:40:00,1002.19,-4.48,268.51,-10.26,63.83,4.38,2.79,1.58,1.74,2.79,1298.05,0.77,1.25,199.80
09.01.2009 15:50:00,1002.17,-4.65,268.34,-10.38,64.00,4.32,2.77,1.56,1.72,2.76,1298.85,0.58,1.00,207.90
09.01.2009 16:00:00,1002.20,-4.75,268.24,-10.28,65.01,4.29,2.79,1.50,1.73,2.78,1299.37,0.41,0.88,154.50
09.01.2009 16:10:00,1002.30,-5.63,267.36,-10.71,67.18,4.01,2.69,1.32,1.67,2.69,1303.79,0.70,1.50,38.02
09.01.2009 16:20:00,1002.38,-6.84,266.14,-10.78,73.30,3.65,2.68,0.98,1.66,2.67,1309.85,0.28,0.75,309.00
09.01.2009 16:30:00,1002.32,-7.52,265.46,-11.09,75.40,3.47,2.61,0.85,1.62,2.61,1313.15,0.68,1.00,210.00
09.01.2009 16:40:00,1002.49,-7.88,265.09,-11.03,77.90,3.37,2.62,0.74,1.63,2.62,1315.15,0.58,1.00,40.63
09.01.2009 16:50:00,1002.49,-8.09,264.88,-11.02,79.30,3.31,2.63,0.69,1.63,2.62,1316.19,0.70,1.00,23.50
09.01.2009 17:00:00,1002.49,-8.27,264.70,-11.11,79.80,3.27,2.61,0.66,1.62,2.60,1317.10,0.20,0.88,62.01
09.01.2009 17:10:00,1002.50,-8.39,264.58,-10.98,81.40,3.24,2.64,0.60,1.64,2.63,1317.70,0.39,0.75,229.40
09.01.2009 17:20:00,1002.53,-8.52,264.45,-10.90,82.80,3.20,2.65,0.55,1.65,2.65,1318.36,0.27,0.63,237.50
09.01.2009 17:30:00,1002.43,-8.58,264.40,-10.76,84.10,3.19,2.68,0.51,1.67,2.68,1318.52,1.48,2.38,223.00
09.01.2009 17:40:00,1002.55,-8.48,264.49,-10.40,85.90,3.21,2.76,0.45,1.72,2.75,1318.15,1.12,2.13,222.40
09.01.2009 17:50:00,1002.71,-8.74,264.22,-10.63,86.10,3.15,2.71,0.44,1.68,2.70,1319.67,0.34,0.75,173.20
09.01.2009 18:00:00,1002.76,-9.15,263.80,-11.04,86.00,3.05,2.62,0.43,1.63,2.62,1321.84,1.09,1.88,198.40
09.01.2009 18:10:00,1002.77,-9.56,263.39,-11.25,87.40,2.95,2.58,0.37,1.60,2.57,1323.93,1.45,1.88,221.70
09.01.2009 18:20:00,1002.86,-9.45,263.49,-11.00,88.40,2.98,2.63,0.35,1.63,2.63,1323.46,0.73,1.38,210.80
09.01.2009 18:30:00,1002.88,-9.30,263.64,-10.89,88.10,3.01,2.66,0.36,1.65,2.65,1322.73,0.30,0.63,112.60
09.01.2009 18:40:00,1002.76,-9.51,263.44,-11.27,86.90,2.96,2.58,0.39,1.60,2.57,1323.66,0.56,1.88,163.20
09.01.2009 18:50:00,1002.62,-10.18,262.78,-12.00,86.40,2.81,2.43,0.38,1.51,2.42,1326.93,1.61,2.13,216.30
09.01.2009 19:00:00,1002.82,-10.47,262.48,-12.11,87.60,2.75,2.41,0.34,1.49,2.40,1328.66,0.65,1.25,139.40
09.01.2009 19:10:00,1002.88,-10.94,262.00,-12.56,87.70,2.64,2.32,0.33,1.44,2.31,1331.17,0.87,1.25,185.40
09.01.2009 19:20:00,1002.88,-11.11,261.83,-12.54,89.10,2.61,2.32,0.28,1.44,2.32,1332.03,0.72,1.25,219.90
09.01.2009 19:30:00,1002.85,-10.87,262.08,-12.13,90.30,2.66,2.40,0.26,1.49,2.39,1330.73,1.27,2.25,220.80
09.01.2009 19:40:00,1002.88,-10.73,262.21,-12.04,90.00,2.69,2.42,0.27,1.50,2.41,1330.06,0.51,0.88,174.10
09.01.2009 19:50:00,1002.89,-11.31,261.63,-12.79,88.70,2.57,2.28,0.29,1.41,2.27,1333.08,0.93,1.75,168.00
09.01.2009 20:00:00,1002.88,-11.93,261.01,-13.39,88.80,2.44,2.17,0.27,1.35,2.16,1336.29,0.88,1.25,174.60
09.01.2009 20:10:00,1002.94,-12.02,260.92,-13.31,90.00,2.42,2.18,0.24,1.35,2.18,1336.82,1.10,1.63,176.20
09.01.2009 20:20:00,1003.02,-11.99,260.95,-13.17,90.80,2.43,2.21,0.22,1.37,2.20,1336.76,0.58,1.13,125.00
09.01.2009 20:30:00,1003.14,-11.81,261.12,-12.92,91.40,2.47,2.25,0.21,1.40,2.25,1335.98,0.25,0.63,140.70
09.01.2009 20:40:00,1003.17,-11.65,261.27,-12.72,91.70,2.50,2.29,0.21,1.42,2.28,1335.19,0.84,1.38,185.70
09.01.2009 20:50:00,1003.13,-11.69,261.24,-12.78,91.50,2.49,2.28,0.21,1.41,2.27,1335.34,0.67,1.13,198.60
09.01.2009 21:00:00,1003.24,-11.73,261.19,-12.88,91.10,2.48,2.26,0.22,1.40,2.25,1335.69,0.55,1.00,111.50
09.01.2009 21:10:00,1003.20,-12.35,260.57,-13.65,89.90,2.36,2.12,0.24,1.32,2.11,1338.89,0.60,0.88,192.60
09.01.2009 21:20:00,1003.22,-12.40,260.52,-13.57,90.90,2.35,2.14,0.21,1.33,2.13,1339.16,0.67,1.38,190.90
09.01.2009 21:30:00,1003.25,-12.03,260.89,-13.15,91.30,2.42,2.21,0.21,1.37,2.20,1337.27,0.93,1.50,160.30
09.01.2009 21:40:00,1003.45,-11.97,260.93,-13.07,91.40,2.43,2.22,0.21,1.38,2.22,1337.23,0.42,1.25,175.80
09.01.2009 21:50:00,1003.62,-12.06,260.83,-13.22,91.00,2.42,2.20,0.22,1.36,2.19,1337.93,0.52,1.00,115.30
09.01.2009 22:00:00,1003.62,-12.27,260.62,-13.45,90.80,2.38,2.16,0.22,1.34,2.15,1339.02,0.39,0.88,141.50
09.01.2009 22:10:00,1003.62,-12.47,260.42,-13.66,90.70,2.34,2.12,0.22,1.31,2.11,1340.07,0.38,1.13,243.40
09.01.2009 22:20:00,1003.65,-12.51,260.38,-13.68,90.90,2.33,2.12,0.21,1.31,2.11,1340.31,1.18,1.88,217.60
09.01.2009 22:30:00,1003.69,-12.59,260.30,-13.77,90.80,2.31,2.10,0.21,1.30,2.09,1340.78,1.50,1.88,219.10
09.01.2009 22:40:00,1003.74,-12.49,260.39,-13.64,91.00,2.33,2.12,0.21,1.32,2.12,1340.33,1.03,1.63,212.00
09.01.2009 22:50:00,1003.82,-12.50,260.38,-13.73,90.40,2.33,2.11,0.22,1.31,2.10,1340.50,0.84,1.25,179.70
09.01.2009 23:00:00,1003.73,-12.67,260.21,-13.90,90.40,2.30,2.08,0.22,1.29,2.07,1341.27,0.76,1.25,205.70
09.01.2009 23:10:00,1003.73,-12.65,260.23,-13.87,90.50,2.30,2.08,0.22,1.29,2.08,1341.16,0.52,0.75,210.50
09.01.2009 23:20:00,1003.73,-12.86,260.02,-14.13,90.10,2.26,2.04,0.22,1.26,2.03,1342.26,0.68,1.13,210.40
09.01.2009 23:30:00,1003.76,-12.98,259.90,-14.21,90.40,2.24,2.03,0.22,1.26,2.02,1342.92,1.05,1.63,198.90
09.01.2009 23:40:00,1003.70,-12.82,260.07,-14.05,90.40,2.27,2.05,0.22,1.27,2.05,1342.01,0.68,1.25,188.20
09.01.2009 23:50:00,1003.70,-13.02,259.87,-14.29,90.10,2.23,2.01,0.22,1.25,2.01,1343.07,0.19,0.50,182.50
10.01.2009 00:00:00,1003.63,-13.24,259.65,-14.57,89.60,2.19,1.97,0.23,1.22,1.96,1344.13,0.49,1.00,172.10
10.01.2009 00:10:00,1003.61,-13.83,259.06,-15.25,88.90,2.09,1.86,0.23,1.15,1.85,1347.22,0.49,1.88,172.80
10.01.2009 00:20:00,1003.61,-13.95,258.94,-15.31,89.30,2.07,1.85,0.22,1.15,1.84,1347.84,0.86,2.13,170.10
10.01.2009 00:30:00,1003.51,-14.13,258.77,-15.48,89.40,2.04,1.82,0.22,1.13,1.82,1348.65,0.73,1.88,105.50
10.01.2009 00:40:00,1003.55,-13.92,258.98,-15.08,90.80,2.08,1.88,0.19,1.17,1.88,1347.59,0.47,1.00,105.50
10.01.2009 00:50:00,1003.55,-13.67,259.23,-14.86,90.60,2.12,1.92,0.20,1.19,1.91,1346.28,0.58,1.38,129.90
10.01.2009 01:00:00,1003.55,-13.86,259.04,-15.13,90.00,2.09,1.88,0.21,1.16,1.87,1347.28,0.97,1.75,202.80
10.01.2009 01:10:00,1003.50,-13.89,259.01,-15.13,90.20,2.08,1.88,0.20,1.16,1.87,1347.37,1.10,1.88,198.70
10.01.2009 01:20:00,1003.50,-13.83,259.07,-15.07,90.20,2.09,1.89,0.20,1.17,1.88,1347.05,0.61,1.25,183.30
10.01.2009 01:30:00,1003.50,-13.89,259.01,-15.17,89.90,2.08,1.87,0.21,1.16,1.86,1347.38,0.54,1.00,115.40
10.01.2009 01:40:00,1003.51,-13.93,258.97,-15.17,90.20,2.07,1.87,0.20,1.16,1.86,1347.60,0.44,0.75,143.30
10.01.2009 01:50:00,1003.60,-14.16,258.73,-15.56,89.00,2.03,1.81,0.22,1.12,1.80,1348.94,0.46,0.75,189.60
10.01.2009 02:00:00,1003.60,-14.52,258.37,-15.93,88.90,1.97,1.76,0.22,1.09,1.75,1350.85,0.70,1.50,172.40
10.01.2009 02:10:00,1003.66,-14.40,258.49,-15.72,89.60,1.99,1.79,0.21,1.11,1.78,1350.28,1.12,1.63,154.60
10.01.2009 02:20:00,1003.68,-14.39,258.50,-15.71,89.60,2.00,1.79,0.21,1.11,1.78,1350.26,0.87,1.38,128.10
10.01.2009 02:30:00,1003.68,-14.52,258.37,-15.84,89.60,1.97,1.77,0.21,1.10,1.76,1350.95,0.34,1.00,167.90
10.01.2009 02:40:00,1003.78,-14.27,258.61,-15.64,89.20,2.02,1.80,0.22,1.12,1.79,1349.77,0.07,0.50,160.40
10.01.2009 02:50:00,1003.80,-14.56,258.32,-16.05,88.30,1.97,1.74,0.23,1.08,1.73,1351.33,0.44,0.75,196.50
10.01.2009 03:00:00,1003.84,-14.61,258.27,-16.06,88.60,1.96,1.74,0.22,1.08,1.73,1351.66,0.47,0.88,198.90
10.01.2009 03:10:00,1003.88,-14.40,258.47,-15.78,89.10,1.99,1.78,0.22,1.10,1.77,1350.59,0.83,1.38,159.90
10.01.2009 03:20:00,1003.84,-14.53,258.35,-15.95,88.80,1.97,1.75,0.22,1.09,1.75,1351.23,0.90,1.75,155.10
10.01.2009 03:30:00,1003.80,-14.59,258.29,-15.97,89.10,1.96,1.75,0.21,1.08,1.74,1351.49,0.56,1.25,159.90
10.01.2009 03:40:00,1003.75,-14.39,258.49,-15.76,89.20,2.00,1.78,0.22,1.10,1.77,1350.36,0.30,0.88,79.80
10.01.2009 03:50:00,1003.79,-14.41,258.47,-15.85,88.70,1.99,1.77,0.23,1.10,1.76,1350.53,0.37,0.88,149.80
10.01.2009 04:00:00,1003.82,-14.59,258.29,-16.04,88.60,1.96,1.74,0.22,1.08,1.73,1351.52,0.42,1.13,146.00
10.01.2009 04:10:00,1003.75,-14.66,258.22,-16.16,88.20,1.95,1.72,0.23,1.07,1.72,1351.80,0.19,0.75,169.90
10.01.2009 04:20:00,1003.67,-14.82,258.07,-16.36,87.90,1.93,1.69,0.23,1.05,1.69,1352.55,0.43,0.75,148.70
10.01.2009 04:30:00,1003.60,-14.77,258.12,-16.26,88.30,1.93,1.71,0.23,1.06,1.70,1352.18,0.42,0.88,144.20
10.01.2009 04:40:00,1003.50,-14.77,258.13,-16.26,88.30,1.93,1.71,0.23,1.06,1.70,1352.04,0.26,0.63,103.00
10.01.2009 04:50:00,1003.53,-15.13,257.77,-16.71,87.60,1.88,1.64,0.23,1.02,1.64,1354.01,0.26,0.63,185.40
10.01.2009 05:00:00,1003.55,-15.34,257.56,-16.91,87.60,1.84,1.62,0.23,1.00,1.61,1355.15,0.33,0.75,211.10
10.01.2009 05:10:00,1003.49,-15.46,257.44,-17.03,87.60,1.83,1.60,0.23,0.99,1.59,1355.71,0.65,1.25,197.80
10.01.2009 05:20:00,1003.50,-15.38,257.52,-16.83,88.50,1.84,1.63,0.21,1.01,1.62,1355.29,0.75,1.13,207.10
10.01.2009 05:30:00,1003.51,-15.23,257.67,-16.68,88.50,1.86,1.65,0.21,1.02,1.64,1354.51,0.89,1.25,214.60
10.01.2009 05:40:00,1003.43,-15.02,257.89,-16.40,89.10,1.89,1.69,0.21,1.05,1.68,1353.27,0.63,1.38,208.70
10.01.2009 05:50:00,1003.40,-15.00,257.91,-16.48,88.30,1.90,1.68,0.22,1.04,1.67,1353.13,0.38,0.88,183.90
10.01.2009 06:00:00,1003.26,-15.22,257.70,-16.69,88.40,1.86,1.65,0.22,1.02,1.64,1354.12,1.08,1.38,214.60
10.01.2009 06:10:00,1003.16,-14.88,258.05,-16.33,88.60,1.92,1.70,0.22,1.05,1.69,1352.17,0.60,1.25,177.30
10.01.2009 06:20:00,1003.20,-15.55,257.37,-17.23,86.80,1.81,1.57,0.24,0.98,1.57,1355.81,0.65,1.50,159.80
10.01.2009 06:30:00,1003.25,-16.04,256.88,-17.67,87.10,1.74,1.52,0.22,0.94,1.51,1358.49,0.36,1.13,144.00
10.01.2009 06:40:00,1003.25,-15.93,256.99,-17.39,88.40,1.76,1.55,0.20,0.96,1.55,1357.89,0.32,0.75,109.70
10.01.2009 06:50:00,1003.23,-15.29,257.63,-16.65,89.20,1.85,1.65,0.20,1.03,1.65,1354.43,0.46,1.13,127.20
10.01.2009 07:00:00,1003.19,-15.36,257.57,-16.85,88.20,1.84,1.62,0.22,1.01,1.62,1354.77,1.03,1.50,178.10
10.01.2009 07:10:00,1003.24,-15.22,257.70,-16.66,88.60,1.86,1.65,0.21,1.02,1.65,1354.09,0.65,1.38,178.50
10.01.2009 07:20:00,1003.25,-15.15,257.77,-16.62,88.40,1.87,1.66,0.22,1.03,1.65,1353.73,0.24,0.88,129.80
10.01.2009 07:30:00,1003.26,-15.25,257.67,-16.85,87.40,1.86,1.62,0.23,1.01,1.62,1354.28,0.35,0.88,182.60
10.01.2009 07:40:00,1003.33,-15.56,257.36,-17.22,86.90,1.81,1.57,0.24,0.98,1.57,1356.03,0.49,0.88,183.10
10.01.2009 07:50:00,1003.44,-15.61,257.30,-17.21,87.40,1.80,1.58,0.23,0.98,1.57,1356.44,1.12,1.88,185.70
10.01.2009 08:00:00,1003.58,-15.46,257.44,-16.98,88.00,1.83,1.61,0.22,1.00,1.60,1355.82,1.18,2.13,186.90
10.01.2009 08:10:00,1003.66,-15.38,257.51,-16.90,88.00,1.84,1.62,0.22,1.00,1.61,1355.51,0.86,1.25,208.30
10.01.2009 08:20:00,1003.65,-15.37,257.52,-16.90,87.90,1.84,1.62,0.22,1.00,1.61,1355.44,0.55,1.00,164.70
10.01.2009 08:30:00,1003.69,-15.16,257.73,-16.71,87.80,1.87,1.64,0.23,1.02,1.64,1354.37,0.27,0.75,193.10
10.01.2009 08:40:00,1003.74,-15.07,257.81,-16.80,86.50,1.89,1.63,0.25,1.01,1.63,1353.98,0.58,0.88,185.00
10.01.2009 08:50:00,1003.80,-14.83,258.05,-16.63,86.00,1.92,1.66,0.27,1.03,1.65,1352.79,0.73,1.38,160.70
10.01.2009 09:00:00,1003.89,-15.09,257.78,-17.12,84.30,1.88,1.59,0.30,0.98,1.58,1354.31,0.84,1.63,139.10
10.01.2009 09:10:00,1003.99,-15.50,257.37,-17.41,85.10,1.82,1.55,0.27,0.96,1.54,1356.62,0.47,1.13,123.60
10.01.2009 09:20:00,1003.91,-15.39,257.48,-17.24,85.60,1.84,1.57,0.26,0.97,1.57,1355.92,0.16,0.63,194.30
10.01.2009 09:30:00,1003.88,-14.79,258.08,-16.65,85.60,1.93,1.65,0.28,1.02,1.65,1352.69,0.41,0.88,185.60
10.01.2009 09:40:00,1003.86,-14.34,258.54,-16.33,84.70,2.00,1.70,0.31,1.05,1.69,1350.29,0.71,1.25,198.10
10.01.2009 09:50:00,1003.86,-13.76,259.11,-15.79,84.50,2.10,1.78,0.33,1.10,1.77,1347.23,0.27,1.00,205.20
10.01.2009 10:00:00,1003.83,-12.71,260.17,-14.81,84.10,2.29,1.93,0.36,1.20,1.92,1341.68,0.57,1.13,199.90
10.01.2009 10:10:00,1003.74,-12.09,260.79,-14.67,80.90,2.41,1.95,0.46,1.21,1.94,1338.37,0.65,1.00,176.60
10.01.2009 10:20:00,1003.77,-12.06,260.82,-15.04,78.30,2.42,1.89,0.52,1.17,1.88,1338.28,0.93,1.38,195.60
10.01.2009 10:30:00,1003.79,-12.03,260.85,-15.07,77.90,2.42,1.89,0.54,1.17,1.88,1338.16,0.80,1.25,191.80
10.01.2009 10:40:00,1003.87,-11.20,261.67,-14.46,76.60,2.59,1.98,0.61,1.23,1.98,1333.97,0.52,1.25,170.50
10.01.2009 10:50:00,1003.86,-10.59,262.28,-14.34,73.70,2.72,2.00,0.72,1.24,2.00,1330.84,0.78,1.63,158.00
10.01.2009 11:00:00,1003.83,-9.97,262.90,-14.01,72.10,2.86,2.06,0.80,1.28,2.05,1327.65,0.44,0.88,151.70
10.01.2009 11:10:00,1003.58,-9.49,263.40,-13.83,70.40,2.97,2.09,0.88,1.30,2.08,1324.89,0.80,1.38,172.30
10.01.2009 11:20:00,1003.56,-9.42,263.47,-14.05,68.78,2.99,2.05,0.93,1.27,2.05,1324.53,0.66,1.25,179.60
10.01.2009 11:30:00,1003.39,-8.97,263.93,-13.55,69.16,3.09,2.14,0.95,1.33,2.13,1322.00,0.51,1.13,162.00
10.01.2009 11:40:00,1003.25,-8.39,264.52,-13.09,68.64,3.24,2.22,1.02,1.38,2.22,1318.88,0.33,0.88,170.00
10.01.2009 11:50:00,1003.16,-7.75,265.17,-12.87,66.47,3.40,2.26,1.14,1.40,2.26,1315.57,0.59,1.25,202.30
10.01.2009 12:00:00,1003.13,-7.48,265.44,-12.57,66.70,3.48,2.32,1.16,1.44,2.31,1314.16,0.87,1.63,169.90
10.01.2009 12:10:00,1003.05,-7.10,265.83,-12.34,65.94,3.58,2.36,1.22,1.47,2.35,1312.16,0.77,1.25,178.70
10.01.2009 12:20:00,1002.89,-6.92,266.02,-12.25,65.54,3.63,2.38,1.25,1.48,2.37,1311.07,0.83,1.50,192.40
10.01.2009 12:30:00,1002.88,-6.41,266.53,-11.87,64.98,3.78,2.45,1.32,1.52,2.45,1308.51,0.77,1.38,192.10
10.01.2009 12:40:00,1002.77,-5.89,267.06,-11.65,63.50,3.93,2.50,1.44,1.55,2.49,1305.76,1.03,1.63,208.60
10.01.2009 12:50:00,1002.56,-5.84,267.12,-11.62,63.47,3.94,2.50,1.44,1.55,2.50,1305.28,1.08,1.50,212.40
10.01.2009 13:00:00,1002.51,-5.02,267.95,-11.03,62.50,4.20,2.63,1.58,1.63,2.62,1301.14,0.78,1.38,193.60
10.01.2009 13:10:00,1002.39,-4.35,268.63,-10.79,60.55,4.42,2.68,1.74,1.66,2.67,1297.71,1.14,1.88,204.70
10.01.2009 13:20:00,1002.29,-4.67,268.32,-10.84,61.74,4.32,2.66,1.65,1.66,2.66,1299.12,1.28,1.63,211.10
10.01.2009 13:30:00,1002.28,-4.40,268.59,-10.40,62.69,4.40,2.76,1.64,1.72,2.75,1297.78,1.15,1.75,207.80
10.01.2009 13:40:00,1002.23,-3.96,269.03,-10.42,60.54,4.55,2.76,1.80,1.71,2.75,1295.60,1.25,1.75,203.40
10.01.2009 13:50:00,1002.12,-3.90,269.10,-10.40,60.36,4.57,2.76,1.81,1.72,2.75,1295.17,1.18,1.50,199.70
10.01.2009 14:00:00,1002.17,-3.82,269.18,-10.18,61.07,4.60,2.81,1.79,1.75,2.80,1294.80,0.67,1.00,148.10
10.01.2009 14:10:00,1002.10,-4.34,268.66,-10.05,64.15,4.43,2.84,1.59,1.76,2.83,1297.20,0.76,1.38,143.90
10.01.2009 14:20:00,1002.08,-4.08,268.93,-9.57,65.38,4.51,2.95,1.56,1.83,2.94,1295.86,1.07,1.63,190.20
10.01.2009 14:30:00,1002.14,-3.32,269.67,-9.25,63.35,4.78,3.03,1.75,1.88,3.02,1292.29,0.70,1.25,181.90
10.01.2009 14:40:00,1002.14,-2.66,270.33,-9.28,60.17,5.02,3.02,2.00,1.88,3.01,1289.14,0.68,1.25,225.70
10.01.2009 14:50:00,1002.14,-2.45,270.55,-9.09,60.08,5.10,3.06,2.04,1.90,3.06,1288.10,0.82,1.13,201.30
10.01.2009 15:00:00,1002.16,-2.24,270.75,-8.99,59.67,5.18,3.09,2.09,1.92,3.08,1287.13,0.63,1.13,191.40
10.01.2009 15:10:00,1002.17,-2.64,270.35,-9.21,60.37,5.03,3.03,1.99,1.89,3.03,1289.06,0.43,1.13,192.70
10.01.2009 15:20:00,1002.14,-2.73,270.26,-9.11,61.28,4.99,3.06,1.93,1.90,3.05,1289.45,0.27,0.75,155.40
10.01.2009 15:30:00,1002.14,-2.89,270.11,-9.29,61.11,4.93,3.02,1.92,1.87,3.01,1290.21,0.14,0.75,147.20
10.01.2009 15:40:00,1002.23,-3.16,269.83,-9.42,61.73,4.84,2.98,1.85,1.85,2.98,1291.64,0.44,1.13,52.56
10.01.2009 15:50:00,1002.26,-3.12,269.86,-9.23,62.51,4.85,3.03,1.82,1.88,3.02,1291.48,0.31,0.88,118.10
10.01.2009 16:00:00,1002.26,-3.16,269.83,-9.30,62.29,4.84,3.01,1.82,1.87,3.01,1291.64,0.26,0.88,168.50
10.01.2009 16:10:00,1002.13,-3.82,269.18,-9.64,63.73,4.60,2.93,1.67,1.82,2.93,1294.70,0.13,0.63,162.50
10.01.2009 16:20:00,1002.08,-4.89,268.11,-9.90,67.73,4.24,2.87,1.37,1.79,2.87,1299.84,0.06,0.38,115.80
10.01.2009 16:30:00,1002.14,-5.57,267.42,-9.93,71.20,4.03,2.87,1.16,1.78,2.86,1303.22,0.29,0.63,74.80
10.01.2009 16:40:00,1002.15,-6.11,266.89,-9.97,73.90,3.87,2.86,1.01,1.78,2.85,1305.85,0.40,0.63,53.88
10.01.2009 16:50:00,1002.17,-6.41,266.59,-9.99,75.50,3.78,2.85,0.93,1.77,2.85,1307.35,0.37,0.88,47.25
10.01.2009 17:00:00,1002.18,-6.59,266.41,-10.10,75.90,3.72,2.83,0.90,1.76,2.82,1308.27,0.32,0.75,50.78
10.01.2009 17:10:00,1002.15,-6.71,266.29,-9.72,79.00,3.69,2.92,0.78,1.81,2.91,1308.78,0.22,0.63,200.70
10.01.2009 17:20:00,1002.22,-7.03,265.96,-9.48,82.50,3.60,2.97,0.63,1.85,2.96,1310.42,0.98,1.75,219.20
10.01.2009 17:30:00,1002.25,-7.15,265.84,-9.28,84.60,3.57,3.02,0.55,1.87,3.01,1311.04,1.43,2.00,224.80
10.01.2009 17:40:00,1002.26,-7.19,265.80,-9.22,85.30,3.56,3.03,0.52,1.88,3.03,1311.23,1.31,1.88,202.40
10.01.2009 17:50:00,1002.15,-7.44,265.56,-9.36,86.00,3.49,3.00,0.49,1.86,2.99,1312.34,0.91,1.88,210.90
10.01.2009 18:00:00,1002.16,-7.70,265.30,-9.65,85.80,3.42,2.93,0.49,1.82,2.93,1313.68,0.11,0.38,224.90
10.01.2009 18:10:00,1002.24,-8.01,264.98,-9.88,86.30,3.34,2.88,0.46,1.79,2.87,1315.34,0.22,0.50,182.30
10.01.2009 18:20:00,1002.27,-8.10,264.89,-9.81,87.40,3.31,2.89,0.42,1.80,2.89,1315.82,0.20,0.75,108.50
10.01.2009 18:30:00,1002.27,-8.16,264.83,-9.88,87.30,3.30,2.88,0.42,1.79,2.87,1316.13,0.32,1.00,120.40
10.01.2009 18:40:00,1002.29,-8.72,264.27,-10.43,87.30,3.15,2.75,0.40,1.71,2.75,1319.00,0.70,1.13,126.40
10.01.2009 18:50:00,1002.27,-9.17,263.82,-10.76,88.10,3.04,2.68,0.36,1.67,2.68,1321.26,0.60,1.25,145.20
10.01.2009 19:00:00,1002.27,-9.50,263.49,-11.03,88.50,2.97,2.63,0.34,1.63,2.62,1322.94,0.81,1.63,169.60
10.01.2009 19:10:00,1002.25,-9.73,263.26,-11.13,89.40,2.91,2.60,0.31,1.62,2.60,1324.08,0.73,1.25,176.90
10.01.2009 19:20:00,1002.29,-9.70,263.29,-10.96,90.40,2.92,2.64,0.28,1.64,2.63,1323.96,0.81,1.75,160.70
10.01.2009 19:30:00,1002.29,-9.49,263.50,-10.69,90.90,2.97,2.70,0.27,1.68,2.69,1322.87,0.32,1.50,109.80
10.01.2009 19:40:00,1002.27,-9.48,263.51,-10.71,90.70,2.97,2.69,0.28,1.67,2.69,1322.80,0.22,0.63,180.90
10.01.2009 19:50:00,1002.27,-9.63,263.36,-10.91,90.30,2.94,2.65,0.28,1.65,2.65,1323.58,0.43,0.75,181.30
10.01.2009 20:00:00,1002.21,-9.44,263.55,-10.57,91.40,2.98,2.72,0.26,1.69,2.72,1322.51,1.29,2.38,178.60
10.01.2009 20:10:00,1002.19,-9.04,263.96,-10.12,91.80,3.08,2.82,0.25,1.75,2.82,1320.43,1.85,3.38,170.20
10.01.2009 20:20:00,1002.23,-9.14,263.85,-10.31,91.10,3.05,2.78,0.27,1.73,2.77,1321.01,0.82,2.13,172.50
10.01.2009 20:30:00,1002.23,-9.43,263.56,-10.66,90.70,2.98,2.71,0.28,1.68,2.70,1322.50,0.94,2.00,155.10
10.01.2009 20:40:00,1002.24,-9.80,263.19,-11.05,90.50,2.90,2.62,0.28,1.63,2.62,1324.41,0.77,1.75,98.80
10.01.2009 20:50:00,1002.27,-10.24,262.75,-11.46,90.70,2.80,2.54,0.26,1.58,2.53,1326.71,0.62,1.50,137.20
10.01.2009 21:00:00,1002.27,-10.31,262.68,-11.39,91.70,2.78,2.55,0.23,1.58,2.54,1327.05,1.47,2.38,193.60
10.01.2009 21:10:00,1002.27,-10.03,262.96,-11.05,92.20,2.84,2.62,0.22,1.63,2.62,1325.60,2.14,3.88,171.20
10.01.2009 21:20:00,1002.27,-10.14,262.85,-11.17,92.10,2.82,2.60,0.22,1.61,2.59,1326.17,1.76,2.75,168.00
10.01.2009 21:30:00,1002.27,-10.38,262.61,-11.41,92.10,2.77,2.55,0.22,1.58,2.54,1327.41,1.64,2.75,163.20
10.01.2009 21:40:00,1002.27,-10.51,262.48,-11.49,92.40,2.74,2.53,0.21,1.57,2.52,1328.07,1.68,3.13,134.40
10.01.2009 21:50:00,1002.28,-10.73,262.26,-11.77,92.00,2.69,2.47,0.22,1.54,2.47,1329.22,0.33,1.13,136.50
10.01.2009 22:00:00,1002.38,-11.22,261.76,-12.29,91.70,2.59,2.37,0.21,1.47,2.37,1331.89,0.73,2.00,156.90
10.01.2009 22:10:00,1002.37,-11.37,261.61,-12.37,92.20,2.55,2.36,0.20,1.46,2.35,1332.66,0.80,2.00,89.50
10.01.2009 22:20:00,1002.47,-11.39,261.59,-12.39,92.20,2.55,2.35,0.20,1.46,2.35,1332.89,0.30,0.75,166.40
10.01.2009 22:30:00,1002.55,-11.12,261.85,-12.03,92.90,2.61,2.42,0.19,1.50,2.42,1331.60,0.94,2.13,146.40
10.01.2009 22:40:00,1002.64,-11.07,261.89,-12.10,92.00,2.62,2.41,0.21,1.50,2.40,1331.46,0.67,1.63,133.00
10.01.2009 22:50:00,1002.64,-11.46,261.50,-12.49,92.00,2.54,2.33,0.20,1.45,2.33,1333.48,0.26,0.88,73.60
10.01.2009 23:00:00,1002.64,-11.43,261.53,-12.43,92.20,2.54,2.34,0.20,1.46,2.34,1333.33,0.48,0.88,211.90
10.01.2009 23:10:00,1002.72,-10.98,261.98,-11.88,93.00,2.64,2.45,0.18,1.52,2.44,1331.09,0.17,0.88,135.20
10.01.2009 23:20:00,1002.76,-10.66,262.29,-11.60,92.70,2.70,2.51,0.20,1.56,2.50,1329.50,0.84,1.38,39.74
10.01.2009 23:30:00,1002.74,-10.43,262.52,-11.39,92.60,2.75,2.55,0.20,1.58,2.54,1328.28,0.77,1.50,56.66
10.01.2009 23:40:00,1002.74,-10.90,262.05,-12.02,91.40,2.65,2.42,0.23,1.51,2.42,1330.72,0.64,1.13,61.26
10.01.2009 23:50:00,1002.76,-10.87,262.08,-11.86,92.30,2.66,2.45,0.20,1.52,2.45,1330.59,0.58,1.50,63.76
11.01.2009 00:00:00,1002.72,-10.75,262.21,-11.76,92.20,2.69,2.48,0.21,1.54,2.47,1329.91,0.74,1.88,109.70
11.01.2009 00:10:00,1002.56,-10.68,262.29,-11.69,92.20,2.70,2.49,0.21,1.55,2.48,1329.33,0.47,1.13,149.30
11.01.2009 00:20:00,1002.64,-10.65,262.31,-11.69,92.00,2.71,2.49,0.22,1.55,2.48,1329.29,0.51,1.25,92.80
11.01.2009 00:30:00,1002.75,-10.66,262.29,-11.70,92.00,2.70,2.49,0.22,1.54,2.48,1329.49,0.52,1.00,115.40
11.01.2009 00:40:00,1002.65,-10.86,262.10,-11.98,91.40,2.66,2.43,0.23,1.51,2.43,1330.39,0.25,0.63,173.90
11.01.2009 00:50:00,1002.75,-11.44,261.51,-12.64,90.70,2.54,2.30,0.24,1.43,2.30,1333.55,0.56,1.00,190.40
11.01.2009 01:00:00,1002.78,-11.77,261.18,-13.00,90.50,2.47,2.24,0.23,1.39,2.23,1335.30,0.58,1.00,167.60
11.01.2009 01:10:00,1002.82,-12.02,260.93,-13.20,90.80,2.42,2.20,0.22,1.37,2.19,1336.65,0.50,1.38,76.20
11.01.2009 01:20:00,1002.75,-12.00,260.96,-13.12,91.30,2.43,2.22,0.21,1.38,2.21,1336.44,0.19,0.50,124.40
11.01.2009 01:30:00,1002.75,-12.10,260.85,-13.24,91.10,2.41,2.19,0.21,1.36,2.19,1336.98,0.43,1.38,62.37
11.01.2009 01:40:00,1002.77,-12.22,260.73,-13.36,91.10,2.38,2.17,0.21,1.35,2.17,1337.63,0.51,1.00,41.50
11.01.2009 01:50:00,1002.76,-12.27,260.68,-13.38,91.30,2.38,2.17,0.21,1.35,2.16,1337.87,0.47,1.00,57.78
11.01.2009 02:00:00,1002.86,-11.80,261.15,-12.79,92.30,2.47,2.28,0.19,1.41,2.27,1335.54,0.59,1.13,242.30
11.01.2009 02:10:00,1003.04,-11.57,261.36,-12.68,91.40,2.51,2.30,0.22,1.43,2.29,1334.59,0.37,1.00,74.70
11.01.2009 02:20:00,1003.26,-12.14,260.78,-13.38,90.40,2.40,2.17,0.23,1.35,2.16,1337.87,0.58,1.13,115.90
11.01.2009 02:30:00,1003.44,-12.38,260.52,-13.56,90.80,2.35,2.14,0.22,1.33,2.13,1339.35,0.28,0.75,131.80
11.01.2009 02:40:00,1003.39,-12.12,260.79,-13.22,91.40,2.40,2.20,0.21,1.36,2.19,1337.93,0.37,0.75,84.60
11.01.2009 02:50:00,1003.57,-11.84,261.05,-12.89,91.80,2.46,2.26,0.20,1.40,2.25,1336.70,0.59,1.25,47.33
11.01.2009 03:00:00,1003.82,-11.71,261.17,-12.80,91.50,2.49,2.27,0.21,1.41,2.27,1336.36,0.18,0.75,72.30
11.01.2009 03:10:00,1003.96,-11.97,260.90,-13.18,90.60,2.43,2.20,0.23,1.37,2.20,1337.91,0.38,0.88,192.30
11.01.2009 03:20:00,1003.89,-12.52,260.35,-13.83,89.80,2.33,2.09,0.24,1.30,2.08,1340.70,0.98,1.38,198.70
11.01.2009 03:30:00,1004.00,-12.82,260.04,-14.12,89.90,2.27,2.04,0.23,1.27,2.03,1342.42,1.05,1.50,171.90
11.01.2009 03:40:00,1004.18,-12.95,259.90,-14.20,90.20,2.25,2.03,0.22,1.26,2.02,1343.33,0.69,2.00,173.90
11.01.2009 03:50:00,1004.21,-12.91,259.94,-14.15,90.30,2.25,2.04,0.22,1.26,2.03,1343.16,0.63,1.50,159.60
11.01.2009 04:00:00,1004.02,-13.18,259.68,-14.43,90.20,2.21,1.99,0.22,1.23,1.98,1344.33,0.92,1.38,125.40
11.01.2009 04:10:00,1004.02,-13.32,259.54,-14.57,90.20,2.18,1.97,0.21,1.22,1.96,1345.07,0.71,1.13,172.60
11.01.2009 04:20:00,1004.02,-13.72,259.14,-15.01,89.90,2.11,1.90,0.21,1.18,1.89,1347.18,1.32,3.00,161.40
11.01.2009 04:30:00,1003.90,-13.87,259.00,-15.11,90.20,2.08,1.88,0.20,1.17,1.87,1347.80,1.10,2.75,139.60
11.01.2009 04:40:00,1004.02,-13.93,258.93,-15.13,90.50,2.07,1.88,0.20,1.16,1.87,1348.27,1.47,3.63,153.30
11.01.2009 04:50:00,1003.98,-13.37,259.49,-14.43,91.60,2.17,1.99,0.18,1.23,1.98,1345.27,1.35,2.38,173.00
11.01.2009 05:00:00,1003.84,-12.81,260.06,-13.87,91.70,2.27,2.08,0.19,1.29,2.08,1342.14,1.28,2.13,167.50
11.01.2009 05:10:00,1003.75,-12.86,260.02,-14.01,91.00,2.26,2.06,0.20,1.28,2.05,1342.28,0.77,2.00,183.10
11.01.2009 05:20:00,1003.78,-12.83,260.05,-13.98,91.00,2.27,2.07,0.20,1.28,2.06,1342.16,0.61,1.38,166.60
11.01.2009 05:30:00,1003.69,-12.93,259.96,-14.09,90.90,2.25,2.05,0.20,1.27,2.04,1342.57,1.11,2.38,168.50
11.01.2009 05:40:00,1003.59,-12.62,260.27,-13.76,91.10,2.31,2.10,0.21,1.30,2.10,1340.81,1.45,3.13,166.00
11.01.2009 05:50:00,1003.50,-12.60,260.30,-13.74,91.10,2.31,2.11,0.21,1.31,2.10,1340.58,2.88,3.88,199.10
11.01.2009 06:00:00,1003.54,-12.45,260.45,-13.56,91.30,2.34,2.14,0.20,1.33,2.13,1339.85,2.51,4.25,188.10
11.01.2009 06:10:00,1003.61,-12.27,260.62,-13.41,91.10,2.38,2.16,0.21,1.34,2.16,1339.01,1.98,4.38,170.40
11.01.2009 06:20:00,1003.56,-12.42,260.48,-13.60,90.80,2.35,2.13,0.22,1.32,2.12,1339.73,0.43,1.13,241.40
11.01.2009 06:30:00,1003.58,-12.53,260.36,-13.78,90.30,2.33,2.10,0.23,1.30,2.09,1340.33,0.51,1.00,170.80
11.01.2009 06:40:00,1003.61,-13.08,259.81,-14.43,89.50,2.22,1.99,0.23,1.23,1.98,1343.26,0.66,0.88,181.30
11.01.2009 06:50:00,1003.61,-13.13,259.76,-14.38,90.20,2.21,2.00,0.22,1.24,1.99,1343.52,0.51,1.00,149.30
11.01.2009 07:00:00,1003.62,-12.98,259.91,-14.19,90.50,2.24,2.03,0.21,1.26,2.02,1342.74,1.83,3.25,136.00
11.01.2009 07:10:00,1003.60,-13.15,259.74,-14.43,90.00,2.21,1.99,0.22,1.23,1.98,1343.62,0.69,1.75,178.00
11.01.2009 07:20:00,1003.74,-13.20,259.68,-14.43,90.40,2.20,1.99,0.21,1.23,1.98,1344.06,1.49,2.63,156.50
11.01.2009 07:30:00,1003.82,-13.09,259.79,-14.32,90.40,2.22,2.01,0.21,1.25,2.00,1343.59,1.59,2.75,167.70
11.01.2009 07:40:00,1003.83,-13.17,259.71,-14.41,90.30,2.21,1.99,0.21,1.24,1.99,1344.02,1.38,2.88,166.50
11.01.2009 07:50:00,1004.06,-13.20,259.66,-14.48,90.00,2.20,1.98,0.22,1.23,1.97,1344.49,0.96,1.88,179.70
11.01.2009 08:00:00,1004.09,-13.40,259.46,-14.68,90.00,2.17,1.95,0.22,1.21,1.94,1345.59,0.86,2.13,191.70
11.01.2009 08:10:00,1004.05,-13.17,259.69,-14.41,90.30,2.21,1.99,0.21,1.24,1.99,1344.32,1.19,2.25,161.70
11.01.2009 08:20:00,1004.15,-13.17,259.68,-14.41,90.30,2.21,1.99,0.21,1.24,1.98,1344.45,0.83,2.63,177.90
11.01.2009 08:30:00,1004.17,-12.92,259.93,-14.16,90.30,2.25,2.03,0.22,1.26,2.03,1343.16,0.93,2.00,152.90
11.01.2009 08:40:00,1004.23,-12.54,260.31,-13.83,90.00,2.32,2.09,0.23,1.30,2.08,1341.27,0.77,1.88,120.20
11.01.2009 08:50:00,1004.45,-11.95,260.88,-13.27,89.80,2.44,2.19,0.25,1.36,2.18,1338.47,0.67,1.38,159.10
11.01.2009 09:00:00,1004.55,-11.55,261.27,-12.96,89.20,2.52,2.25,0.27,1.39,2.24,1336.53,0.54,1.13,181.00
11.01.2009 09:10:00,1004.77,-11.16,261.64,-12.57,89.20,2.60,2.32,0.28,1.44,2.31,1334.80,0.67,1.25,113.80
11.01.2009 09:20:00,1004.86,-11.10,261.70,-12.72,87.70,2.61,2.29,0.32,1.42,2.28,1334.62,0.86,1.63,173.40
11.01.2009 09:30:00,1004.97,-11.49,261.30,-13.23,86.80,2.53,2.20,0.33,1.36,2.19,1336.81,0.32,0.88,143.40
11.01.2009 09:40:00,1005.05,-10.89,261.89,-12.56,87.40,2.66,2.32,0.33,1.44,2.31,1333.79,0.27,0.75,175.90
11.01.2009 09:50:00,1005.18,-10.34,262.43,-12.13,86.60,2.77,2.40,0.37,1.49,2.39,1331.13,0.69,1.13,186.80
11.01.2009 10:00:00,1005.37,-10.25,262.51,-12.23,85.30,2.79,2.38,0.41,1.48,2.37,1330.94,0.61,1.25,185.60
11.01.2009 10:10:00,1005.42,-9.75,263.00,-11.87,84.40,2.91,2.45,0.45,1.52,2.44,1328.45,0.73,1.38,206.20
11.01.2009 10:20:00,1005.46,-9.75,263.00,-12.03,83.30,2.91,2.42,0.49,1.50,2.41,1328.51,0.86,1.38,195.10
11.01.2009 10:30:00,1005.59,-9.46,263.28,-11.94,82.00,2.98,2.44,0.54,1.51,2.43,1327.22,0.89,1.38,188.30
11.01.2009 10:40:00,1005.65,-9.11,263.63,-11.92,79.90,3.06,2.44,0.61,1.51,2.43,1325.53,0.31,1.00,198.10
11.01.2009 10:50:00,1005.71,-8.37,264.36,-11.57,77.50,3.24,2.51,0.73,1.56,2.50,1321.87,0.67,1.00,192.70
11.01.2009 11:00:00,1005.59,-8.18,264.56,-12.11,73.10,3.29,2.41,0.89,1.49,2.39,1320.82,0.73,1.13,136.90
11.01.2009 11:10:00,1005.52,-9.06,263.68,-12.75,74.40,3.07,2.29,0.79,1.41,2.27,1325.19,0.71,1.75,114.40
11.01.2009 11:20:00,1005.35,-9.19,263.57,-12.03,79.70,3.04,2.42,0.62,1.50,2.41,1325.55,1.13,2.13,114.70
11.01.2009 11:30:00,1005.24,-8.62,264.15,-11.72,78.10,3.18,2.48,0.70,1.54,2.47,1322.52,1.20,2.13,161.80
11.01.2009 11:40:00,1005.16,-8.04,264.73,-11.45,76.30,3.33,2.54,0.79,1.57,2.53,1319.50,0.92,1.75,174.90
11.01.2009 11:50:00,1005.05,-7.37,265.41,-11.18,74.00,3.51,2.59,0.91,1.61,2.58,1315.99,0.44,1.25,109.20
11.01.2009 12:00:00,1005.07,-7.12,265.66,-10.97,73.80,3.57,2.64,0.94,1.63,2.62,1314.76,1.08,2.50,160.60
11.01.2009 12:10:00,1004.96,-6.51,266.27,-10.50,73.10,3.75,2.74,1.01,1.70,2.73,1311.55,1.48,2.63,173.30
11.01.2009 12:20:00,1004.84,-5.93,266.86,-10.11,72.10,3.92,2.83,1.09,1.75,2.81,1308.52,1.22,2.13,190.00
11.01.2009 12:30:00,1004.67,-5.42,267.39,-10.11,69.32,4.08,2.83,1.25,1.75,2.81,1305.79,1.38,2.25,178.40
11.01.2009 12:40:00,1004.59,-5.16,267.65,-10.07,68.19,4.16,2.84,1.32,1.76,2.82,1304.41,1.18,2.75,162.40
11.01.2009 12:50:00,1004.48,-4.69,268.13,-9.72,67.65,4.31,2.92,1.39,1.81,2.90,1301.93,2.01,4.38,168.10
11.01.2009 13:00:00,1004.38,-4.55,268.27,-9.61,67.52,4.35,2.94,1.41,1.82,2.93,1301.14,3.04,4.50,176.70
11.01.2009 13:10:00,1004.36,-4.42,268.41,-9.50,67.46,4.40,2.97,1.43,1.84,2.95,1300.45,2.60,3.75,183.00
11.01.2009 13:20:00,1004.29,-4.05,268.78,-9.25,66.90,4.52,3.03,1.50,1.88,3.01,1298.56,1.92,3.25,166.20
11.01.2009 13:30:00,1004.02,-2.88,269.97,-8.42,65.44,4.94,3.23,1.71,2.00,3.22,1292.52,0.96,2.50,193.20
11.01.2009 13:40:00,1003.97,-2.12,270.74,-8.52,61.31,5.23,3.20,2.02,1.99,3.19,1288.80,1.84,3.63,178.30
11.01.2009 13:50:00,1003.82,-2.11,270.76,-8.53,61.21,5.23,3.20,2.03,1.99,3.19,1288.57,1.68,3.25,177.50
11.01.2009 14:00:00,1003.64,-2.72,270.16,-8.70,63.23,5.00,3.16,1.84,1.96,3.15,1291.27,2.95,4.13,174.20
11.01.2009 14:10:00,1003.43,-3.32,269.57,-8.67,66.29,4.78,3.17,1.61,1.97,3.16,1293.89,2.73,4.63,185.80
11.01.2009 14:20:00,1003.34,-3.13,269.77,-8.43,66.61,4.85,3.23,1.62,2.00,3.22,1292.82,2.73,4.50,178.70
11.01.2009 14:30:00,1003.41,-2.66,270.24,-8.18,65.54,5.02,3.29,1.73,2.04,3.28,1290.62,2.08,3.63,188.80
11.01.2009 14:40:00,1003.49,-2.09,270.80,-7.94,64.02,5.24,3.35,1.88,2.08,3.34,1287.97,2.05,3.50,208.80
11.01.2009 14:50:00,1003.46,-1.68,271.21,-7.77,62.93,5.40,3.40,2.00,2.11,3.39,1285.98,1.55,3.00,196.40
11.01.2009 15:00:00,1003.35,-1.31,271.59,-7.65,61.86,5.55,3.43,2.12,2.13,3.42,1284.09,1.94,3.50,199.60
11.01.2009 15:10:00,1003.45,-1.26,271.64,-7.59,61.86,5.57,3.45,2.12,2.14,3.43,1283.94,1.54,2.13,213.70
11.01.2009 15:20:00,1003.59,-1.37,271.51,-7.56,62.52,5.52,3.45,2.07,2.14,3.44,1284.65,1.07,1.88,207.50
11.01.2009 15:30:00,1003.59,-1.08,271.80,-7.40,62.01,5.64,3.50,2.14,2.17,3.49,1283.26,0.97,2.50,196.50
11.01.2009 15:40:00,1003.69,-0.35,272.53,-7.14,59.94,5.96,3.57,2.39,2.22,3.56,1279.90,0.82,2.13,183.50
11.01.2009 15:50:00,1003.73,-0.13,272.74,-7.31,58.23,6.05,3.52,2.53,2.19,3.51,1278.97,1.31,2.25,219.20
11.01.2009 16:00:00,1003.71,-0.33,272.54,-7.24,59.40,5.96,3.54,2.42,2.20,3.53,1279.88,0.92,1.63,216.40
11.01.2009 16:10:00,1003.71,-0.91,271.97,-7.44,61.01,5.72,3.49,2.23,2.16,3.47,1282.61,0.77,1.63,209.00
11.01.2009 16:20:00,1003.83,-1.58,271.29,-7.57,63.46,5.44,3.45,1.99,2.14,3.44,1285.94,0.39,1.13,159.90
11.01.2009 16:30:00,1003.89,-2.16,270.70,-7.35,67.43,5.21,3.51,1.70,2.18,3.50,1288.76,0.22,0.75,211.10
11.01.2009 16:40:00,1004.09,-2.67,270.17,-7.30,70.30,5.01,3.52,1.49,2.19,3.51,1291.46,0.65,2.00,70.40
11.01.2009 16:50:00,1004.22,-3.55,269.29,-7.60,73.30,4.70,3.44,1.25,2.14,3.43,1295.84,0.81,1.75,32.20
11.01.2009 17:00:00,1004.22,-3.95,268.88,-7.65,75.30,4.56,3.43,1.13,2.13,3.42,1297.81,0.13,0.50,254.20
11.01.2009 17:10:00,1004.22,-4.30,268.54,-7.67,77.20,4.44,3.43,1.01,2.12,3.41,1299.48,0.12,0.75,177.40
11.01.2009 17:20:00,1004.22,-4.43,268.41,-7.39,79.70,4.39,3.50,0.89,2.17,3.49,1300.08,0.32,0.63,183.00
11.01.2009 17:30:00,1004.30,-4.59,268.24,-7.65,79.00,4.34,3.43,0.91,2.13,3.42,1300.98,1.89,3.25,215.00
11.01.2009 17:40:00,1004.39,-4.64,268.19,-7.96,77.40,4.33,3.35,0.98,2.08,3.33,1301.37,1.95,2.88,215.00
11.01.2009 17:50:00,1004.35,-4.97,267.86,-7.94,79.50,4.22,3.35,0.86,2.08,3.34,1302.92,1.83,2.63,209.20
11.01.2009 18:00:00,1004.33,-5.13,267.70,-8.00,80.10,4.17,3.34,0.83,2.07,3.32,1303.68,1.52,2.38,217.60
11.01.2009 18:10:00,1004.34,-5.09,267.74,-8.00,79.90,4.18,3.34,0.84,2.07,3.32,1303.51,1.64,2.25,199.70
11.01.2009 18:20:00,1004.26,-5.34,267.49,-8.19,80.20,4.10,3.29,0.81,2.04,3.27,1304.66,1.03,1.63,217.20
11.01.2009 18:30:00,1004.31,-6.07,266.76,-8.92,80.10,3.88,3.10,0.77,1.93,3.09,1308.38,0.76,1.38,120.20
11.01.2009 18:40:00,1004.36,-6.92,265.91,-9.30,83.00,3.63,3.01,0.62,1.87,3.00,1312.65,0.29,0.88,87.50
11.01.2009 18:50:00,1004.33,-7.28,265.55,-9.28,85.50,3.53,3.02,0.51,1.87,3.01,1314.40,0.47,1.50,186.70
11.01.2009 19:00:00,1004.30,-7.01,265.82,-8.65,88.00,3.61,3.17,0.43,1.97,3.16,1312.95,1.90,3.38,176.20
11.01.2009 19:10:00,1004.24,-6.58,266.25,-8.24,87.90,3.73,3.28,0.45,2.03,3.26,1310.72,2.28,3.25,174.10
11.01.2009 19:20:00,1004.12,-7.07,265.78,-8.85,87.00,3.59,3.12,0.47,1.94,3.11,1313.04,1.90,3.25,168.60
11.01.2009 19:30:00,1004.09,-7.53,265.32,-9.12,88.30,3.46,3.06,0.41,1.90,3.05,1315.30,2.78,3.88,168.90
11.01.2009 19:40:00,1004.11,-7.56,265.29,-8.93,89.80,3.45,3.10,0.35,1.92,3.09,1315.45,3.32,4.50,168.20
11.01.2009 19:50:00,1004.11,-7.94,264.91,-9.22,90.40,3.35,3.03,0.32,1.88,3.02,1317.37,2.20,3.38,178.80
11.01.2009 20:00:00,1004.05,-8.27,264.58,-9.44,91.20,3.27,2.98,0.29,1.85,2.97,1318.96,1.68,2.75,174.50
11.01.2009 20:10:00,1004.11,-8.49,264.36,-9.56,91.90,3.21,2.95,0.26,1.83,2.94,1320.15,1.25,2.38,173.00
11.01.2009 20:20:00,1004.11,-8.68,264.17,-9.71,92.20,3.16,2.92,0.25,1.81,2.91,1321.11,1.05,1.63,183.60
11.01.2009 20:30:00,1004.10,-8.76,264.09,-9.73,92.60,3.14,2.91,0.23,1.81,2.90,1321.51,0.98,1.63,197.40
11.01.2009 20:40:00,1004.11,-8.49,264.36,-9.40,93.10,3.21,2.99,0.22,1.85,2.98,1320.13,2.49,3.88,173.20
11.01.2009 20:50:00,1004.11,-8.47,264.38,-9.44,92.60,3.22,2.98,0.24,1.85,2.97,1320.03,3.00,4.38,173.90
11.01.2009 21:00:00,1004.11,-8.67,264.18,-9.66,92.50,3.17,2.93,0.24,1.82,2.92,1321.06,1.42,3.00,162.60
11.01.2009 21:10:00,1004.09,-8.35,264.50,-9.24,93.20,3.25,3.03,0.22,1.88,3.01,1319.39,2.57,4.75,184.40
11.01.2009 21:20:00,1004.13,-7.99,264.86,-8.98,92.50,3.34,3.09,0.25,1.92,3.08,1317.62,1.59,2.88,177.10
11.01.2009 21:30:00,1004.12,-8.12,264.73,-9.25,91.50,3.31,3.03,0.28,1.88,3.01,1318.28,1.27,2.50,178.90
11.01.2009 21:40:00,1004.11,-8.23,264.62,-9.37,91.40,3.28,3.00,0.28,1.86,2.98,1318.83,3.22,5.50,173.60
11.01.2009 21:50:00,1004.11,-8.26,264.59,-9.47,90.90,3.27,2.97,0.30,1.84,2.96,1319.00,3.91,5.50,171.90
11.01.2009 22:00:00,1004.06,-8.37,264.48,-9.68,90.20,3.24,2.92,0.32,1.81,2.91,1319.50,3.58,5.25,175.60
11.01.2009 22:10:00,1004.11,-8.77,264.08,-10.14,89.70,3.14,2.82,0.32,1.75,2.81,1321.61,2.65,4.75,173.60
11.01.2009 22:20:00,1004.10,-9.11,263.74,-10.45,89.90,3.06,2.75,0.31,1.71,2.74,1323.34,1.60,3.13,170.40
11.01.2009 22:30:00,1003.99,-8.99,263.87,-10.22,90.70,3.09,2.80,0.29,1.74,2.79,1322.57,2.22,4.13,181.80
11.01.2009 22:40:00,1003.95,-8.78,264.08,-10.11,90.00,3.14,2.83,0.31,1.75,2.81,1321.45,1.99,3.38,186.50
11.01.2009 22:50:00,1003.86,-9.19,263.68,-10.67,88.90,3.04,2.70,0.34,1.68,2.69,1323.44,1.76,3.00,153.90
11.01.2009 23:00:00,1003.78,-9.44,263.44,-10.80,89.70,2.98,2.67,0.31,1.66,2.66,1324.61,1.21,2.38,117.60
11.01.2009 23:10:00,1003.71,-9.37,263.51,-10.65,90.30,3.00,2.71,0.29,1.68,2.70,1324.15,0.67,1.50,72.30
11.01.2009 23:20:00,1003.62,-9.05,263.84,-10.21,91.20,3.07,2.80,0.27,1.74,2.79,1322.38,1.40,4.00,140.50
11.01.2009 23:30:00,1003.66,-8.76,264.12,-10.22,89.10,3.14,2.80,0.34,1.74,2.79,1320.98,1.83,3.38,153.90
11.01.2009 23:40:00,1003.58,-9.05,263.84,-10.64,88.10,3.07,2.71,0.37,1.68,2.70,1322.38,0.38,2.13,109.80
11.01.2009 23:50:00,1003.49,-9.15,263.75,-10.69,88.50,3.05,2.70,0.35,1.67,2.69,1322.75,2.17,4.75,174.90
12.01.2009 00:00:00,1003.34,-8.96,263.95,-10.57,88.00,3.10,2.72,0.37,1.69,2.72,1321.60,2.71,4.38,174.00
12.01.2009 00:10:00,1003.25,-8.87,264.04,-10.59,87.20,3.12,2.72,0.40,1.69,2.71,1321.03,2.88,4.25,181.60
12.01.2009 00:20:00,1003.21,-8.95,263.97,-10.79,86.40,3.10,2.68,0.42,1.66,2.67,1321.40,3.05,4.38,181.30
12.01.2009 00:30:00,1003.10,-9.15,263.78,-10.96,86.60,3.05,2.64,0.41,1.64,2.63,1322.27,3.24,4.38,176.50
12.01.2009 00:40:00,1003.01,-9.14,263.79,-10.88,87.10,3.05,2.66,0.39,1.65,2.65,1322.09,3.00,4.63,175.20
12.01.2009 00:50:00,1002.86,-8.82,264.12,-10.56,87.10,3.13,2.73,0.40,1.69,2.72,1320.27,2.85,4.25,182.70
12.01.2009 01:00:00,1002.67,-8.80,264.16,-10.67,86.20,3.13,2.70,0.43,1.68,2.70,1319.93,2.58,3.75,197.40
12.01.2009 01:10:00,1002.64,-8.68,264.28,-10.52,86.40,3.16,2.73,0.43,1.70,2.73,1319.27,2.09,3.50,187.00
12.01.2009 01:20:00,1002.64,-8.60,264.36,-10.55,85.70,3.18,2.73,0.46,1.69,2.72,1318.87,2.12,3.00,194.00
12.01.2009 01:30:00,1002.52,-8.55,264.42,-10.48,85.80,3.20,2.74,0.45,1.70,2.74,1318.46,2.06,2.75,204.20
12.01.2009 01:40:00,1002.35,-8.49,264.49,-10.42,85.80,3.21,2.76,0.46,1.71,2.75,1317.92,2.54,3.75,205.80
12.01.2009 01:50:00,1002.27,-8.37,264.62,-10.32,85.70,3.24,2.78,0.46,1.73,2.77,1317.21,2.89,3.75,197.30
12.01.2009 02:00:00,1002.25,-8.29,264.70,-10.29,85.40,3.26,2.79,0.48,1.73,2.78,1316.79,2.73,4.00,201.50
12.01.2009 02:10:00,1002.21,-8.31,264.68,-10.36,85.00,3.26,2.77,0.49,1.72,2.76,1316.85,2.69,3.50,198.60
12.01.2009 02:20:00,1002.16,-8.60,264.40,-10.65,85.00,3.18,2.71,0.48,1.68,2.70,1318.25,2.62,3.38,196.60
12.01.2009 02:30:00,1002.21,-8.81,264.18,-10.75,85.70,3.13,2.68,0.45,1.67,2.68,1319.37,2.66,3.88,180.10
12.01.2009 02:40:00,1002.22,-8.81,264.18,-10.72,85.90,3.13,2.69,0.44,1.67,2.68,1319.38,2.96,4.25,179.80
12.01.2009 02:50:00,1002.19,-8.86,264.13,-10.77,85.90,3.12,2.68,0.44,1.67,2.67,1319.60,2.32,3.50,190.80
12.01.2009 03:00:00,1002.10,-8.75,264.25,-10.61,86.30,3.15,2.72,0.43,1.69,2.71,1318.91,2.62,4.63,186.40
12.01.2009 03:10:00,1002.01,-8.76,264.25,-10.65,86.10,3.14,2.71,0.44,1.68,2.70,1318.86,3.69,5.25,188.10
12.01.2009 03:20:00,1001.95,-9.00,264.01,-10.84,86.40,3.09,2.67,0.42,1.66,2.66,1319.99,3.80,5.13,190.20
12.01.2009 03:30:00,1001.92,-9.18,263.84,-10.96,86.80,3.04,2.64,0.40,1.64,2.64,1320.86,3.68,5.50,182.20
12.01.2009 03:40:00,1001.90,-9.48,263.54,-11.21,87.10,2.97,2.59,0.38,1.61,2.58,1322.37,3.55,4.50,191.50
12.01.2009 03:50:00,1001.89,-9.65,263.37,-11.26,87.90,2.93,2.58,0.35,1.60,2.57,1323.22,3.17,4.50,190.20
12.01.2009 04:00:00,1001.83,-9.60,263.42,-11.17,88.20,2.94,2.60,0.35,1.61,2.59,1322.87,2.99,4.13,193.70
12.01.2009 04:10:00,1001.78,-9.56,263.47,-11.18,87.90,2.95,2.60,0.36,1.61,2.59,1322.60,3.02,4.13,189.90
12.01.2009 04:20:00,1001.67,-9.65,263.38,-11.29,87.70,2.93,2.57,0.36,1.60,2.57,1322.93,2.88,3.75,195.50
12.01.2009 04:30:00,1001.55,-9.75,263.29,-11.40,87.60,2.91,2.55,0.36,1.58,2.54,1323.28,2.82,4.00,197.00
12.01.2009 04:40:00,1001.54,-9.98,263.06,-11.67,87.30,2.86,2.49,0.36,1.55,2.49,1324.46,2.24,3.63,194.20
12.01.2009 04:50:00,1001.50,-10.13,262.92,-11.75,87.80,2.82,2.48,0.34,1.54,2.47,1325.16,3.23,4.25,184.90
12.01.2009 05:00:00,1001.45,-10.37,262.68,-12.02,87.60,2.77,2.42,0.34,1.51,2.42,1326.33,3.17,4.25,183.20
12.01.2009 05:10:00,1001.35,-10.45,262.61,-12.02,88.10,2.75,2.42,0.33,1.51,2.42,1326.60,3.35,4.88,183.10
12.01.2009 05:20:00,1001.29,-10.63,262.43,-12.22,88.00,2.71,2.39,0.33,1.48,2.38,1327.45,3.11,4.25,192.50
12.01.2009 05:30:00,1001.19,-10.78,262.29,-12.38,87.90,2.68,2.35,0.32,1.46,2.35,1328.10,3.28,4.88,186.00
12.01.2009 05:40:00,1001.16,-10.85,262.22,-12.36,88.50,2.66,2.36,0.31,1.47,2.35,1328.41,3.85,5.00,188.90
12.01.2009 05:50:00,1001.08,-10.83,262.25,-12.37,88.30,2.67,2.36,0.31,1.47,2.35,1328.21,3.80,4.88,189.30
12.01.2009 06:00:00,1001.04,-10.76,262.32,-12.27,88.50,2.68,2.37,0.31,1.48,2.37,1327.79,3.00,4.00,197.50
12.01.2009 06:10:00,1000.98,-10.44,262.65,-11.99,88.30,2.75,2.43,0.32,1.51,2.43,1326.06,2.34,3.75,207.60
12.01.2009 06:20:00,1000.94,-10.42,262.67,-12.11,87.30,2.76,2.41,0.35,1.50,2.40,1325.92,2.24,3.50,198.20
12.01.2009 06:30:00,1000.83,-10.34,262.76,-11.97,87.70,2.77,2.43,0.34,1.51,2.43,1325.35,3.79,5.38,187.80
12.01.2009 06:40:00,1000.79,-9.69,263.41,-11.43,87.00,2.92,2.54,0.38,1.58,2.54,1321.98,3.40,4.50,197.80
12.01.2009 06:50:00,1000.73,-9.45,263.66,-11.40,85.60,2.98,2.55,0.43,1.59,2.55,1320.68,2.72,4.00,203.40
12.01.2009 07:00:00,1000.75,-9.66,263.44,-11.66,85.20,2.93,2.50,0.43,1.55,2.49,1321.80,2.41,3.38,210.00
12.01.2009 07:10:00,1000.72,-9.76,263.35,-11.66,85.90,2.91,2.50,0.41,1.55,2.49,1322.26,2.38,3.38,191.60
12.01.2009 07:20:00,1000.77,-9.41,263.69,-11.34,85.70,2.99,2.56,0.43,1.59,2.56,1320.54,2.68,3.50,197.80
12.01.2009 07:30:00,1000.69,-9.20,263.91,-11.27,84.80,3.04,2.58,0.46,1.60,2.57,1319.38,3.26,4.63,205.00
12.01.2009 07:40:00,1000.67,-9.06,264.05,-11.22,84.20,3.07,2.59,0.49,1.61,2.58,1318.64,3.20,4.88,204.80
12.01.2009 07:50:00,1000.67,-9.05,264.06,-11.28,83.70,3.07,2.57,0.50,1.60,2.57,1318.60,3.32,5.00,201.00
12.01.2009 08:00:00,1000.70,-9.34,263.77,-11.52,84.00,3.00,2.52,0.48,1.57,2.52,1320.11,2.68,3.38,204.40
12.01.2009 08:10:00,1000.67,-9.53,263.58,-11.55,85.10,2.96,2.52,0.44,1.57,2.52,1321.03,2.89,4.25,198.90
12.01.2009 08:20:00,1000.64,-9.46,263.65,-11.41,85.60,2.98,2.55,0.43,1.58,2.55,1320.62,3.10,4.50,193.40
12.01.2009 08:30:00,1000.52,-9.24,263.88,-11.28,85.00,3.03,2.57,0.45,1.60,2.57,1319.35,3.30,4.63,191.10
12.01.2009 08:40:00,1000.43,-8.98,264.15,-11.15,84.10,3.09,2.60,0.49,1.62,2.60,1317.92,2.92,4.25,200.70
12.01.2009 08:50:00,1000.43,-8.78,264.35,-11.14,82.90,3.14,2.60,0.54,1.62,2.60,1316.92,2.99,4.13,196.70
12.01.2009 09:00:00,1000.43,-8.68,264.45,-11.17,82.00,3.16,2.60,0.57,1.62,2.59,1316.42,2.70,3.63,200.60
12.01.2009 09:10:00,1000.42,-8.65,264.48,-11.22,81.50,3.17,2.59,0.59,1.61,2.58,1316.27,2.35,3.13,206.00
12.01.2009 09:20:00,1000.31,-8.64,264.50,-11.24,81.30,3.17,2.58,0.59,1.61,2.58,1316.08,2.46,3.63,202.60
12.01.2009 09:30:00,1000.23,-8.57,264.57,-11.22,81.00,3.19,2.59,0.61,1.61,2.59,1315.62,2.88,4.00,186.80
12.01.2009 09:40:00,1000.18,-8.49,264.66,-11.22,80.50,3.21,2.59,0.63,1.61,2.59,1315.16,2.47,3.75,190.10
12.01.2009 09:50:00,1000.18,-8.25,264.90,-11.14,79.50,3.27,2.60,0.67,1.62,2.60,1313.96,2.72,4.13,180.60
12.01.2009 10:00:00,1000.13,-8.00,265.15,-11.05,78.50,3.34,2.62,0.72,1.63,2.62,1312.65,2.66,4.38,181.00
12.01.2009 10:10:00,1000.15,-7.58,265.57,-10.84,77.30,3.45,2.67,0.78,1.66,2.67,1310.57,2.12,3.75,186.60
12.01.2009 10:20:00,1000.13,-7.34,265.81,-10.73,76.50,3.51,2.69,0.83,1.67,2.69,1309.36,2.09,3.00,203.40
12.01.2009 10:30:00,1000.17,-6.90,266.25,-10.45,75.60,3.64,2.75,0.89,1.71,2.75,1307.21,2.32,3.75,209.20
12.01.2009 10:40:00,1000.17,-6.48,266.67,-10.26,74.30,3.76,2.79,0.97,1.74,2.79,1305.10,2.12,3.00,218.80
12.01.2009 10:50:00,1000.13,-6.03,267.12,-10.11,72.70,3.89,2.83,1.06,1.76,2.83,1302.88,2.27,3.50,221.80
12.01.2009 11:00:00,1000.04,-5.70,267.45,-10.03,71.30,3.99,2.84,1.14,1.77,2.84,1301.14,2.49,3.50,219.40
12.01.2009 11:10:00,999.87,-5.39,267.78,-9.88,70.50,4.08,2.88,1.20,1.79,2.88,1299.40,2.61,3.63,211.50
12.01.2009 11:20:00,999.68,-5.11,268.08,-9.81,69.36,4.17,2.89,1.28,1.80,2.90,1297.76,2.54,3.38,209.20
12.01.2009 11:30:00,999.53,-4.85,268.34,-9.71,68.55,4.26,2.92,1.34,1.82,2.92,1296.32,2.28,3.25,214.30
12.01.2009 11:40:00,999.31,-4.67,268.54,-9.59,68.26,4.31,2.94,1.37,1.83,2.95,1295.16,2.32,3.75,217.50
12.01.2009 11:50:00,999.05,-4.24,269.00,-9.29,67.64,4.46,3.02,1.44,1.88,3.02,1292.67,2.08,3.38,226.40
12.01.2009 12:00:00,998.86,-3.64,269.61,-9.00,66.14,4.67,3.09,1.58,1.92,3.09,1289.52,2.13,3.13,231.40
12.01.2009 12:10:00,998.63,-2.97,270.30,-8.71,64.36,4.91,3.16,1.75,1.97,3.16,1286.00,2.15,3.13,208.00
12.01.2009 12:20:00,998.38,-2.58,270.71,-8.56,63.27,5.05,3.20,1.86,1.99,3.20,1283.80,2.25,3.00,216.80
12.01.2009 12:30:00,998.22,-2.16,271.14,-8.33,62.44,5.21,3.25,1.96,2.03,3.26,1281.59,2.04,3.13,215.30
12.01.2009 12:40:00,998.03,-1.50,271.82,-8.05,60.76,5.47,3.32,2.15,2.07,3.33,1278.19,1.69,2.50,217.20
12.01.2009 12:50:00,997.87,-0.97,272.36,-7.88,59.24,5.69,3.37,2.32,2.10,3.38,1275.47,2.03,3.25,216.50
12.01.2009 13:00:00,997.70,-0.49,272.85,-7.69,58.01,5.89,3.42,2.47,2.13,3.43,1272.99,1.90,3.38,199.10
12.01.2009 13:10:00,997.51,-0.06,273.29,-7.59,56.68,6.08,3.45,2.63,2.15,3.45,1270.75,2.10,3.50,190.60
12.01.2009 13:20:00,997.41,0.27,273.63,-7.44,55.98,6.23,3.49,2.74,2.18,3.50,1269.06,1.75,3.00,187.40
12.01.2009 13:30:00,997.26,0.72,274.09,-7.36,54.55,6.43,3.51,2.92,2.19,3.52,1266.80,1.55,2.25,205.10
12.01.2009 13:40:00,997.04,1.28,274.68,-7.16,53.16,6.70,3.56,3.14,2.23,3.57,1263.88,1.55,2.50,187.20
12.01.2009 13:50:00,996.86,1.46,274.86,-7.13,52.64,6.79,3.57,3.21,2.23,3.58,1262.84,1.72,2.63,206.40
12.01.2009 14:00:00,996.82,1.30,274.71,-7.11,53.30,6.71,3.58,3.13,2.23,3.59,1263.51,1.70,2.38,204.80
12.01.2009 14:10:00,996.69,0.88,274.30,-7.15,54.78,6.51,3.57,2.94,2.23,3.58,1265.28,1.67,2.50,202.00
12.01.2009 14:20:00,996.60,0.73,274.16,-7.10,55.59,6.44,3.58,2.86,2.24,3.59,1265.83,1.55,2.38,203.70
12.01.2009 14:30:00,996.46,1.41,274.85,-6.97,53.46,6.77,3.62,3.15,2.26,3.63,1262.52,1.73,3.00,197.50
12.01.2009 14:40:00,996.36,2.02,275.46,-6.82,51.78,7.07,3.66,3.41,2.29,3.67,1259.60,1.85,2.63,185.10
12.01.2009 14:50:00,996.36,2.27,275.71,-6.73,51.21,7.19,3.68,3.51,2.30,3.70,1258.44,1.76,3.25,192.30
12.01.2009 15:00:00,996.27,2.32,275.78,-6.78,50.80,7.22,3.67,3.55,2.29,3.68,1258.08,1.71,2.75,201.60
12.01.2009 15:10:00,996.24,1.87,275.32,-6.87,52.13,6.99,3.64,3.35,2.28,3.66,1260.14,1.67,2.75,205.20
12.01.2009 15:20:00,996.23,1.41,274.86,-6.86,53.94,6.76,3.65,3.12,2.28,3.66,1262.23,1.58,2.38,202.40
12.01.2009 15:30:00,996.23,1.40,274.85,-6.83,54.11,6.76,3.66,3.10,2.29,3.67,1262.27,1.42,2.38,199.80
12.01.2009 15:40:00,996.20,1.77,275.23,-6.88,52.46,6.94,3.64,3.30,2.28,3.66,1260.52,1.33,2.50,206.80
12.01.2009 15:50:00,996.17,2.04,275.50,-6.90,51.38,7.08,3.64,3.44,2.27,3.65,1259.25,1.27,2.38,199.70
12.01.2009 16:00:00,996.14,1.51,274.98,-7.02,52.84,6.82,3.60,3.21,2.25,3.62,1261.65,2.10,3.13,199.10
12.01.2009 16:10:00,996.12,0.49,273.96,-7.19,56.18,6.33,3.56,2.77,2.22,3.57,1266.35,2.20,3.75,199.00
12.01.2009 16:20:00,996.12,-0.34,273.12,-7.18,59.73,5.96,3.56,2.40,2.23,3.57,1270.22,2.18,3.38,201.70
12.01.2009 16:30:00,996.12,-0.81,272.66,-7.13,62.02,5.76,3.57,2.19,2.23,3.59,1272.38,2.09,2.88,200.50
12.01.2009 16:40:00,996.05,-1.27,272.19,-7.13,64.21,5.56,3.57,1.99,2.23,3.59,1274.48,2.42,3.13,207.30
12.01.2009 16:50:00,995.99,-1.78,271.70,-7.11,66.73,5.36,3.58,1.78,2.24,3.59,1276.77,2.44,3.25,211.80
12.01.2009 17:00:00,995.94,-1.80,271.68,-7.15,66.67,5.35,3.57,1.78,2.23,3.58,1276.81,2.19,3.13,220.80
12.01.2009 17:10:00,995.87,-1.90,271.58,-7.26,66.55,5.31,3.53,1.78,2.21,3.55,1277.21,1.98,2.75,201.90
12.01.2009 17:20:00,995.86,-2.03,271.45,-7.41,66.44,5.26,3.49,1.76,2.19,3.51,1277.85,1.88,2.75,199.00
12.01.2009 17:30:00,995.77,-2.04,271.45,-7.45,66.28,5.26,3.48,1.77,2.18,3.50,1277.77,1.88,2.75,202.00
12.01.2009 17:40:00,995.70,-2.20,271.29,-7.62,66.21,5.19,3.44,1.75,2.15,3.45,1278.48,1.94,3.38,192.80
12.01.2009 17:50:00,995.62,-2.49,271.01,-7.85,66.41,5.08,3.38,1.71,2.11,3.39,1279.75,2.49,3.38,206.50
12.01.2009 18:00:00,995.52,-2.76,270.74,-8.06,66.72,4.98,3.32,1.66,2.08,3.34,1280.95,2.71,4.13,207.80
12.01.2009 18:10:00,995.50,-3.00,270.51,-8.20,67.15,4.89,3.29,1.61,2.06,3.30,1282.03,2.80,4.13,209.20
12.01.2009 18:20:00,995.36,-3.18,270.34,-8.27,67.67,4.83,3.27,1.56,2.04,3.28,1282.72,3.14,4.25,201.60
12.01.2009 18:30:00,995.33,-3.38,270.14,-8.53,67.32,4.76,3.20,1.55,2.00,3.22,1283.67,2.80,4.00,195.90
12.01.2009 18:40:00,995.30,-3.38,270.15,-8.74,66.20,4.76,3.15,1.61,1.97,3.16,1283.65,2.00,3.13,179.70
12.01.2009 18:50:00,995.37,-3.13,270.39,-8.95,63.92,4.85,3.10,1.75,1.94,3.11,1282.60,1.93,3.00,182.90
12.01.2009 19:00:00,995.47,-2.99,270.52,-9.07,62.63,4.90,3.07,1.83,1.92,3.08,1282.06,1.12,2.25,149.80
12.01.2009 19:10:00,995.40,-2.87,270.65,-9.11,61.88,4.94,3.06,1.88,1.91,3.07,1281.41,1.82,2.63,160.90
12.01.2009 19:20:00,995.32,-3.07,270.45,-9.29,61.99,4.87,3.02,1.85,1.89,3.03,1282.31,2.30,4.13,165.80
12.01.2009 19:30:00,995.15,-3.36,270.17,-9.38,62.90,4.76,3.00,1.77,1.87,3.01,1283.47,2.93,4.13,177.40
12.01.2009 19:40:00,995.08,-3.30,270.24,-9.27,63.14,4.78,3.02,1.76,1.89,3.04,1283.07,3.15,5.50,168.20
12.01.2009 19:50:00,995.04,-3.20,270.35,-9.36,62.22,4.82,3.00,1.82,1.88,3.02,1282.54,3.09,4.75,166.60
12.01.2009 20:00:00,994.98,-3.53,270.02,-9.51,63.05,4.70,2.96,1.74,1.86,2.98,1284.07,2.79,4.25,167.20
12.01.2009 20:10:00,994.95,-3.77,269.78,-9.54,64.05,4.62,2.96,1.66,1.85,2.97,1285.19,1.93,3.63,155.70
12.01.2009 20:20:00,994.97,-3.47,270.08,-9.57,62.46,4.72,2.95,1.77,1.85,2.97,1283.77,2.22,3.63,155.30
12.01.2009 20:30:00,994.97,-3.42,270.13,-9.67,61.73,4.74,2.93,1.82,1.83,2.94,1283.53,2.02,4.00,159.20
12.01.2009 20:40:00,994.96,-3.40,270.15,-9.71,61.45,4.75,2.92,1.83,1.83,2.93,1283.44,1.77,3.38,173.70
12.01.2009 20:50:00,994.99,-3.48,270.06,-9.80,61.37,4.72,2.90,1.82,1.81,2.91,1283.89,1.80,3.38,162.30
12.01.2009 21:00:00,994.89,-3.44,270.12,-9.85,60.93,4.74,2.89,1.85,1.81,2.90,1283.54,2.29,3.63,157.60
12.01.2009 21:10:00,994.89,-3.52,270.04,-9.84,61.32,4.71,2.89,1.82,1.81,2.90,1283.92,2.17,3.38,146.90
12.01.2009 21:20:00,994.79,-3.59,269.97,-9.86,61.57,4.68,2.88,1.80,1.80,2.90,1284.14,2.39,3.63,149.60
12.01.2009 21:30:00,994.77,-3.89,269.67,-9.98,62.40,4.58,2.86,1.72,1.79,2.87,1285.58,2.93,5.25,145.50
12.01.2009 21:40:00,994.71,-4.19,269.37,-10.08,63.35,4.47,2.83,1.64,1.77,2.85,1286.95,3.31,4.75,144.30
12.01.2009 21:50:00,994.67,-4.28,269.30,-10.06,63.84,4.45,2.84,1.61,1.78,2.85,1287.29,2.26,4.25,150.90
12.01.2009 22:00:00,994.58,-4.35,269.23,-9.99,64.51,4.42,2.85,1.57,1.79,2.87,1287.50,2.36,4.38,150.30
12.01.2009 22:10:00,994.54,-4.42,269.16,-9.98,64.94,4.40,2.86,1.54,1.79,2.87,1287.79,2.61,4.50,155.00
12.01.2009 22:20:00,994.53,-4.51,269.08,-10.06,64.96,4.37,2.84,1.53,1.78,2.85,1288.21,1.71,3.38,168.80
12.01.2009 22:30:00,994.41,-4.74,268.85,-10.18,65.48,4.29,2.81,1.48,1.76,2.83,1289.18,1.42,2.38,193.20
12.01.2009 22:40:00,994.23,-5.03,268.58,-10.37,65.92,4.20,2.77,1.43,1.73,2.78,1290.35,1.86,3.50,186.30
12.01.2009 22:50:00,994.19,-5.20,268.40,-10.38,66.75,4.14,2.77,1.38,1.73,2.78,1291.15,1.42,2.50,185.30
12.01.2009 23:00:00,994.14,-4.99,268.63,-10.24,66.40,4.21,2.80,1.42,1.75,2.81,1290.02,2.20,4.13,163.00
12.01.2009 23:10:00,993.99,-4.76,268.87,-10.28,65.05,4.29,2.79,1.50,1.75,2.81,1288.73,2.60,3.88,169.30
12.01.2009 23:20:00,993.91,-4.62,269.01,-10.20,64.76,4.33,2.81,1.53,1.76,2.82,1287.95,2.74,4.00,156.50
12.01.2009 23:30:00,993.82,-4.72,268.91,-10.29,64.81,4.30,2.79,1.51,1.75,2.80,1288.34,2.36,4.13,168.40
12.01.2009 23:40:00,993.80,-4.97,268.67,-10.39,65.51,4.22,2.76,1.45,1.73,2.78,1289.50,2.24,3.50,173.40
12.01.2009 23:50:00,993.68,-5.03,268.61,-10.39,65.86,4.20,2.76,1.43,1.73,2.78,1289.67,2.81,4.13,171.30
13.01.2009 00:00:00,993.54,-5.19,268.47,-10.44,66.40,4.15,2.75,1.39,1.73,2.77,1290.26,2.20,3.25,172.50
13.01.2009 00:10:00,993.44,-5.30,268.36,-10.34,67.46,4.11,2.77,1.34,1.74,2.79,1290.64,2.53,4.00,168.30
13.01.2009 00:20:00,993.43,-5.07,268.59,-10.21,66.98,4.18,2.80,1.38,1.76,2.82,1289.51,3.03,4.63,156.50
13.01.2009 00:30:00,993.30,-4.95,268.73,-10.17,66.56,4.22,2.81,1.41,1.76,2.83,1288.74,3.11,4.75,155.80
13.01.2009 00:40:00,993.21,-5.00,268.69,-10.20,66.67,4.21,2.81,1.40,1.76,2.83,1288.87,2.98,5.13,172.80
13.01.2009 00:50:00,993.07,-4.88,268.81,-10.01,67.12,4.24,2.85,1.40,1.79,2.87,1288.12,3.36,5.25,164.90
13.01.2009 01:00:00,993.01,-4.79,268.91,-9.90,67.23,4.28,2.87,1.40,1.80,2.89,1287.57,2.41,3.38,160.00
13.01.2009 01:10:00,992.93,-4.65,269.05,-9.82,66.96,4.32,2.89,1.43,1.81,2.91,1286.80,3.39,5.38,157.80
13.01.2009 01:20:00,992.83,-4.63,269.08,-9.88,66.51,4.33,2.88,1.45,1.80,2.90,1286.59,3.18,4.50,151.00
13.01.2009 01:30:00,992.70,-4.46,269.26,-9.84,65.88,4.38,2.89,1.50,1.81,2.91,1285.59,3.43,4.75,159.00
13.01.2009 01:40:00,992.57,-4.37,269.37,-9.84,65.41,4.41,2.89,1.53,1.81,2.91,1284.98,3.43,4.63,172.10
13.01.2009 01:50:00,992.44,-4.43,269.31,-9.81,65.89,4.39,2.89,1.50,1.82,2.92,1285.12,2.75,4.75,182.90
13.01.2009 02:00:00,992.39,-4.56,269.19,-9.77,66.70,4.35,2.90,1.45,1.82,2.93,1285.63,3.01,4.63,177.50
13.01.2009 02:10:00,992.23,-4.62,269.14,-9.74,67.24,4.33,2.91,1.42,1.83,2.93,1285.75,3.63,5.13,175.70
13.01.2009 02:20:00,992.10,-4.70,269.07,-9.66,68.03,4.30,2.93,1.38,1.84,2.95,1285.94,3.20,5.13,184.80
13.01.2009 02:30:00,992.06,-4.77,269.01,-9.67,68.32,4.28,2.93,1.36,1.84,2.95,1286.20,2.82,4.38,193.40
13.01.2009 02:40:00,992.04,-4.77,269.01,-9.67,68.32,4.28,2.93,1.36,1.84,2.95,1286.17,3.17,4.88,184.20
13.01.2009 02:50:00,991.85,-4.71,269.08,-9.66,68.09,4.30,2.93,1.37,1.84,2.95,1285.67,3.68,5.13,175.70
13.01.2009 03:00:00,991.83,-4.76,269.03,-9.68,68.24,4.29,2.92,1.36,1.84,2.95,1285.86,3.47,4.75,178.70
13.01.2009 03:10:00,991.77,-4.83,268.96,-9.64,68.84,4.26,2.93,1.33,1.84,2.96,1286.15,2.79,4.13,187.10
13.01.2009 03:20:00,991.70,-4.80,269.00,-9.62,68.74,4.27,2.94,1.34,1.84,2.96,1285.88,2.47,3.38,196.50
13.01.2009 03:30:00,991.72,-4.77,269.03,-9.61,68.66,4.28,2.94,1.34,1.85,2.97,1285.76,2.27,3.63,187.40
13.01.2009 03:40:00,991.59,-4.78,269.03,-9.59,68.86,4.28,2.95,1.33,1.85,2.97,1285.67,2.69,4.25,180.50
13.01.2009 03:50:00,991.62,-4.89,268.91,-9.62,69.24,4.24,2.94,1.30,1.84,2.96,1286.24,1.98,3.00,191.20
13.01.2009 04:00:00,991.56,-4.90,268.91,-9.63,69.27,4.24,2.94,1.30,1.84,2.96,1286.19,2.56,3.50,188.80
13.01.2009 04:10:00,991.47,-4.99,268.83,-9.66,69.55,4.21,2.93,1.28,1.84,2.95,1286.50,3.20,4.13,200.20
13.01.2009 04:20:00,991.49,-4.98,268.84,-9.62,69.75,4.21,2.94,1.27,1.85,2.96,1286.49,2.57,3.63,198.00
13.01.2009 04:30:00,991.40,-4.88,268.95,-9.63,69.13,4.25,2.94,1.31,1.84,2.96,1285.88,2.67,4.00,191.40
13.01.2009 04:40:00,991.26,-4.93,268.91,-9.65,69.28,4.23,2.93,1.30,1.84,2.96,1285.94,2.80,4.25,187.70
13.01.2009 04:50:00,991.21,-4.92,268.92,-9.59,69.58,4.23,2.95,1.29,1.85,2.97,1285.81,2.75,4.13,187.70
13.01.2009 05:00:00,991.20,-4.83,269.01,-9.56,69.29,4.26,2.95,1.31,1.86,2.98,1285.40,1.99,2.75,197.60
13.01.2009 05:10:00,991.16,-4.87,268.97,-9.58,69.39,4.25,2.95,1.30,1.85,2.97,1285.54,1.45,2.13,202.50
13.01.2009 05:20:00,991.07,-4.91,268.94,-9.54,69.76,4.24,2.96,1.28,1.86,2.98,1285.57,1.90,2.88,192.50
13.01.2009 05:30:00,990.89,-4.85,269.02,-9.52,69.55,4.26,2.96,1.30,1.86,2.99,1285.05,2.14,3.50,194.20
13.01.2009 05:40:00,990.96,-4.63,269.23,-9.47,68.67,4.33,2.97,1.36,1.87,3.00,1284.09,1.44,3.75,174.50
13.01.2009 05:50:00,990.84,-4.31,269.56,-9.55,66.63,4.43,2.95,1.48,1.86,2.98,1282.44,1.96,3.25,172.90
13.01.2009 06:00:00,990.82,-4.26,269.61,-9.49,66.74,4.45,2.97,1.48,1.87,3.00,1282.17,1.02,3.00,157.30
13.01.2009 06:10:00,990.84,-4.18,269.69,-9.51,66.16,4.48,2.96,1.52,1.86,2.99,1281.79,0.82,1.75,282.00
13.01.2009 06:20:00,990.81,-4.17,269.71,-9.52,66.08,4.48,2.96,1.52,1.86,2.99,1281.70,0.87,2.25,183.00
13.01.2009 06:30:00,990.75,-4.16,269.71,-9.46,66.39,4.48,2.98,1.51,1.87,3.00,1281.60,1.08,2.38,168.40
13.01.2009 06:40:00,990.81,-4.02,269.85,-9.28,66.58,4.53,3.02,1.51,1.90,3.05,1280.98,0.59,1.25,304.50
13.01.2009 06:50:00,990.82,-3.70,270.17,-9.36,64.63,4.64,3.00,1.64,1.89,3.03,1279.49,2.67,4.50,190.40
13.01.2009 07:00:00,990.83,-3.66,270.21,-9.40,64.21,4.66,2.99,1.67,1.88,3.02,1279.31,1.95,2.88,208.50
13.01.2009 07:10:00,990.85,-3.80,270.07,-9.36,65.10,4.61,3.00,1.61,1.89,3.03,1279.98,1.52,2.63,218.90
13.01.2009 07:20:00,990.97,-3.78,270.08,-9.31,65.25,4.62,3.01,1.60,1.89,3.04,1280.04,1.51,3.00,202.10
13.01.2009 07:30:00,990.89,-3.70,270.17,-9.25,65.17,4.64,3.03,1.62,1.90,3.05,1279.55,1.60,3.00,178.20
13.01.2009 07:40:00,990.74,-3.73,270.15,-9.16,65.75,4.63,3.05,1.59,1.91,3.07,1279.48,2.05,4.88,186.80
13.01.2009 07:50:00,990.75,-3.72,270.16,-9.07,66.22,4.64,3.07,1.57,1.93,3.10,1279.45,1.76,3.38,193.90
13.01.2009 08:00:00,990.75,-3.76,270.11,-8.98,66.91,4.62,3.09,1.53,1.94,3.12,1279.65,1.20,2.75,189.20
13.01.2009 08:10:00,990.75,-3.60,270.28,-8.88,66.57,4.68,3.12,1.56,1.96,3.14,1278.83,1.03,3.00,204.70
13.01.2009 08:20:00,990.69,-3.50,270.38,-8.86,66.18,4.71,3.12,1.59,1.96,3.15,1278.30,1.48,2.50,229.10
13.01.2009 08:30:00,990.60,-3.54,270.35,-8.64,67.54,4.70,3.17,1.53,2.00,3.20,1278.34,2.55,3.63,191.40
13.01.2009 08:40:00,990.60,-3.22,270.67,-8.45,66.91,4.81,3.22,1.59,2.03,3.25,1276.79,2.68,4.25,185.90
13.01.2009 08:50:00,990.68,-2.84,271.04,-8.45,65.09,4.95,3.22,1.73,2.03,3.25,1275.13,2.29,3.88,173.70
13.01.2009 09:00:00,990.91,-2.49,271.38,-8.39,63.72,5.08,3.24,1.84,2.04,3.27,1273.76,1.25,2.38,109.20
13.01.2009 09:10:00,990.97,-2.06,271.80,-8.57,60.83,5.25,3.19,2.06,2.01,3.22,1271.85,1.54,3.63,117.80
13.01.2009 09:20:00,990.94,-1.79,272.08,-8.49,59.98,5.36,3.21,2.14,2.02,3.24,1270.50,0.79,1.63,201.10
13.01.2009 09:30:00,990.93,-1.76,272.11,-8.43,60.17,5.37,3.23,2.14,2.03,3.26,1270.37,0.93,2.50,197.40
13.01.2009 09:40:00,991.06,-1.79,272.07,-8.49,59.99,5.35,3.21,2.14,2.02,3.24,1270.68,1.63,2.25,210.30
13.01.2009 09:50:00,991.13,-1.72,272.13,-8.50,59.66,5.38,3.21,2.17,2.02,3.24,1270.44,1.29,1.88,207.60
13.01.2009 10:00:00,991.17,-1.47,272.38,-8.32,59.34,5.48,3.25,2.23,2.04,3.28,1269.28,0.89,1.88,190.20
13.01.2009 10:10:00,991.18,-1.08,272.77,-8.14,58.51,5.64,3.30,2.34,2.07,3.33,1267.49,0.47,1.13,213.80
13.01.2009 10:20:00,991.18,-0.75,273.10,-8.15,57.06,5.78,3.30,2.48,2.07,3.33,1265.96,1.06,2.00,192.40
13.01.2009 10:30:00,991.14,-0.57,273.28,-7.89,57.46,5.86,3.37,2.49,2.11,3.40,1265.03,1.53,2.88,185.30
13.01.2009 10:40:00,991.01,-0.13,273.74,-7.80,56.04,6.05,3.39,2.66,2.13,3.42,1262.80,2.23,3.63,179.40
13.01.2009 10:50:00,990.93,0.73,274.61,-7.65,53.26,6.44,3.43,3.01,2.16,3.46,1258.70,2.46,3.75,160.80
13.01.2009 11:00:00,990.76,1.24,275.12,-7.65,51.36,6.68,3.43,3.25,2.16,3.46,1256.18,2.59,4.63,170.90
13.01.2009 11:10:00,990.70,1.78,275.68,-7.59,49.62,6.95,3.45,3.50,2.17,3.48,1253.60,2.69,4.50,169.20
13.01.2009 11:20:00,990.61,1.92,275.82,-7.53,49.34,7.02,3.46,3.56,2.18,3.50,1252.85,2.54,4.75,169.00
13.01.2009 11:30:00,990.59,2.22,276.13,-7.44,48.62,7.17,3.49,3.69,2.19,3.52,1251.43,2.35,4.75,156.90
13.01.2009 11:40:00,990.47,2.02,275.93,-7.56,48.87,7.07,3.45,3.61,2.17,3.49,1252.24,1.91,3.38,141.60
13.01.2009 11:50:00,990.41,2.37,276.29,-7.55,47.71,7.25,3.46,3.79,2.18,3.49,1250.54,1.60,2.63,136.60
13.01.2009 12:00:00,990.29,2.58,276.51,-7.53,47.04,7.36,3.46,3.90,2.18,3.50,1249.43,2.03,4.50,170.10
13.01.2009 12:10:00,990.10,2.61,276.56,-7.76,46.13,7.37,3.40,3.97,2.14,3.44,1249.10,3.36,4.88,164.10
13.01.2009 12:20:00,990.08,2.73,276.68,-7.47,46.79,7.44,3.48,3.96,2.19,3.51,1248.50,2.88,4.38,163.40
13.01.2009 12:30:00,989.95,2.96,276.91,-7.36,46.42,7.56,3.51,4.05,2.21,3.54,1247.30,3.02,4.75,159.50
13.01.2009 12:40:00,989.88,3.45,277.41,-7.18,45.48,7.83,3.56,4.27,2.24,3.60,1244.97,2.28,3.38,171.30
13.01.2009 12:50:00,989.74,3.69,277.67,-7.19,44.64,7.96,3.55,4.41,2.24,3.59,1243.68,3.29,5.50,160.10
13.01.2009 13:00:00,989.66,3.75,277.73,-7.18,44.50,7.99,3.56,4.44,2.24,3.59,1243.34,3.93,5.25,164.50
13.01.2009 13:10:00,989.64,3.92,277.91,-7.36,43.37,8.09,3.51,4.58,2.21,3.55,1242.57,4.22,5.63,170.80
13.01.2009 13:20:00,989.54,4.19,278.19,-7.29,42.78,8.25,3.53,4.72,2.22,3.57,1241.21,3.78,4.88,169.30
13.01.2009 13:30:00,989.46,4.33,278.34,-7.28,42.38,8.33,3.53,4.80,2.22,3.57,1240.47,3.86,5.38,170.40
13.01.2009 13:40:00,989.31,4.70,278.72,-6.93,42.43,8.55,3.63,4.92,2.28,3.67,1238.60,3.14,4.63,174.70
13.01.2009 13:50:00,989.24,4.90,278.92,-6.57,43.05,8.67,3.73,4.94,2.35,3.77,1237.58,3.16,4.00,174.00
13.01.2009 14:00:00,989.14,4.63,278.66,-6.49,44.14,8.50,3.75,4.75,2.36,3.79,1238.66,3.10,4.50,176.00
13.01.2009 14:10:00,989.06,4.22,278.26,-6.49,45.41,8.27,3.75,4.51,2.36,3.80,1240.36,2.93,4.00,167.30
13.01.2009 14:20:00,989.00,4.12,278.16,-6.36,46.21,8.21,3.79,4.41,2.39,3.83,1240.73,2.42,3.50,188.50
13.01.2009 14:30:00,988.99,4.26,278.30,-6.25,46.16,8.29,3.82,4.46,2.41,3.87,1240.09,2.14,2.88,193.70
13.01.2009 14:40:00,988.98,4.53,278.57,-6.12,45.71,8.45,3.86,4.59,2.43,3.90,1238.83,1.87,2.63,186.70
13.01.2009 14:50:00,988.88,4.80,278.85,-6.00,45.30,8.61,3.90,4.71,2.46,3.94,1237.50,2.00,3.25,186.10
13.01.2009 15:00:00,988.84,4.89,278.94,-6.09,44.68,8.66,3.87,4.79,2.44,3.91,1237.06,2.13,3.13,184.80
13.01.2009 15:10:00,988.89,4.36,278.41,-6.43,45.20,8.35,3.77,4.57,2.38,3.81,1239.53,2.05,2.88,188.40
13.01.2009 15:20:00,988.82,3.69,277.74,-6.58,46.81,7.96,3.73,4.23,2.35,3.77,1242.46,2.23,3.00,191.10
13.01.2009 15:30:00,988.81,3.44,277.49,-6.41,48.30,7.82,3.78,4.04,2.38,3.82,1243.54,1.77,2.50,202.20
13.01.2009 15:40:00,988.82,3.37,277.42,-6.46,48.33,7.78,3.76,4.02,2.37,3.80,1243.89,1.95,2.88,203.10
13.01.2009 15:50:00,988.82,3.30,277.35,-6.56,48.22,7.75,3.73,4.01,2.35,3.78,1244.20,1.52,2.50,204.00
13.01.2009 16:00:00,988.92,3.25,277.29,-6.63,48.12,7.72,3.71,4.00,2.34,3.75,1244.58,1.68,2.63,206.10
13.01.2009 16:10:00,988.91,2.64,276.68,-6.70,49.98,7.39,3.69,3.70,2.33,3.73,1247.33,1.87,3.00,187.50
13.01.2009 16:20:00,988.87,1.84,275.88,-6.76,52.71,6.98,3.68,3.30,2.32,3.72,1250.93,1.64,2.50,205.40
13.01.2009 16:30:00,988.89,1.27,275.30,-6.79,54.78,6.70,3.67,3.03,2.31,3.71,1253.55,1.47,2.88,189.70
13.01.2009 16:40:00,988.94,1.03,275.06,-6.75,55.88,6.58,3.68,2.90,2.32,3.72,1254.69,2.46,4.88,153.00
13.01.2009 16:50:00,988.89,0.85,274.89,-6.42,58.07,6.50,3.77,2.72,2.38,3.82,1255.39,2.81,4.25,179.60
13.01.2009 17:00:00,988.86,0.42,274.46,-6.52,59.47,6.30,3.75,2.55,2.36,3.79,1257.34,2.06,2.88,202.70
13.01.2009 17:10:00,988.87,0.45,274.49,-6.54,59.22,6.31,3.74,2.57,2.35,3.78,1257.22,2.50,3.50,203.70
13.01.2009 17:20:00,988.85,0.23,274.26,-6.47,60.55,6.21,3.76,2.45,2.37,3.80,1258.23,2.61,3.25,205.90
13.01.2009 17:30:00,988.87,-0.10,273.94,-6.58,61.45,6.06,3.73,2.34,2.35,3.77,1259.76,2.51,3.00,206.10
13.01.2009 17:40:00,988.86,-0.32,273.71,-6.62,62.31,5.97,3.72,2.25,2.34,3.76,1260.79,2.41,3.50,215.00
13.01.2009 17:50:00,988.79,-0.48,273.56,-6.67,62.76,5.90,3.70,2.20,2.33,3.74,1261.44,2.36,3.00,206.80
13.01.2009 18:00:00,988.75,-0.80,273.25,-6.70,64.07,5.76,3.69,2.07,2.33,3.73,1262.85,1.78,2.63,211.40
13.01.2009 18:10:00,988.75,-1.09,272.95,-6.81,64.94,5.64,3.66,1.98,2.31,3.70,1264.24,2.10,3.50,203.50
13.01.2009 18:20:00,988.75,-1.63,272.41,-6.91,67.04,5.42,3.63,1.79,2.29,3.67,1266.75,2.13,3.13,200.50
13.01.2009 18:30:00,988.68,-1.87,272.17,-6.94,68.09,5.32,3.62,1.70,2.28,3.67,1267.80,2.67,4.13,195.00
13.01.2009 18:40:00,988.63,-1.86,272.19,-7.03,67.55,5.33,3.60,1.73,2.27,3.64,1267.69,2.82,4.13,197.80
13.01.2009 18:50:00,988.55,-2.03,272.03,-7.12,67.96,5.26,3.58,1.69,2.25,3.62,1268.40,2.96,4.00,197.70
13.01.2009 19:00:00,988.50,-2.03,272.03,-7.20,67.53,5.26,3.55,1.71,2.24,3.59,1268.36,3.71,5.13,196.40
13.01.2009 19:10:00,988.38,-1.98,272.08,-7.24,67.08,5.28,3.54,1.74,2.23,3.58,1267.98,3.55,4.38,198.50
13.01.2009 19:20:00,988.38,-2.15,271.92,-7.33,67.44,5.21,3.52,1.70,2.22,3.56,1268.78,3.68,5.00,199.80
13.01.2009 19:30:00,988.39,-2.09,271.98,-7.47,66.44,5.24,3.48,1.76,2.19,3.52,1268.51,2.90,4.25,207.20
13.01.2009 19:40:00,988.34,-1.93,272.14,-7.52,65.37,5.30,3.47,1.84,2.18,3.51,1267.70,3.73,4.75,207.80
13.01.2009 19:50:00,988.44,-1.67,272.39,-7.66,63.49,5.40,3.43,1.97,2.16,3.47,1266.67,3.73,4.88,204.50
13.01.2009 20:00:00,988.46,-1.57,272.49,-7.78,62.39,5.44,3.40,2.05,2.14,3.43,1266.23,4.40,6.13,189.00
13.01.2009 20:10:00,988.53,-1.99,272.07,-7.80,64.25,5.28,3.39,1.89,2.14,3.43,1268.28,3.29,4.25,193.60
13.01.2009 20:20:00,988.62,-2.12,271.93,-7.77,65.04,5.22,3.40,1.83,2.14,3.44,1269.01,4.12,6.25,190.40
13.01.2009 20:30:00,988.63,-2.09,271.96,-7.79,64.79,5.24,3.39,1.84,2.14,3.43,1268.85,4.28,5.50,194.60
13.01.2009 20:40:00,988.69,-2.18,271.86,-7.78,65.28,5.20,3.40,1.81,2.14,3.43,1269.37,4.20,5.63,185.10
13.01.2009 20:50:00,988.74,-2.18,271.86,-7.83,65.03,5.20,3.38,1.82,2.13,3.42,1269.42,3.43,4.50,179.00
13.01.2009 21:00:00,988.63,-2.46,271.59,-7.96,65.72,5.10,3.35,1.75,2.11,3.39,1270.61,3.35,4.63,178.10
13.01.2009 21:10:00,988.62,-2.89,271.15,-8.03,67.53,4.93,3.33,1.60,2.10,3.37,1272.65,3.65,5.50,187.10
13.01.2009 21:20:00,988.64,-3.06,270.98,-8.03,68.37,4.87,3.33,1.54,2.10,3.37,1273.47,3.52,4.63,192.30
13.01.2009 21:30:00,988.67,-3.24,270.81,-8.06,69.10,4.81,3.32,1.49,2.09,3.36,1274.35,3.34,4.38,188.80
13.01.2009 21:40:00,988.66,-3.51,270.53,-8.10,70.30,4.71,3.31,1.40,2.09,3.35,1275.63,3.21,4.88,197.20
13.01.2009 21:50:00,988.68,-3.73,270.31,-8.13,71.30,4.63,3.30,1.33,2.08,3.34,1276.69,3.12,4.25,193.30
13.01.2009 22:00:00,988.78,-4.01,270.02,-8.14,72.80,4.54,3.30,1.23,2.08,3.34,1278.15,3.01,4.00,193.00
13.01.2009 22:10:00,988.75,-4.14,269.89,-8.11,73.70,4.49,3.31,1.18,2.08,3.35,1278.75,3.30,4.75,192.90
13.01.2009 22:20:00,988.60,-4.20,269.84,-8.03,74.50,4.47,3.33,1.14,2.10,3.37,1278.82,2.92,3.63,199.70
13.01.2009 22:30:00,988.51,-3.91,270.14,-7.92,73.50,4.57,3.36,1.21,2.12,3.40,1277.32,2.52,3.88,199.40
13.01.2009 22:40:00,988.51,-3.98,270.07,-8.04,73.20,4.55,3.33,1.22,2.10,3.37,1277.66,2.05,3.13,212.60
13.01.2009 22:50:00,988.51,-4.32,269.73,-8.11,74.70,4.43,3.31,1.12,2.09,3.35,1279.27,1.73,2.50,216.40
13.01.2009 23:00:00,988.51,-4.53,269.52,-8.13,75.80,4.36,3.31,1.06,2.08,3.34,1280.29,2.07,4.00,190.40
13.01.2009 23:10:00,988.31,-4.56,269.51,-8.17,75.70,4.35,3.29,1.06,2.08,3.33,1280.15,3.00,4.00,183.90
13.01.2009 23:20:00,988.14,-4.36,269.72,-8.13,74.80,4.42,3.31,1.11,2.08,3.35,1278.97,2.68,4.13,187.20
13.01.2009 23:30:00,988.03,-4.19,269.90,-8.15,73.70,4.47,3.30,1.18,2.08,3.34,1278.04,2.07,3.13,201.50
13.01.2009 23:40:00,988.02,-4.17,269.92,-8.20,73.30,4.48,3.29,1.20,2.07,3.33,1277.93,2.00,3.13,208.10
13.01.2009 23:50:00,988.03,-4.29,269.80,-8.27,73.60,4.44,3.27,1.17,2.06,3.31,1278.54,1.85,2.88,211.10
14.01.2009 00:00:00,988.02,-4.41,269.68,-8.30,74.10,4.40,3.26,1.14,2.06,3.30,1279.11,1.83,2.75,212.50
14.01.2009 00:10:00,987.97,-4.61,269.48,-8.37,74.80,4.34,3.24,1.09,2.04,3.28,1279.98,2.08,3.63,202.30
14.01.2009 00:20:00,987.99,-4.90,269.19,-8.46,75.90,4.24,3.22,1.02,2.03,3.26,1281.39,2.99,3.75,197.30
14.01.2009 00:30:00,987.79,-5.23,268.88,-8.60,77.00,4.14,3.18,0.95,2.01,3.22,1282.73,2.08,4.13,195.90
14.01.2009 00:40:00,987.56,-5.17,268.95,-8.53,77.10,4.15,3.20,0.95,2.02,3.24,1282.17,2.43,3.88,196.20
14.01.2009 00:50:00,987.52,-5.33,268.79,-8.69,77.10,4.10,3.16,0.94,1.99,3.20,1282.89,2.90,4.25,183.20
14.01.2009 01:00:00,987.44,-5.90,268.23,-9.04,78.30,3.93,3.08,0.85,1.94,3.12,1285.55,3.05,4.75,181.50
14.01.2009 01:10:00,987.20,-5.97,268.18,-8.92,79.50,3.91,3.11,0.80,1.96,3.15,1285.57,2.47,3.75,194.30
14.01.2009 01:20:00,987.10,-5.92,268.23,-8.86,79.60,3.92,3.12,0.80,1.97,3.16,1285.21,2.03,2.88,201.20
14.01.2009 01:30:00,987.17,-6.15,268.00,-9.09,79.50,3.85,3.06,0.79,1.93,3.10,1286.42,1.39,2.13,209.00
14.01.2009 01:40:00,987.15,-6.66,267.49,-9.40,80.70,3.71,2.99,0.72,1.89,3.03,1288.88,1.59,3.50,185.20
14.01.2009 01:50:00,987.13,-7.00,267.15,-9.49,82.30,3.61,2.97,0.64,1.87,3.01,1290.53,1.79,4.00,174.10
14.01.2009 02:00:00,987.07,-7.53,266.62,-9.90,83.00,3.46,2.87,0.59,1.81,2.91,1293.07,1.14,2.00,177.80
14.01.2009 02:10:00,987.16,-7.60,266.54,-9.61,85.40,3.44,2.94,0.50,1.86,2.98,1293.50,0.62,1.25,169.20
14.01.2009 02:20:00,987.25,-7.70,266.44,-9.72,85.30,3.42,2.91,0.50,1.84,2.95,1294.11,1.57,2.75,198.40
14.01.2009 02:30:00,987.22,-7.68,266.46,-9.67,85.50,3.42,2.93,0.50,1.85,2.96,1293.97,1.05,2.25,157.10
14.01.2009 02:40:00,987.16,-7.95,266.19,-10.04,84.80,3.35,2.84,0.51,1.79,2.88,1295.25,0.55,1.38,165.50
14.01.2009 02:50:00,987.13,-7.94,266.20,-9.75,86.70,3.35,2.91,0.45,1.83,2.95,1295.13,0.99,1.88,236.60
14.01.2009 03:00:00,987.10,-6.73,267.42,-8.73,85.60,3.68,3.15,0.53,1.99,3.19,1289.11,1.48,2.25,221.50
14.01.2009 03:10:00,987.17,-6.13,268.02,-8.84,81.00,3.86,3.13,0.73,1.97,3.17,1286.31,1.70,3.25,207.80
14.01.2009 03:20:00,987.16,-6.57,267.58,-9.42,80.00,3.73,2.99,0.75,1.88,3.02,1288.45,1.98,2.75,188.90
14.01.2009 03:30:00,987.10,-7.17,266.98,-9.67,82.20,3.56,2.93,0.63,1.85,2.97,1291.33,2.03,3.75,176.30
14.01.2009 03:40:00,987.03,-7.36,266.79,-9.63,83.70,3.51,2.94,0.57,1.85,2.98,1292.16,1.70,2.75,151.50
14.01.2009 03:50:00,986.92,-7.56,266.60,-9.82,83.70,3.45,2.89,0.56,1.82,2.93,1293.01,0.85,1.75,164.50
14.01.2009 04:00:00,986.82,-8.39,265.78,-10.70,83.30,3.24,2.70,0.54,1.70,2.73,1297.03,0.41,0.88,129.20
14.01.2009 04:10:00,986.70,-8.90,265.27,-10.83,85.80,3.11,2.67,0.44,1.68,2.70,1299.39,0.78,1.63,224.20
14.01.2009 04:20:00,986.67,-9.01,265.17,-10.76,87.00,3.08,2.68,0.40,1.69,2.72,1299.88,0.77,1.88,209.00
14.01.2009 04:30:00,986.85,-9.75,264.41,-11.52,86.80,2.91,2.52,0.38,1.59,2.56,1303.85,1.92,3.25,149.10
14.01.2009 04:40:00,986.91,-10.43,263.72,-11.98,88.30,2.75,2.43,0.32,1.53,2.46,1307.35,0.64,1.38,163.60
14.01.2009 04:50:00,987.00,-10.51,263.63,-11.86,89.70,2.74,2.46,0.28,1.55,2.49,1307.86,1.32,2.88,171.80
14.01.2009 05:00:00,986.90,-10.12,264.03,-11.27,91.20,2.82,2.58,0.25,1.62,2.61,1305.73,0.98,2.25,95.50
14.01.2009 05:10:00,986.97,-9.89,264.26,-11.04,91.20,2.88,2.62,0.25,1.65,2.66,1304.65,1.35,3.00,89.90
14.01.2009 05:20:00,986.79,-10.01,264.15,-11.20,90.90,2.85,2.59,0.26,1.63,2.62,1305.03,0.41,1.00,47.54
14.01.2009 05:30:00,986.63,-9.61,264.57,-10.70,91.70,2.94,2.70,0.24,1.70,2.73,1302.78,0.48,0.88,96.50
14.01.2009 05:40:00,986.61,-9.53,264.65,-10.77,90.60,2.96,2.68,0.28,1.69,2.72,1302.37,1.28,2.38,142.10
14.01.2009 05:50:00,986.65,-9.76,264.41,-11.05,90.20,2.91,2.62,0.28,1.65,2.66,1303.59,0.89,1.50,190.60
14.01.2009 06:00:00,986.69,-9.40,264.77,-10.54,91.30,2.99,2.73,0.26,1.72,2.77,1301.81,1.07,1.75,192.40
14.01.2009 06:10:00,986.76,-9.08,265.09,-10.31,90.70,3.07,2.78,0.29,1.76,2.82,1300.30,0.76,1.50,176.30
14.01.2009 06:20:00,986.80,-9.09,265.08,-10.49,89.50,3.06,2.74,0.32,1.73,2.78,1300.42,0.74,1.25,193.70
14.01.2009 06:30:00,986.95,-9.40,264.75,-10.86,89.00,2.99,2.66,0.33,1.68,2.70,1302.19,1.05,1.75,192.20
14.01.2009 06:40:00,986.94,-9.88,264.27,-11.38,88.70,2.88,2.55,0.33,1.61,2.59,1304.60,0.96,1.88,148.70
14.01.2009 06:50:00,987.04,-10.01,264.13,-11.40,89.50,2.85,2.55,0.30,1.61,2.58,1305.38,0.22,0.75,239.70
14.01.2009 07:00:00,987.23,-9.88,264.25,-11.23,89.80,2.88,2.58,0.29,1.63,2.62,1304.97,0.92,2.38,126.30
14.01.2009 07:10:00,987.10,-10.10,264.04,-11.51,89.30,2.83,2.53,0.30,1.59,2.56,1305.92,1.27,2.88,147.20
14.01.2009 07:20:00,986.85,-10.17,263.99,-11.46,90.20,2.81,2.54,0.28,1.60,2.57,1305.93,0.48,1.13,318.90
14.01.2009 07:30:00,987.01,-10.14,264.01,-11.47,89.90,2.82,2.53,0.28,1.60,2.57,1305.99,0.92,1.38,200.30
14.01.2009 07:40:00,987.14,-10.40,263.73,-11.68,90.20,2.76,2.49,0.27,1.57,2.52,1307.48,1.16,1.50,201.10
14.01.2009 07:50:00,987.17,-10.27,263.86,-11.47,90.80,2.79,2.53,0.26,1.60,2.57,1306.85,0.84,1.25,185.50
14.01.2009 08:00:00,987.08,-10.21,263.93,-11.41,90.80,2.80,2.55,0.26,1.61,2.58,1306.43,0.36,0.75,191.50
14.01.2009 08:10:00,987.09,-10.26,263.88,-11.55,90.20,2.79,2.52,0.27,1.59,2.55,1306.70,0.54,0.88,193.80
14.01.2009 08:20:00,987.15,-10.09,264.04,-11.28,90.90,2.83,2.57,0.26,1.62,2.61,1305.91,0.64,1.50,144.40
14.01.2009 08:30:00,987.23,-10.10,264.03,-11.53,89.20,2.83,2.52,0.31,1.59,2.56,1306.09,0.57,0.88,171.50
14.01.2009 08:40:00,987.28,-10.44,263.68,-11.93,88.70,2.75,2.44,0.31,1.54,2.47,1307.89,0.43,1.00,130.60
14.01.2009 08:50:00,987.18,-10.55,263.58,-11.94,89.40,2.73,2.44,0.29,1.54,2.47,1308.30,0.91,2.50,82.80
14.01.2009 09:00:00,986.97,-10.01,264.14,-11.24,90.60,2.85,2.58,0.27,1.63,2.61,1305.27,0.63,1.75,87.70
14.01.2009 09:10:00,987.06,-9.42,264.72,-10.70,90.30,2.99,2.70,0.29,1.70,2.73,1302.41,0.54,1.88,137.60
14.01.2009 09:20:00,987.14,-9.03,265.11,-10.57,88.50,3.08,2.72,0.35,1.72,2.76,1300.58,0.65,1.88,159.20
14.01.2009 09:30:00,987.04,-8.43,265.72,-10.16,87.20,3.23,2.81,0.41,1.78,2.85,1297.46,0.51,1.00,145.70
14.01.2009 09:40:00,987.30,-8.49,265.64,-10.78,83.40,3.21,2.68,0.53,1.69,2.71,1298.16,0.72,1.38,224.90
14.01.2009 09:50:00,987.28,-8.51,265.62,-10.71,84.00,3.21,2.69,0.51,1.70,2.73,1298.22,0.68,1.13,158.30
14.01.2009 10:00:00,987.13,-8.25,265.89,-10.54,83.40,3.27,2.73,0.54,1.72,2.77,1296.73,0.49,1.25,142.90
14.01.2009 10:10:00,987.20,-7.75,266.39,-10.05,83.40,3.40,2.84,0.57,1.79,2.88,1294.33,0.52,1.13,114.40
14.01.2009 10:20:00,987.24,-7.42,266.72,-9.82,82.80,3.49,2.89,0.60,1.82,2.93,1292.75,0.50,1.13,86.80
14.01.2009 10:30:00,987.19,-6.93,267.21,-9.54,81.50,3.63,2.96,0.67,1.87,3.00,1290.27,0.32,1.00,186.10
14.01.2009 10:40:00,987.19,-6.22,267.92,-9.23,79.10,3.83,3.03,0.80,1.91,3.07,1286.82,0.64,1.00,171.30
14.01.2009 10:50:00,987.16,-6.11,268.04,-9.44,77.10,3.86,2.98,0.89,1.88,3.02,1286.26,0.67,1.25,190.10
14.01.2009 11:00:00,987.16,-6.26,267.89,-9.60,77.00,3.82,2.94,0.88,1.86,2.98,1286.98,0.93,1.50,215.40
14.01.2009 11:10:00,987.17,-6.27,267.88,-9.52,77.60,3.82,2.96,0.86,1.87,3.00,1287.06,0.77,1.38,197.60
14.01.2009 11:20:00,987.16,-5.89,268.26,-9.15,77.60,3.93,3.05,0.88,1.92,3.09,1285.17,0.33,0.75,193.90
14.01.2009 11:30:00,987.22,-5.26,268.89,-9.00,74.80,4.13,3.09,1.04,1.95,3.13,1282.20,0.55,1.25,167.90
14.01.2009 11:40:00,987.15,-5.05,269.10,-9.14,72.80,4.19,3.05,1.14,1.92,3.09,1281.13,0.43,1.25,201.90
14.01.2009 11:50:00,987.06,-4.95,269.21,-9.24,71.70,4.22,3.03,1.20,1.91,3.07,1280.53,0.81,1.75,175.20
14.01.2009 12:00:00,987.15,-4.68,269.48,-9.10,71.00,4.31,3.06,1.25,1.93,3.10,1279.33,0.74,1.50,177.30
14.01.2009 12:10:00,987.02,-4.29,269.88,-8.94,69.82,4.44,3.10,1.34,1.96,3.14,1277.29,0.29,0.63,208.70
14.01.2009 12:20:00,986.92,-3.97,270.20,-8.78,69.03,4.55,3.14,1.41,1.98,3.18,1275.66,0.50,0.88,191.40
14.01.2009 12:30:00,986.87,-4.01,270.17,-8.61,70.20,4.53,3.18,1.35,2.01,3.23,1275.77,0.73,1.13,190.40
14.01.2009 12:40:00,986.81,-3.50,270.68,-8.24,69.53,4.71,3.28,1.44,2.07,3.32,1273.23,0.67,1.50,198.90
14.01.2009 12:50:00,986.79,-1.94,272.25,-7.52,65.44,5.30,3.47,1.83,2.19,3.51,1265.78,0.46,1.25,148.40
14.01.2009 13:00:00,986.63,-0.74,273.47,-7.37,60.61,5.78,3.51,2.28,2.21,3.55,1259.99,0.64,1.25,112.90
14.01.2009 13:10:00,986.47,-0.43,273.80,-7.27,59.66,5.92,3.53,2.39,2.23,3.58,1258.30,0.45,1.00,112.40
14.01.2009 13:20:00,986.45,-0.42,273.81,-7.40,59.08,5.92,3.50,2.42,2.21,3.55,1258.27,0.63,1.25,153.10
14.01.2009 13:30:00,986.43,-0.57,273.66,-7.32,60.10,5.86,3.52,2.34,2.22,3.57,1258.93,0.68,1.38,114.20
14.01.2009 13:40:00,986.50,-1.47,272.75,-7.73,62.16,5.48,3.41,2.07,2.15,3.45,1263.24,0.64,1.50,87.00
14.01.2009 13:50:00,986.54,-1.94,272.27,-7.71,64.47,5.30,3.41,1.88,2.16,3.46,1265.48,0.67,1.38,73.00
14.01.2009 14:00:00,986.54,-1.99,272.23,-7.53,65.59,5.28,3.46,1.82,2.19,3.51,1265.66,0.53,1.25,138.10
14.01.2009 14:10:00,986.57,-1.58,272.63,-7.44,64.13,5.44,3.49,1.95,2.20,3.54,1263.79,0.40,1.00,165.50
14.01.2009 14:20:00,986.65,-1.48,272.72,-7.44,63.65,5.48,3.49,1.99,2.20,3.53,1263.46,0.44,1.00,113.60
14.01.2009 14:30:00,986.75,-1.35,272.85,-7.18,64.30,5.53,3.56,1.98,2.25,3.61,1262.90,0.43,0.88,125.70
14.01.2009 14:40:00,986.72,-1.46,272.74,-7.15,64.98,5.49,3.57,1.92,2.25,3.61,1263.38,0.68,1.25,204.60
14.01.2009 14:50:00,986.67,-1.74,272.47,-7.30,65.58,5.38,3.53,1.85,2.23,3.57,1264.64,0.45,0.75,205.80
14.01.2009 15:00:00,986.75,-1.69,272.51,-7.35,65.10,5.39,3.51,1.88,2.22,3.56,1264.54,0.45,0.88,225.50
14.01.2009 15:10:00,986.76,-1.61,272.58,-7.39,64.52,5.43,3.50,1.92,2.21,3.55,1264.19,0.69,0.88,221.20
14.01.2009 15:20:00,986.79,-1.47,272.73,-7.25,64.56,5.48,3.54,1.94,2.23,3.59,1263.55,0.91,1.38,211.80
14.01.2009 15:30:00,986.79,-1.40,272.79,-6.87,66.12,5.51,3.64,1.87,2.30,3.69,1263.17,0.76,1.38,228.30
14.01.2009 15:40:00,986.80,-1.27,272.93,-6.66,66.54,5.57,3.70,1.86,2.34,3.75,1262.53,0.75,1.25,202.50
14.01.2009 15:50:00,986.96,-1.23,272.96,-6.61,66.63,5.58,3.72,1.86,2.35,3.77,1262.55,0.46,1.13,172.60
14.01.2009 16:00:00,987.03,-1.13,273.04,-6.56,66.41,5.62,3.73,1.89,2.36,3.78,1262.19,0.55,1.13,163.30
14.01.2009 16:10:00,987.10,-1.25,272.92,-6.58,66.86,5.57,3.73,1.85,2.35,3.78,1262.82,0.65,1.50,170.30
14.01.2009 16:20:00,987.18,-1.48,272.69,-6.88,66.45,5.48,3.64,1.84,2.30,3.69,1264.02,0.71,1.13,149.40
14.01.2009 16:30:00,987.31,-1.58,272.58,-6.74,67.69,5.44,3.68,1.76,2.32,3.73,1264.64,0.61,1.13,180.30
14.01.2009 16:40:00,987.45,-1.63,272.51,-6.66,68.37,5.42,3.71,1.71,2.34,3.75,1265.05,0.57,1.25,188.30
14.01.2009 16:50:00,987.40,-1.42,272.73,-6.40,68.68,5.50,3.78,1.72,2.39,3.83,1263.96,0.36,1.00,166.20
14.01.2009 17:00:00,987.48,-1.24,272.90,-6.25,68.57,5.58,3.82,1.75,2.41,3.87,1263.21,0.27,0.75,222.50
14.01.2009 17:10:00,987.53,-1.24,272.90,-5.85,70.70,5.58,3.94,1.63,2.49,3.99,1263.22,0.37,0.88,111.30
14.01.2009 17:20:00,987.64,-1.37,272.76,-5.63,72.60,5.52,4.01,1.51,2.53,4.06,1263.93,0.24,0.63,130.70
14.01.2009 17:30:00,987.66,-1.67,272.45,-5.57,74.60,5.40,4.03,1.37,2.54,4.08,1265.37,0.38,1.13,57.50
14.01.2009 17:40:00,987.73,-1.84,272.28,-5.38,76.60,5.34,4.09,1.25,2.58,4.14,1266.20,0.27,0.88,36.81
14.01.2009 17:50:00,987.85,-1.77,272.34,-4.98,78.60,5.36,4.21,1.15,2.66,4.27,1265.99,0.15,0.50,346.00
14.01.2009 18:00:00,987.97,-1.51,272.59,-4.44,80.30,5.47,4.39,1.08,2.77,4.44,1264.84,0.16,0.50,113.80
14.01.2009 18:10:00,988.08,-1.65,272.45,-4.54,80.50,5.41,4.36,1.06,2.75,4.41,1265.62,0.29,0.88,239.70
14.01.2009 18:20:00,988.14,-1.69,272.40,-4.62,80.30,5.39,4.33,1.06,2.73,4.38,1265.92,0.24,0.75,142.40
14.01.2009 18:30:00,988.23,-1.61,272.47,-4.62,79.80,5.43,4.33,1.10,2.73,4.38,1265.65,0.51,1.50,136.50
14.01.2009 18:40:00,988.32,-1.85,272.22,-4.79,80.20,5.33,4.28,1.06,2.70,4.33,1266.93,0.39,1.13,155.30
14.01.2009 18:50:00,988.39,-1.71,272.36,-4.56,80.80,5.39,4.35,1.03,2.74,4.40,1266.33,0.36,1.00,178.80
14.01.2009 19:00:00,988.49,-1.72,272.34,-4.70,80.00,5.38,4.31,1.08,2.71,4.36,1266.53,0.69,1.38,163.00
14.01.2009 19:10:00,988.57,-1.83,272.22,-4.62,81.10,5.34,4.33,1.01,2.73,4.38,1267.12,0.63,1.25,170.00
14.01.2009 19:20:00,988.54,-1.84,272.22,-4.42,82.40,5.34,4.40,0.94,2.77,4.45,1267.10,0.68,1.75,172.40
14.01.2009 19:30:00,988.70,-1.89,272.16,-4.40,82.80,5.32,4.40,0.91,2.77,4.45,1267.52,0.80,1.25,168.40
14.01.2009 19:40:00,988.85,-1.90,272.14,-4.19,84.20,5.31,4.47,0.84,2.82,4.52,1267.72,0.56,1.88,159.00
14.01.2009 19:50:00,988.91,-1.74,272.29,-3.83,85.50,5.38,4.60,0.78,2.90,4.65,1267.00,0.91,1.75,137.10
14.01.2009 20:00:00,988.98,-1.69,272.34,-3.80,85.40,5.40,4.61,0.79,2.90,4.66,1266.84,0.91,1.88,139.90
14.01.2009 20:10:00,988.98,-1.60,272.42,-3.64,85.90,5.43,4.67,0.77,2.94,4.72,1266.41,0.77,1.50,154.50
14.01.2009 20:20:00,988.99,-1.57,272.46,-3.67,85.50,5.44,4.65,0.79,2.93,4.71,1266.27,1.10,1.88,130.70
14.01.2009 20:30:00,989.08,-1.47,272.55,-3.21,87.80,5.49,4.82,0.67,3.03,4.87,1265.84,0.92,2.13,144.90
14.01.2009 20:40:00,989.08,-1.18,272.83,-2.83,88.50,5.60,4.96,0.64,3.12,5.01,1264.45,1.02,1.75,147.90
14.01.2009 20:50:00,989.10,-1.23,272.79,-2.95,88.00,5.58,4.91,0.67,3.10,4.97,1264.71,0.94,2.00,139.70
14.01.2009 21:00:00,989.15,-1.10,272.91,-2.75,88.50,5.63,4.99,0.65,3.14,5.04,1264.17,0.35,1.00,180.20
14.01.2009 21:10:00,989.24,-0.85,273.15,-2.38,89.30,5.74,5.13,0.61,3.23,5.18,1263.03,0.65,1.50,186.60
14.01.2009 21:20:00,989.29,-0.59,273.41,-2.04,89.90,5.85,5.26,0.59,3.31,5.31,1261.85,1.11,2.13,137.80
14.01.2009 21:30:00,989.36,-0.51,273.49,-1.96,89.80,5.89,5.29,0.60,3.33,5.34,1261.51,0.45,0.88,126.10
14.01.2009 21:40:00,989.38,-0.39,273.60,-1.88,89.60,5.93,5.32,0.62,3.35,5.37,1261.01,0.33,0.88,110.90
14.01.2009 21:50:00,989.48,-0.24,273.75,-1.68,89.90,6.00,5.40,0.61,3.40,5.45,1260.37,0.12,0.63,62.51
14.01.2009 22:00:00,989.51,0.07,274.06,-1.42,89.60,6.14,5.50,0.64,3.47,5.56,1258.93,0.35,1.63,103.60
14.01.2009 22:10:00,989.61,0.14,274.11,-1.44,89.10,6.17,5.50,0.67,3.46,5.55,1258.77,0.34,0.88,64.63
14.01.2009 22:20:00,989.61,0.11,274.09,-1.40,89.50,6.16,5.51,0.65,3.47,5.57,1258.89,0.86,2.13,15.89
14.01.2009 22:30:00,989.71,0.22,274.19,-1.28,89.60,6.21,5.56,0.65,3.50,5.62,1258.48,0.66,2.13,330.40
14.01.2009 22:40:00,989.75,0.34,274.31,-1.19,89.40,6.26,5.60,0.66,3.53,5.66,1257.95,1.10,2.13,265.20
14.01.2009 22:50:00,989.83,0.43,274.39,-1.15,89.10,6.30,5.61,0.69,3.54,5.67,1257.65,0.92,2.38,198.10
14.01.2009 23:00:00,989.86,0.37,274.33,-1.24,88.90,6.27,5.58,0.70,3.51,5.64,1257.97,0.95,2.75,212.60
14.01.2009 23:10:00,989.91,0.23,274.19,-1.40,88.70,6.21,5.51,0.70,3.47,5.57,1258.71,0.75,1.63,143.80
14.01.2009 23:20:00,989.98,0.16,274.10,-1.40,89.20,6.18,5.51,0.67,3.47,5.57,1259.15,0.85,2.25,189.20
14.01.2009 23:30:00,990.07,0.23,274.17,-1.22,89.90,6.21,5.58,0.63,3.52,5.64,1258.89,1.13,2.13,211.00
14.01.2009 23:40:00,990.09,0.30,274.24,-1.07,90.50,6.24,5.65,0.59,3.56,5.70,1258.57,1.19,1.88,230.80
14.01.2009 23:50:00,990.18,0.37,274.30,-0.95,90.80,6.27,5.70,0.58,3.59,5.75,1258.34,1.56,3.13,237.00
15.01.2009 00:00:00,990.20,0.44,274.37,-0.90,90.70,6.30,5.72,0.59,3.60,5.78,1258.04,1.58,3.25,221.10
15.01.2009 00:10:00,990.27,0.50,274.42,-0.84,90.70,6.33,5.74,0.59,3.62,5.80,1257.83,1.57,3.00,220.10
15.01.2009 00:20:00,990.40,0.47,274.39,-0.91,90.40,6.32,5.72,0.61,3.60,5.77,1258.12,1.06,1.75,152.40
15.01.2009 00:30:00,990.47,0.31,274.22,-1.12,90.10,6.25,5.63,0.62,3.54,5.68,1259.03,0.86,1.50,135.90
15.01.2009 00:40:00,990.47,0.21,274.12,-1.17,90.40,6.20,5.61,0.60,3.53,5.66,1259.46,0.90,1.63,214.50
15.01.2009 00:50:00,990.47,0.39,274.30,-0.89,91.10,6.28,5.72,0.56,3.60,5.78,1258.60,0.82,2.38,203.90
15.01.2009 01:00:00,990.47,0.57,274.48,-0.65,91.50,6.37,5.83,0.54,3.67,5.88,1257.71,1.26,2.75,225.80
15.01.2009 01:10:00,990.51,0.68,274.59,-0.56,91.40,6.42,5.86,0.55,3.69,5.92,1257.25,1.00,1.63,207.00
15.01.2009 01:20:00,990.59,0.66,274.56,-0.61,91.20,6.41,5.84,0.56,3.68,5.90,1257.47,0.64,1.13,197.50
15.01.2009 01:30:00,990.67,0.59,274.49,-0.69,91.10,6.38,5.81,0.57,3.66,5.86,1257.88,0.46,1.50,222.30
15.01.2009 01:40:00,990.76,0.59,274.47,-0.66,91.30,6.37,5.82,0.55,3.66,5.87,1258.01,0.57,2.13,117.50
15.01.2009 01:50:00,990.85,0.44,274.32,-0.81,91.30,6.30,5.76,0.55,3.62,5.81,1258.85,0.74,1.63,188.70
15.01.2009 02:00:00,991.03,0.29,274.16,-0.85,92.00,6.24,5.74,0.50,3.61,5.79,1259.75,0.82,1.63,158.60
15.01.2009 02:10:00,991.14,0.14,273.99,-0.93,92.50,6.17,5.71,0.46,3.59,5.76,1260.61,0.80,1.50,148.50
15.01.2009 02:20:00,991.21,0.03,273.88,-0.93,93.20,6.12,5.71,0.42,3.59,5.76,1261.20,0.49,1.38,156.70
15.01.2009 02:30:00,991.23,0.09,273.94,-0.79,93.80,6.15,5.77,0.38,3.63,5.82,1260.93,0.39,0.88,150.80
15.01.2009 02:40:00,991.31,0.17,274.01,-0.68,94.00,6.18,5.81,0.37,3.65,5.86,1260.65,0.37,1.00,152.30
15.01.2009 02:50:00,991.41,0.16,274.00,-0.67,94.10,6.18,5.82,0.36,3.66,5.87,1260.79,0.06,0.63,159.70
15.01.2009 03:00:00,991.44,0.16,274.00,-0.65,94.20,6.18,5.82,0.36,3.66,5.87,1260.82,0.42,0.75,232.10
15.01.2009 03:10:00,991.33,0.23,274.07,-0.56,94.40,6.21,5.86,0.35,3.69,5.91,1260.35,0.19,0.63,89.20
15.01.2009 03:20:00,991.34,0.21,274.05,-0.61,94.20,6.20,5.84,0.36,3.67,5.89,1260.47,0.11,0.63,176.20
15.01.2009 03:30:00,991.44,0.16,274.00,-0.64,94.30,6.18,5.83,0.35,3.66,5.88,1260.82,0.55,1.13,228.60
15.01.2009 03:40:00,991.55,-0.09,273.73,-0.94,94.00,6.07,5.70,0.36,3.59,5.75,1262.19,1.00,1.75,123.10
15.01.2009 03:50:00,991.58,-0.30,273.52,-1.04,94.70,5.98,5.66,0.32,3.56,5.71,1263.21,0.71,1.50,151.70
15.01.2009 04:00:00,991.58,-0.35,273.47,-1.05,95.00,5.95,5.66,0.30,3.56,5.70,1263.44,0.95,1.75,145.10
15.01.2009 04:10:00,991.66,-0.30,273.52,-0.94,95.40,5.98,5.70,0.27,3.58,5.75,1263.29,0.27,0.75,151.90
15.01.2009 04:20:00,991.74,-0.24,273.56,-0.90,95.30,6.00,5.72,0.28,3.59,5.77,1263.14,0.15,0.50,89.80
15.01.2009 04:30:00,991.82,-0.32,273.48,-0.97,95.30,5.97,5.69,0.28,3.57,5.73,1263.60,0.84,1.75,107.10
15.01.2009 04:40:00,991.82,-0.44,273.36,-1.06,95.50,5.92,5.65,0.27,3.55,5.70,1264.17,0.99,1.38,146.30
15.01.2009 04:50:00,991.93,-0.38,273.41,-0.97,95.80,5.94,5.69,0.25,3.58,5.74,1264.04,0.35,0.75,85.60
15.01.2009 05:00:00,992.01,-0.29,273.50,-0.86,95.90,5.98,5.73,0.25,3.60,5.78,1263.69,0.43,0.88,123.00
15.01.2009 05:10:00,992.08,-0.16,273.62,-0.72,96.00,6.04,5.79,0.24,3.64,5.84,1263.15,0.83,1.75,92.70
15.01.2009 05:20:00,992.26,-0.10,273.66,-0.68,95.90,6.06,5.81,0.25,3.65,5.86,1263.10,0.26,0.88,127.10
15.01.2009 05:30:00,992.35,-0.04,273.72,-0.61,95.90,6.09,5.84,0.25,3.67,5.89,1262.89,0.11,0.50,135.60
15.01.2009 05:40:00,992.44,0.00,273.76,-0.61,95.60,6.11,5.84,0.27,3.67,5.88,1262.83,0.36,1.13,168.90
15.01.2009 05:50:00,992.51,0.03,273.78,-0.60,95.50,6.12,5.85,0.28,3.67,5.89,1262.77,0.32,1.00,192.20
15.01.2009 06:00:00,992.66,0.05,273.78,-0.61,95.30,6.13,5.84,0.29,3.67,5.88,1262.91,0.25,0.88,194.40
15.01.2009 06:10:00,992.80,0.12,273.85,-0.57,95.10,6.16,5.86,0.30,3.68,5.90,1262.73,1.19,2.13,227.40
15.01.2009 06:20:00,992.82,0.12,273.84,-0.68,94.30,6.16,5.81,0.35,3.65,5.85,1262.78,0.72,1.75,199.20
15.01.2009 06:30:00,992.93,-0.04,273.67,-0.87,94.10,6.09,5.73,0.36,3.60,5.77,1263.71,0.41,1.25,162.30
15.01.2009 06:40:00,992.97,-0.02,273.69,-0.85,94.10,6.10,5.74,0.36,3.60,5.78,1263.65,0.48,1.38,260.80
15.01.2009 06:50:00,993.05,0.08,273.78,-0.77,94.00,6.14,5.77,0.37,3.62,5.81,1263.29,1.14,1.88,243.00
15.01.2009 07:00:00,993.01,-0.05,273.66,-0.97,93.50,6.08,5.69,0.40,3.57,5.73,1263.88,0.38,1.25,180.10
15.01.2009 07:10:00,993.05,-0.17,273.54,-1.04,93.80,6.03,5.66,0.37,3.55,5.70,1264.50,0.27,0.75,30.25
15.01.2009 07:20:00,993.15,-0.14,273.56,-0.97,94.10,6.05,5.69,0.36,3.57,5.73,1264.46,0.30,0.75,93.90
15.01.2009 07:30:00,993.17,-0.01,273.69,-0.83,94.20,6.10,5.75,0.35,3.61,5.79,1263.86,0.39,0.75,121.00
15.01.2009 07:40:00,993.25,-0.04,273.65,-0.91,93.80,6.09,5.71,0.38,3.58,5.75,1264.12,0.20,0.63,120.30
15.01.2009 07:50:00,993.31,-0.13,273.56,-1.02,93.70,6.05,5.67,0.38,3.56,5.71,1264.63,0.30,0.63,167.70
15.01.2009 08:00:00,993.39,-0.01,273.67,-0.86,94.00,6.10,5.74,0.37,3.60,5.77,1264.16,0.15,0.50,159.90
15.01.2009 08:10:00,993.42,0.01,273.68,-0.85,93.90,6.11,5.74,0.37,3.60,5.78,1264.11,0.61,1.25,179.10
15.01.2009 08:20:00,993.46,0.16,273.83,-0.76,93.50,6.18,5.78,0.40,3.62,5.81,1263.44,0.51,0.88,140.70
15.01.2009 08:30:00,993.50,-0.09,273.58,-1.09,92.90,6.07,5.64,0.43,3.54,5.67,1264.70,0.56,0.75,201.70
15.01.2009 08:40:00,993.50,-0.26,273.41,-1.19,93.40,5.99,5.60,0.40,3.51,5.64,1265.50,0.57,1.00,159.30
15.01.2009 08:50:00,993.56,-0.25,273.41,-1.10,94.00,6.00,5.64,0.36,3.54,5.67,1265.54,0.63,1.13,151.00
15.01.2009 09:00:00,993.67,0.04,273.69,-0.78,94.20,6.12,5.77,0.36,3.62,5.81,1264.28,0.40,1.25,147.30
15.01.2009 09:10:00,993.75,0.30,273.95,-0.62,93.50,6.24,5.84,0.41,3.66,5.88,1263.11,0.22,0.63,143.20
15.01.2009 09:20:00,993.79,0.36,274.01,-0.74,92.30,6.27,5.79,0.48,3.63,5.82,1262.93,0.43,1.00,118.80
15.01.2009 09:30:00,993.77,0.27,273.92,-0.90,91.80,6.23,5.72,0.51,3.59,5.75,1263.35,0.78,1.13,142.80
15.01.2009 09:40:00,993.78,0.18,273.83,-0.96,92.00,6.19,5.69,0.50,3.57,5.73,1263.79,0.31,0.75,123.90
15.01.2009 09:50:00,993.84,0.38,274.02,-0.80,91.80,6.28,5.76,0.51,3.61,5.80,1262.94,0.30,1.00,132.40
15.01.2009 10:00:00,993.96,0.29,273.92,-0.97,91.20,6.24,5.69,0.55,3.57,5.72,1263.51,1.10,1.75,137.10
15.01.2009 10:10:00,994.08,0.09,273.71,-1.08,91.80,6.15,5.64,0.50,3.54,5.68,1264.63,1.12,1.88,127.80
15.01.2009 10:20:00,994.25,0.15,273.76,-0.95,92.30,6.17,5.70,0.48,3.57,5.73,1264.54,0.70,1.63,126.70
15.01.2009 10:30:00,994.37,0.41,274.01,-0.69,92.30,6.29,5.81,0.48,3.64,5.84,1263.42,0.22,0.75,26.75
15.01.2009 10:40:00,994.40,0.68,274.28,-0.48,91.90,6.42,5.90,0.52,3.70,5.93,1262.19,0.19,0.63,74.70
15.01.2009 10:50:00,994.48,1.13,274.72,-0.23,90.60,6.63,6.00,0.62,3.76,6.04,1260.17,0.29,0.75,153.10
15.01.2009 11:00:00,994.58,1.33,274.92,-0.32,88.70,6.73,5.97,0.76,3.74,6.00,1259.37,0.40,0.88,137.10
15.01.2009 11:10:00,994.55,1.36,274.94,-0.50,87.40,6.74,5.89,0.85,3.69,5.92,1259.26,0.79,1.38,188.50
15.01.2009 11:20:00,994.55,1.37,274.96,-0.48,87.40,6.75,5.90,0.85,3.70,5.93,1259.18,0.46,0.88,181.10
15.01.2009 11:30:00,994.56,1.62,275.21,-0.33,86.80,6.87,5.96,0.91,3.74,6.00,1258.01,0.51,1.13,134.30
15.01.2009 11:40:00,994.65,1.73,275.31,-0.37,85.90,6.92,5.95,0.98,3.73,5.98,1257.66,0.79,1.50,136.50
15.01.2009 11:50:00,994.65,1.86,275.44,-0.26,85.80,6.99,5.99,0.99,3.76,6.03,1257.05,0.57,1.00,140.70
15.01.2009 12:00:00,994.72,1.99,275.57,-0.35,84.40,7.05,5.95,1.10,3.73,5.98,1256.54,0.47,1.00,135.70
15.01.2009 12:10:00,994.85,2.02,275.59,-0.32,84.40,7.07,5.97,1.10,3.74,6.00,1256.55,0.31,0.75,113.70
15.01.2009 12:20:00,994.83,2.08,275.65,-0.33,84.00,7.10,5.96,1.14,3.74,5.99,1256.27,0.49,1.25,131.40
15.01.2009 12:30:00,994.74,2.07,275.64,-0.31,84.20,7.09,5.97,1.12,3.74,6.00,1256.21,0.68,1.25,138.70
15.01.2009 12:40:00,994.66,2.29,275.87,-0.21,83.50,7.21,6.02,1.19,3.77,6.05,1255.06,0.76,1.25,134.30
15.01.2009 12:50:00,994.64,2.25,275.84,-0.31,83.10,7.19,5.97,1.21,3.74,6.01,1255.23,1.13,1.75,130.70
15.01.2009 13:00:00,994.53,2.04,275.63,-0.45,83.50,7.08,5.91,1.17,3.70,5.94,1256.10,1.22,1.88,147.70
15.01.2009 13:10:00,994.52,2.19,275.79,-0.25,83.80,7.16,6.00,1.16,3.76,6.03,1255.34,1.02,1.50,142.60
15.01.2009 13:20:00,994.51,2.28,275.88,-0.26,83.20,7.20,5.99,1.21,3.76,6.03,1254.92,0.86,1.63,167.60
15.01.2009 13:30:00,994.40,2.24,275.84,-0.40,82.60,7.18,5.93,1.25,3.72,5.96,1255.02,1.34,2.00,139.60
15.01.2009 13:40:00,994.40,2.24,275.85,-0.38,82.70,7.18,5.94,1.24,3.72,5.97,1254.99,1.18,2.13,135.90
15.01.2009 13:50:00,994.30,2.24,275.85,-0.36,82.80,7.18,5.95,1.24,3.73,5.98,1254.85,1.19,1.88,140.50
15.01.2009 14:00:00,994.26,2.39,276.01,-0.27,82.50,7.26,5.99,1.27,3.75,6.02,1254.11,0.74,1.63,146.20
15.01.2009 14:10:00,994.16,2.32,275.94,-0.48,81.70,7.22,5.90,1.32,3.70,5.93,1254.38,1.42,2.00,144.20
15.01.2009 14:20:00,994.25,2.39,276.00,-0.27,82.50,7.26,5.99,1.27,3.75,6.02,1254.12,0.91,1.63,133.40
15.01.2009 14:30:00,994.32,2.63,276.24,-0.21,81.50,7.38,6.02,1.37,3.77,6.05,1253.11,0.68,1.38,140.60
15.01.2009 14:40:00,994.40,3.15,276.76,0.02,79.80,7.66,6.12,1.55,3.83,6.15,1250.77,0.63,1.63,93.80
15.01.2009 14:50:00,994.32,4.03,277.64,0.04,75.10,8.15,6.12,2.03,3.84,6.16,1246.70,0.58,1.25,7.79
15.01.2009 15:00:00,994.33,4.52,278.13,0.12,73.00,8.44,6.16,2.28,3.86,6.20,1244.52,0.70,1.00,20.98
15.01.2009 15:10:00,994.46,4.13,277.73,-0.11,73.80,8.21,6.06,2.15,3.80,6.09,1246.49,1.38,2.00,15.40
15.01.2009 15:20:00,994.52,3.18,276.77,-0.43,77.10,7.68,5.92,1.76,3.71,5.95,1250.92,1.50,2.00,29.60
15.01.2009 15:30:00,994.58,2.80,276.39,-0.41,79.30,7.48,5.93,1.55,3.72,5.96,1252.68,0.98,1.50,48.74
15.01.2009 15:40:00,994.65,2.91,276.49,-0.27,79.50,7.53,5.99,1.54,3.75,6.02,1252.26,0.53,1.00,52.72
15.01.2009 15:50:00,994.66,2.95,276.54,-0.33,78.90,7.56,5.96,1.59,3.74,5.99,1252.07,0.88,1.50,29.15
15.01.2009 16:00:00,994.70,2.58,276.16,-0.52,79.90,7.36,5.88,1.48,3.68,5.91,1253.86,1.51,2.00,22.33
15.01.2009 16:10:00,994.65,2.13,275.71,-0.66,81.70,7.12,5.82,1.30,3.65,5.85,1255.88,1.17,1.75,33.74
15.01.2009 16:20:00,994.70,1.74,275.32,-0.78,83.30,6.93,5.77,1.16,3.62,5.80,1257.76,0.16,0.50,58.59
15.01.2009 16:30:00,994.79,1.44,275.01,-0.89,84.40,6.78,5.72,1.06,3.59,5.75,1259.25,0.71,1.50,31.94
15.01.2009 16:40:00,995.00,1.14,274.69,-0.93,86.00,6.63,5.70,0.93,3.57,5.73,1260.93,1.29,1.63,6.06
15.01.2009 16:50:00,995.14,0.87,274.42,-1.13,86.40,6.51,5.62,0.89,3.52,5.65,1262.35,0.32,1.00,133.10
15.01.2009 17:00:00,995.31,0.44,273.97,-1.38,87.50,6.31,5.52,0.79,3.46,5.55,1264.61,0.76,1.00,7.92
15.01.2009 17:10:00,995.56,0.32,273.83,-1.25,89.10,6.25,5.57,0.68,3.49,5.60,1265.45,0.31,0.63,3.44
15.01.2009 17:20:00,995.61,0.24,273.75,-1.24,89.70,6.22,5.58,0.64,3.49,5.60,1265.89,0.27,0.63,79.00
15.01.2009 17:30:00,995.47,-0.10,273.41,-1.61,89.50,6.06,5.43,0.64,3.40,5.45,1267.37,0.36,1.75,193.30
15.01.2009 17:40:00,995.30,-0.37,273.15,-1.69,90.80,5.94,5.40,0.55,3.38,5.42,1268.44,1.14,2.13,242.30
15.01.2009 17:50:00,995.53,-0.39,273.12,-1.57,91.70,5.93,5.44,0.49,3.41,5.47,1268.80,0.68,1.13,6.99
15.01.2009 18:00:00,995.60,-0.48,273.02,-1.63,91.90,5.90,5.42,0.48,3.39,5.44,1269.31,0.29,0.75,36.66
15.01.2009 18:10:00,995.68,-0.80,272.70,-1.96,91.80,5.76,5.29,0.47,3.31,5.31,1270.97,0.24,0.88,154.30
15.01.2009 18:20:00,995.79,-1.05,272.44,-2.11,92.40,5.66,5.23,0.43,3.27,5.25,1272.28,0.15,0.50,1.87
15.01.2009 18:30:00,995.93,-1.19,272.29,-2.17,93.00,5.60,5.21,0.39,3.26,5.23,1273.12,0.98,1.38,11.01
15.01.2009 18:40:00,996.12,-1.28,272.18,-2.17,93.60,5.56,5.20,0.36,3.26,5.22,1273.81,0.42,1.38,251.10
15.01.2009 18:50:00,996.21,-1.52,271.93,-2.37,93.90,5.46,5.13,0.33,3.21,5.15,1275.09,0.34,0.88,214.80
15.01.2009 19:00:00,996.34,-1.63,271.81,-2.42,94.30,5.42,5.11,0.31,3.20,5.13,1275.79,0.35,0.88,69.36
15.01.2009 19:10:00,996.36,-1.84,271.60,-2.60,94.50,5.33,5.04,0.29,3.15,5.06,1276.84,0.25,0.63,67.36
15.01.2009 19:20:00,996.37,-1.94,271.50,-2.66,94.80,5.30,5.02,0.28,3.14,5.04,1277.32,0.11,0.63,124.30
15.01.2009 19:30:00,996.37,-2.11,271.34,-2.80,95.00,5.23,4.97,0.26,3.11,4.99,1278.13,0.47,0.88,217.80
15.01.2009 19:40:00,996.37,-2.22,271.22,-2.89,95.10,5.19,4.93,0.25,3.09,4.95,1278.67,0.84,2.25,223.40
15.01.2009 19:50:00,996.48,-2.67,270.77,-3.35,95.00,5.02,4.77,0.25,2.98,4.78,1281.02,1.11,2.00,206.00
15.01.2009 20:00:00,996.58,-2.89,270.54,-3.50,95.50,4.93,4.71,0.22,2.95,4.73,1282.22,0.67,1.50,188.60
15.01.2009 20:10:00,996.62,-2.91,270.52,-3.48,95.80,4.93,4.72,0.21,2.95,4.74,1282.35,0.30,0.63,199.40
15.01.2009 20:20:00,996.62,-2.95,270.47,-3.51,95.90,4.91,4.71,0.20,2.94,4.73,1282.57,0.37,0.88,227.60
15.01.2009 20:30:00,996.72,-2.97,270.44,-3.49,96.20,4.90,4.72,0.19,2.95,4.73,1282.80,0.69,1.13,215.10
15.01.2009 20:40:00,996.68,-3.08,270.34,-3.59,96.20,4.87,4.68,0.18,2.93,4.70,1283.27,0.39,0.75,212.10
15.01.2009 20:50:00,996.72,-3.14,270.28,-3.62,96.40,4.84,4.67,0.17,2.92,4.68,1283.60,0.21,0.50,203.50
15.01.2009 21:00:00,996.79,-3.21,270.20,-3.68,96.50,4.82,4.65,0.17,2.91,4.66,1284.04,0.23,0.88,176.70
15.01.2009 21:10:00,996.83,-3.28,270.12,-3.77,96.40,4.79,4.62,0.17,2.89,4.63,1284.48,0.38,0.63,182.50
15.01.2009 21:20:00,996.88,-3.45,269.95,-3.94,96.40,4.73,4.56,0.17,2.85,4.57,1285.38,0.35,0.63,148.50
15.01.2009 21:30:00,996.97,-3.51,269.89,-3.97,96.60,4.71,4.55,0.16,2.84,4.56,1285.75,0.44,0.88,187.10
15.01.2009 21:40:00,996.98,-3.48,269.91,-3.90,96.90,4.72,4.57,0.15,2.86,4.59,1285.62,0.30,0.63,171.30
15.01.2009 21:50:00,996.98,-3.35,270.05,-3.75,97.00,4.77,4.63,0.14,2.89,4.64,1284.95,0.38,0.75,153.00
15.01.2009 22:00:00,996.99,-3.37,270.02,-3.79,96.90,4.76,4.61,0.15,2.88,4.63,1285.08,0.44,0.75,187.20
15.01.2009 22:10:00,997.09,-3.43,269.95,-3.84,97.00,4.74,4.59,0.14,2.87,4.61,1285.53,0.42,0.75,199.30
15.01.2009 22:20:00,997.22,-3.38,270.00,-3.75,97.20,4.76,4.62,0.13,2.89,4.64,1285.41,0.48,1.00,170.90
15.01.2009 22:30:00,997.24,-3.32,270.05,-3.69,97.30,4.78,4.65,0.13,2.90,4.66,1285.17,0.43,0.88,161.80
15.01.2009 22:40:00,997.28,-3.28,270.09,-3.66,97.20,4.79,4.66,0.13,2.91,4.67,1285.03,0.67,1.00,211.60
15.01.2009 22:50:00,997.34,-3.49,269.88,-3.86,97.20,4.72,4.59,0.13,2.86,4.60,1286.12,0.58,1.13,269.80
15.01.2009 23:00:00,997.34,-3.57,269.80,-3.93,97.30,4.69,4.56,0.13,2.85,4.57,1286.51,0.77,1.25,229.60
15.01.2009 23:10:00,997.35,-3.65,269.71,-4.00,97.40,4.66,4.54,0.12,2.84,4.55,1286.92,1.11,1.50,202.20
15.01.2009 23:20:00,997.35,-3.71,269.66,-4.04,97.50,4.64,4.52,0.12,2.83,4.54,1287.21,0.83,1.25,212.40
15.01.2009 23:30:00,997.44,-3.71,269.65,-4.03,97.60,4.64,4.53,0.11,2.83,4.54,1287.31,1.01,1.75,142.30
15.01.2009 23:40:00,997.47,-3.75,269.60,-4.07,97.60,4.62,4.51,0.11,2.82,4.53,1287.59,1.71,2.50,137.60
15.01.2009 23:50:00,997.54,-3.93,269.42,-4.27,97.50,4.56,4.45,0.11,2.78,4.46,1288.57,1.93,2.38,147.70
16.01.2009 00:00:00,997.57,-4.03,269.32,-4.33,97.70,4.53,4.43,0.10,2.76,4.44,1289.06,1.58,2.00,145.50
16.01.2009 00:10:00,997.60,-4.04,269.31,-4.33,97.80,4.53,4.43,0.10,2.76,4.44,1289.15,1.17,1.63,143.00
16.01.2009 00:20:00,997.62,-4.01,269.33,-4.31,97.80,4.54,4.44,0.10,2.77,4.45,1289.06,1.36,1.63,143.00
16.01.2009 00:30:00,997.72,-4.04,269.30,-4.32,97.90,4.53,4.43,0.10,2.77,4.44,1289.31,1.18,1.63,137.10
16.01.2009 00:40:00,997.66,-4.00,269.34,-4.28,97.90,4.54,4.44,0.10,2.78,4.45,1289.04,1.22,1.88,178.60
16.01.2009 00:50:00,997.70,-4.04,269.30,-4.32,97.90,4.53,4.43,0.10,2.77,4.44,1289.30,1.28,1.88,189.50
16.01.2009 01:00:00,997.73,-4.10,269.24,-4.38,97.90,4.51,4.41,0.09,2.75,4.42,1289.62,1.18,1.88,199.00
16.01.2009 01:10:00,997.69,-4.12,269.22,-4.40,97.90,4.50,4.41,0.09,2.75,4.42,1289.66,1.38,2.00,177.80
16.01.2009 01:20:00,997.63,-4.23,269.12,-4.52,97.80,4.46,4.36,0.10,2.73,4.37,1290.14,1.23,1.88,184.60
16.01.2009 01:30:00,997.62,-4.32,269.02,-4.61,97.80,4.43,4.33,0.10,2.71,4.34,1290.58,1.42,1.88,197.30
16.01.2009 01:40:00,997.63,-4.48,268.86,-4.77,97.80,4.38,4.28,0.10,2.67,4.29,1291.39,1.37,1.88,193.50
16.01.2009 01:50:00,997.65,-4.55,268.79,-4.83,97.90,4.35,4.26,0.09,2.66,4.27,1291.77,1.11,1.75,191.30
16.01.2009 02:00:00,997.76,-4.61,268.73,-4.88,97.90,4.34,4.24,0.09,2.65,4.25,1292.18,0.97,1.75,197.10
16.01.2009 02:10:00,997.77,-4.71,268.62,-5.00,97.80,4.30,4.21,0.09,2.63,4.22,1292.72,0.82,1.38,203.30
16.01.2009 02:20:00,997.83,-4.85,268.48,-5.14,97.80,4.26,4.16,0.09,2.60,4.17,1293.48,1.14,1.50,220.90
16.01.2009 02:30:00,997.84,-4.91,268.42,-5.20,97.80,4.24,4.14,0.09,2.59,4.15,1293.78,0.93,1.25,236.20
16.01.2009 02:40:00,997.83,-4.92,268.41,-5.21,97.80,4.23,4.14,0.09,2.59,4.15,1293.83,0.59,1.38,206.30
16.01.2009 02:50:00,997.87,-4.96,268.37,-5.25,97.80,4.22,4.13,0.09,2.58,4.14,1294.07,0.60,1.00,228.20
16.01.2009 03:00:00,997.92,-4.84,268.48,-5.12,97.90,4.26,4.17,0.09,2.60,4.18,1293.56,0.45,1.13,168.30
16.01.2009 03:10:00,997.93,-4.88,268.44,-5.18,97.70,4.25,4.15,0.10,2.59,4.16,1293.75,1.02,1.63,147.30
16.01.2009 03:20:00,997.95,-4.92,268.40,-5.22,97.70,4.23,4.14,0.10,2.58,4.14,1293.99,0.86,1.25,198.70
16.01.2009 03:30:00,997.98,-5.04,268.28,-5.36,97.60,4.20,4.10,0.10,2.56,4.10,1294.62,0.92,1.50,202.70
16.01.2009 03:40:00,997.95,-5.07,268.24,-5.39,97.60,4.18,4.08,0.10,2.55,4.09,1294.77,0.72,1.00,214.20
16.01.2009 03:50:00,998.00,-5.10,268.21,-5.42,97.60,4.18,4.08,0.10,2.54,4.08,1294.96,1.07,1.50,202.70
16.01.2009 04:00:00,998.08,-5.11,268.20,-5.44,97.50,4.17,4.07,0.10,2.54,4.08,1295.13,1.15,1.63,209.20
16.01.2009 04:10:00,998.08,-5.17,268.14,-5.50,97.50,4.15,4.05,0.10,2.53,4.06,1295.41,1.00,1.50,197.90
16.01.2009 04:20:00,998.12,-5.17,268.14,-5.50,97.50,4.15,4.05,0.10,2.53,4.06,1295.46,1.23,1.88,132.10
16.01.2009 04:30:00,998.27,-5.17,268.13,-5.50,97.50,4.15,4.05,0.10,2.53,4.06,1295.64,1.04,1.38,131.80
16.01.2009 04:40:00,998.34,-5.17,268.12,-5.51,97.40,4.15,4.05,0.11,2.52,4.05,1295.75,0.98,1.50,115.90
16.01.2009 04:50:00,998.34,-5.19,268.09,-5.54,97.40,4.15,4.04,0.11,2.52,4.04,1295.87,1.03,1.38,138.70
16.01.2009 05:00:00,998.39,-5.21,268.07,-5.55,97.40,4.14,4.03,0.11,2.52,4.04,1296.02,0.81,1.00,215.30
16.01.2009 05:10:00,998.43,-5.12,268.16,-5.45,97.50,4.17,4.07,0.10,2.54,4.07,1295.60,0.59,1.00,236.70
16.01.2009 05:20:00,998.46,-4.83,268.45,-5.13,97.70,4.26,4.16,0.10,2.60,4.17,1294.20,0.57,1.25,150.10
16.01.2009 05:30:00,998.47,-4.77,268.51,-5.11,97.40,4.28,4.17,0.11,2.60,4.18,1293.91,0.58,0.88,153.30
16.01.2009 05:40:00,998.56,-4.85,268.43,-5.22,97.20,4.26,4.14,0.12,2.58,4.14,1294.43,0.64,1.00,156.40
16.01.2009 05:50:00,998.49,-4.88,268.39,-5.23,97.40,4.24,4.13,0.11,2.58,4.14,1294.52,0.64,1.25,214.10
16.01.2009 06:00:00,998.46,-4.73,268.55,-5.06,97.50,4.29,4.19,0.11,2.61,4.19,1293.72,0.58,1.25,207.00
16.01.2009 06:10:00,998.42,-4.61,268.67,-4.94,97.50,4.33,4.23,0.11,2.64,4.23,1293.07,0.78,1.50,188.30
16.01.2009 06:20:00,998.41,-4.49,268.80,-4.81,97.60,4.37,4.27,0.10,2.66,4.28,1292.44,0.99,1.50,172.90
16.01.2009 06:30:00,998.47,-4.46,268.81,-4.80,97.50,4.38,4.27,0.11,2.67,4.28,1292.41,1.20,2.25,179.60
16.01.2009 06:40:00,998.49,-4.46,268.82,-4.79,97.50,4.39,4.28,0.11,2.67,4.28,1292.39,1.03,1.88,200.70
16.01.2009 06:50:00,998.52,-4.37,268.91,-4.67,97.70,4.42,4.31,0.10,2.69,4.32,1291.98,1.15,1.75,179.40
16.01.2009 07:00:00,998.65,-4.30,268.96,-4.62,97.60,4.44,4.33,0.11,2.70,4.34,1291.82,1.56,3.63,179.60
16.01.2009 07:10:00,998.67,-4.30,268.96,-4.62,97.60,4.44,4.33,0.11,2.70,4.34,1291.85,1.80,2.88,174.70
16.01.2009 07:20:00,998.65,-4.30,268.97,-4.62,97.60,4.44,4.33,0.11,2.70,4.34,1291.82,1.75,3.13,173.30
16.01.2009 07:30:00,998.71,-4.35,268.91,-4.67,97.60,4.42,4.31,0.11,2.69,4.32,1292.15,2.29,3.38,170.60
16.01.2009 07:40:00,998.74,-4.36,268.90,-4.67,97.70,4.42,4.32,0.10,2.69,4.32,1292.24,1.48,3.00,175.50
16.01.2009 07:50:00,998.78,-4.28,268.98,-4.57,97.80,4.44,4.35,0.10,2.71,4.35,1291.88,1.14,2.50,178.40
16.01.2009 08:00:00,998.83,-4.27,268.98,-4.58,97.70,4.45,4.35,0.10,2.71,4.35,1291.90,1.27,2.00,180.30
16.01.2009 08:10:00,998.83,-4.35,268.90,-4.67,97.60,4.42,4.32,0.11,2.69,4.32,1292.29,1.83,2.75,193.00
16.01.2009 08:20:00,998.83,-4.45,268.81,-4.77,97.60,4.39,4.28,0.11,2.67,4.29,1292.78,1.85,2.50,193.10
16.01.2009 08:30:00,998.82,-4.49,268.76,-4.80,97.70,4.37,4.27,0.10,2.66,4.28,1293.01,1.80,2.88,187.10
16.01.2009 08:40:00,998.84,-4.50,268.75,-4.82,97.60,4.37,4.27,0.10,2.66,4.27,1293.07,1.28,2.00,193.50
16.01.2009 08:50:00,998.83,-4.48,268.77,-4.78,97.70,4.38,4.28,0.10,2.67,4.28,1292.94,1.39,2.38,188.60
16.01.2009 09:00:00,998.93,-4.51,268.74,-4.83,97.60,4.37,4.26,0.10,2.66,4.27,1293.22,1.53,2.50,194.10
16.01.2009 09:10:00,999.03,-4.50,268.74,-4.82,97.60,4.37,4.27,0.10,2.66,4.27,1293.31,1.54,2.25,190.70
16.01.2009 09:20:00,999.08,-4.50,268.73,-4.83,97.50,4.37,4.26,0.11,2.66,4.27,1293.37,1.51,2.38,185.60
16.01.2009 09:30:00,999.13,-4.44,268.79,-4.77,97.50,4.39,4.28,0.11,2.67,4.29,1293.13,1.61,2.88,177.00
16.01.2009 09:40:00,999.11,-4.38,268.85,-4.73,97.40,4.41,4.30,0.11,2.68,4.30,1292.82,1.83,2.75,182.30
16.01.2009 09:50:00,999.06,-4.37,268.86,-4.72,97.40,4.41,4.30,0.11,2.68,4.30,1292.72,1.82,3.25,176.80
16.01.2009 10:00:00,999.07,-4.39,268.84,-4.75,97.30,4.41,4.29,0.12,2.67,4.29,1292.81,1.50,2.50,173.90
16.01.2009 10:10:00,999.09,-4.32,268.91,-4.69,97.20,4.43,4.31,0.12,2.69,4.31,1292.50,1.60,2.38,181.50
16.01.2009 10:20:00,999.20,-4.37,268.85,-4.76,97.10,4.41,4.29,0.13,2.67,4.29,1292.89,1.64,2.38,182.60
16.01.2009 10:30:00,999.28,-4.46,268.75,-4.86,97.00,4.38,4.25,0.13,2.65,4.26,1293.46,1.97,2.50,182.90
16.01.2009 10:40:00,999.26,-4.37,268.84,-4.76,97.10,4.41,4.28,0.13,2.67,4.29,1292.99,1.88,2.38,185.60
16.01.2009 10:50:00,999.29,-4.37,268.85,-4.78,96.90,4.42,4.28,0.14,2.67,4.28,1293.00,2.11,2.88,184.20
16.01.2009 11:00:00,999.19,-4.19,269.03,-4.61,96.90,4.47,4.33,0.14,2.70,4.34,1292.01,1.37,2.13,183.40
16.01.2009 11:10:00,999.07,-3.85,269.38,-4.31,96.60,4.59,4.44,0.16,2.77,4.44,1290.15,1.78,2.50,175.70
16.01.2009 11:20:00,999.03,-3.69,269.55,-4.20,96.20,4.65,4.47,0.18,2.79,4.48,1289.30,2.10,2.63,178.00
16.01.2009 11:30:00,998.88,-3.46,269.79,-4.01,95.90,4.73,4.53,0.19,2.83,4.54,1287.99,1.88,2.50,167.00
16.01.2009 11:40:00,998.74,-3.33,269.93,-3.92,95.70,4.77,4.57,0.21,2.85,4.57,1287.19,1.77,2.50,177.00
16.01.2009 11:50:00,998.72,-3.13,270.13,-3.69,95.90,4.85,4.65,0.20,2.90,4.65,1286.16,1.45,2.25,185.00
16.01.2009 12:00:00,998.62,-2.85,270.42,-3.45,95.60,4.95,4.73,0.22,2.95,4.74,1284.65,1.25,1.88,184.30
16.01.2009 12:10:00,998.57,-2.62,270.66,-3.27,95.20,5.04,4.79,0.24,2.99,4.80,1283.45,1.73,2.50,179.70
16.01.2009 12:20:00,998.40,-2.61,270.67,-3.30,95.00,5.04,4.79,0.25,2.99,4.79,1283.22,1.97,2.75,171.20
16.01.2009 12:30:00,998.23,-2.42,270.87,-3.15,94.70,5.11,4.84,0.27,3.02,4.85,1282.08,1.81,2.50,168.80
16.01.2009 12:40:00,998.11,-2.10,271.21,-2.93,94.00,5.23,4.92,0.31,3.07,4.93,1280.35,1.61,2.38,175.60
16.01.2009 12:50:00,998.03,-1.61,271.70,-2.55,93.30,5.43,5.06,0.36,3.16,5.07,1277.90,1.33,1.88,188.00
16.01.2009 13:00:00,998.01,-1.15,272.17,-2.32,91.70,5.61,5.15,0.47,3.22,5.16,1275.64,1.22,2.38,204.80
16.01.2009 13:10:00,997.91,-0.93,272.39,-2.31,90.30,5.71,5.15,0.55,3.22,5.16,1274.50,1.42,2.00,184.80
16.01.2009 13:20:00,997.81,-0.75,272.58,-2.29,89.20,5.78,5.16,0.62,3.22,5.17,1273.51,1.28,2.00,186.80
16.01.2009 13:30:00,997.64,-0.62,272.72,-2.38,87.80,5.84,5.12,0.71,3.20,5.14,1272.72,1.47,2.38,189.60
16.01.2009 13:40:00,997.53,-0.36,273.00,-2.23,87.10,5.95,5.18,0.77,3.24,5.20,1271.31,1.13,1.75,183.50
16.01.2009 13:50:00,997.41,-0.06,273.30,-2.19,85.50,6.08,5.20,0.88,3.25,5.21,1269.78,1.31,1.75,172.70
16.01.2009 14:00:00,997.26,-0.05,273.32,-2.34,84.50,6.09,5.14,0.94,3.21,5.16,1269.56,1.28,2.00,193.00
16.01.2009 14:10:00,997.13,-0.10,273.28,-2.34,84.80,6.06,5.14,0.92,3.21,5.16,1269.64,0.74,1.38,205.70
16.01.2009 14:20:00,997.05,0.00,273.39,-2.22,84.90,6.11,5.19,0.92,3.24,5.20,1269.02,1.02,1.50,184.20
16.01.2009 14:30:00,996.97,0.16,273.56,-1.98,85.40,6.18,5.28,0.90,3.30,5.29,1268.13,0.98,1.63,193.10
16.01.2009 14:40:00,996.98,0.39,273.78,-1.83,85.00,6.28,5.34,0.94,3.34,5.36,1267.07,0.99,1.88,194.90
16.01.2009 14:50:00,996.93,0.83,274.23,-1.60,83.70,6.49,5.43,1.06,3.40,5.45,1264.92,0.85,1.25,202.30
16.01.2009 15:00:00,996.91,1.12,274.53,-1.54,82.30,6.63,5.45,1.17,3.41,5.47,1263.52,1.05,1.50,199.20
16.01.2009 15:10:00,996.86,1.16,274.56,-1.63,81.60,6.64,5.42,1.22,3.39,5.44,1263.33,1.01,1.38,202.40
16.01.2009 15:20:00,996.86,1.17,274.58,-1.58,81.80,6.65,5.44,1.21,3.40,5.46,1263.25,0.69,1.25,192.00
16.01.2009 15:30:00,996.78,1.16,274.57,-1.64,81.50,6.64,5.41,1.23,3.39,5.43,1263.24,0.84,1.38,191.80
16.01.2009 15:40:00,996.74,1.03,274.44,-1.70,81.90,6.58,5.39,1.19,3.37,5.41,1263.79,0.64,1.13,193.70
16.01.2009 15:50:00,996.80,0.74,274.15,-1.86,82.70,6.44,5.33,1.11,3.33,5.35,1265.24,0.39,0.63,218.30
16.01.2009 16:00:00,996.92,0.38,273.78,-2.02,83.80,6.28,5.26,1.02,3.29,5.28,1267.06,0.18,0.50,267.90
16.01.2009 16:10:00,996.99,0.29,273.68,-1.98,84.70,6.24,5.28,0.95,3.30,5.30,1267.59,0.35,0.75,199.60
16.01.2009 16:20:00,997.09,-0.01,273.38,-2.20,85.10,6.11,5.20,0.91,3.25,5.21,1269.11,0.14,0.63,251.40
16.01.2009 16:30:00,997.10,-0.27,273.12,-2.27,86.30,5.99,5.17,0.82,3.23,5.18,1270.36,0.28,0.75,48.15
16.01.2009 16:40:00,997.02,-0.33,273.06,-2.22,87.00,5.96,5.19,0.78,3.24,5.20,1270.53,0.19,0.50,105.50
16.01.2009 16:50:00,997.19,-0.52,272.86,-2.35,87.40,5.88,5.14,0.74,3.21,5.15,1271.67,0.73,1.00,241.60
16.01.2009 17:00:00,997.15,-0.63,272.75,-2.28,88.50,5.83,5.16,0.67,3.23,5.18,1272.10,0.73,1.13,228.00
16.01.2009 17:10:00,997.03,-0.74,272.65,-2.26,89.40,5.79,5.17,0.61,3.23,5.19,1272.46,0.70,1.50,212.90
16.01.2009 17:20:00,996.98,-0.84,272.56,-2.27,90.00,5.74,5.17,0.57,3.23,5.18,1272.87,1.17,1.50,219.80
16.01.2009 17:30:00,996.98,-0.90,272.49,-2.24,90.60,5.72,5.18,0.54,3.24,5.19,1273.16,1.01,1.50,222.00
16.01.2009 17:40:00,997.05,-0.85,272.54,-2.15,90.80,5.74,5.21,0.53,3.26,5.23,1272.98,1.17,2.13,221.10
16.01.2009 17:50:00,996.98,-0.72,272.68,-2.18,89.80,5.79,5.20,0.59,3.25,5.22,1272.29,1.32,1.63,211.80
16.01.2009 18:00:00,996.91,-0.72,272.69,-2.34,88.70,5.80,5.14,0.66,3.21,5.16,1272.22,1.55,2.00,203.80
16.01.2009 18:10:00,996.86,-0.87,272.54,-2.56,88.20,5.73,5.06,0.68,3.16,5.07,1272.90,1.65,2.13,205.50
16.01.2009 18:20:00,996.89,-1.07,272.33,-2.72,88.50,5.65,5.00,0.65,3.12,5.01,1273.92,1.59,2.00,209.30
16.01.2009 18:30:00,996.72,-1.04,272.37,-2.71,88.40,5.66,5.00,0.66,3.13,5.02,1273.57,1.63,2.50,200.70
16.01.2009 18:40:00,996.61,-1.11,272.31,-2.84,88.00,5.63,4.95,0.68,3.10,4.97,1273.78,2.01,2.88,192.10
16.01.2009 18:50:00,996.65,-1.26,272.16,-2.98,88.00,5.57,4.90,0.67,3.06,4.92,1274.55,2.16,2.75,202.50
16.01.2009 19:00:00,996.59,-1.36,272.07,-3.06,88.10,5.53,4.87,0.66,3.05,4.89,1274.92,2.70,3.88,199.00
16.01.2009 19:10:00,996.50,-1.51,271.93,-3.24,87.90,5.47,4.81,0.66,3.01,4.82,1275.55,2.89,3.88,195.90
16.01.2009 19:20:00,996.49,-1.60,271.83,-3.30,88.10,5.43,4.78,0.65,2.99,4.80,1276.00,3.07,3.75,200.10
16.01.2009 19:30:00,996.49,-1.73,271.71,-3.40,88.30,5.38,4.75,0.63,2.97,4.77,1276.61,2.95,3.63,204.70
16.01.2009 19:40:00,996.45,-1.78,271.66,-3.38,88.70,5.36,4.76,0.61,2.97,4.77,1276.78,2.63,3.38,202.40
16.01.2009 19:50:00,996.31,-1.84,271.61,-3.41,88.90,5.34,4.74,0.59,2.97,4.76,1276.89,3.18,4.38,202.50
16.01.2009 20:00:00,996.30,-1.78,271.67,-3.40,88.60,5.36,4.75,0.61,2.97,4.77,1276.58,3.64,4.38,203.90
16.01.2009 20:10:00,996.31,-1.67,271.78,-3.40,87.90,5.40,4.75,0.65,2.97,4.77,1276.11,3.22,4.75,201.20
16.01.2009 20:20:00,996.20,-1.69,271.77,-3.50,87.40,5.39,4.71,0.68,2.95,4.73,1276.08,2.83,4.00,198.60
16.01.2009 20:30:00,996.12,-1.82,271.64,-3.60,87.60,5.34,4.68,0.66,2.93,4.70,1276.61,3.08,4.25,201.10
16.01.2009 20:40:00,995.97,-1.89,271.58,-3.63,87.80,5.31,4.67,0.65,2.92,4.69,1276.75,3.50,4.50,201.70
16.01.2009 20:50:00,995.95,-1.93,271.55,-3.67,87.80,5.30,4.65,0.65,2.91,4.67,1276.90,3.40,5.00,200.30
16.01.2009 21:00:00,995.99,-2.03,271.44,-3.75,87.90,5.26,4.62,0.64,2.89,4.64,1277.44,3.02,4.25,196.20
16.01.2009 21:10:00,996.02,-2.01,271.46,-3.66,88.40,5.27,4.66,0.61,2.91,4.68,1277.36,2.82,4.25,196.10
16.01.2009 21:20:00,996.01,-2.06,271.41,-3.72,88.30,5.25,4.64,0.61,2.90,4.65,1277.59,2.83,4.38,202.20
16.01.2009 21:30:00,995.93,-2.13,271.34,-3.71,88.90,5.22,4.64,0.58,2.90,4.66,1277.85,3.52,5.00,203.40
16.01.2009 21:40:00,995.83,-2.04,271.45,-3.60,89.00,5.26,4.68,0.58,2.93,4.70,1277.25,3.69,5.00,197.30
16.01.2009 21:50:00,995.71,-2.12,271.37,-3.73,88.70,5.22,4.63,0.59,2.90,4.65,1277.52,3.15,4.50,193.90
16.01.2009 22:00:00,995.64,-2.20,271.30,-3.74,89.10,5.20,4.63,0.57,2.90,4.65,1277.79,3.25,4.75,189.90
16.01.2009 22:10:00,995.64,-2.16,271.34,-3.71,89.10,5.21,4.64,0.57,2.90,4.66,1277.61,3.24,4.13,193.80
16.01.2009 22:20:00,995.64,-2.23,271.27,-3.77,89.10,5.18,4.62,0.57,2.89,4.64,1277.92,3.39,4.38,197.00
16.01.2009 22:30:00,995.62,-2.23,271.27,-3.79,89.00,5.18,4.61,0.57,2.89,4.63,1277.92,3.52,4.38,190.00
16.01.2009 22:40:00,995.50,-2.34,271.17,-3.89,89.00,5.14,4.58,0.57,2.86,4.60,1278.28,3.01,4.13,194.80
16.01.2009 22:50:00,995.43,-2.36,271.15,-3.86,89.40,5.13,4.59,0.54,2.87,4.61,1278.32,3.10,4.13,202.50
16.01.2009 23:00:00,995.48,-2.41,271.10,-3.92,89.30,5.11,4.57,0.55,2.86,4.59,1278.60,2.93,3.63,199.40
16.01.2009 23:10:00,995.39,-2.34,271.17,-3.84,89.40,5.14,4.59,0.54,2.88,4.62,1278.17,2.99,3.75,205.30
16.01.2009 23:20:00,995.40,-2.19,271.33,-3.75,89.00,5.20,4.63,0.57,2.90,4.65,1277.44,2.98,3.88,205.00
16.01.2009 23:30:00,995.33,-2.23,271.29,-3.85,88.60,5.18,4.59,0.59,2.87,4.61,1277.55,2.34,3.38,199.80
16.01.2009 23:40:00,995.28,-2.23,271.30,-3.84,88.60,5.18,4.59,0.59,2.88,4.61,1277.48,2.29,3.13,188.00
16.01.2009 23:50:00,995.15,-2.29,271.25,-3.93,88.40,5.16,4.56,0.60,2.86,4.58,1277.60,2.71,3.63,195.40
17.01.2009 00:00:00,995.14,-2.30,271.23,-3.95,88.40,5.15,4.56,0.60,2.85,4.58,1277.68,2.75,4.00,187.00
17.01.2009 00:10:00,995.15,-2.39,271.15,-4.05,88.30,5.12,4.52,0.60,2.83,4.54,1278.11,2.58,3.63,189.90
17.01.2009 00:20:00,995.15,-2.46,271.08,-4.09,88.50,5.10,4.51,0.59,2.82,4.53,1278.44,2.77,3.38,191.00
17.01.2009 00:30:00,995.12,-2.75,270.79,-4.34,88.70,4.99,4.42,0.56,2.77,4.44,1279.83,3.19,3.88,193.50
17.01.2009 00:40:00,994.96,-2.79,270.76,-4.24,89.70,4.97,4.46,0.51,2.79,4.48,1279.81,3.57,4.75,194.00
17.01.2009 00:50:00,994.90,-2.66,270.89,-4.11,89.70,5.02,4.50,0.52,2.82,4.53,1279.09,2.72,4.00,202.10
17.01.2009 01:00:00,994.90,-2.57,270.98,-4.11,89.10,5.05,4.50,0.55,2.82,4.52,1278.67,2.79,3.75,190.10
17.01.2009 01:10:00,994.88,-2.67,270.89,-4.23,88.90,5.02,4.46,0.56,2.79,4.48,1279.12,2.19,3.63,202.90
17.01.2009 01:20:00,994.77,-2.75,270.81,-4.27,89.20,4.98,4.45,0.54,2.78,4.47,1279.38,2.37,3.13,204.20
17.01.2009 01:30:00,994.70,-2.57,271.00,-4.08,89.30,5.05,4.51,0.54,2.83,4.54,1278.40,2.28,3.38,196.60
17.01.2009 01:40:00,994.65,-2.49,271.08,-4.09,88.70,5.08,4.51,0.57,2.82,4.53,1277.98,2.02,2.63,205.90
17.01.2009 01:50:00,994.73,-2.43,271.14,-4.03,88.70,5.10,4.53,0.58,2.84,4.55,1277.78,2.14,3.00,208.40
17.01.2009 02:00:00,994.75,-2.35,271.22,-3.94,88.80,5.14,4.56,0.58,2.86,4.58,1277.41,1.86,2.63,212.40
17.01.2009 02:10:00,994.74,-2.30,271.27,-3.94,88.40,5.16,4.56,0.60,2.86,4.58,1277.13,1.95,2.63,207.40
17.01.2009 02:20:00,994.77,-2.28,271.28,-3.93,88.40,5.16,4.56,0.60,2.86,4.59,1277.11,1.62,2.38,208.40
17.01.2009 02:30:00,994.69,-2.22,271.35,-3.87,88.40,5.19,4.59,0.60,2.87,4.61,1276.69,2.17,2.88,205.20
17.01.2009 02:40:00,994.75,-2.14,271.43,-3.81,88.20,5.22,4.60,0.62,2.88,4.63,1276.36,2.20,2.88,201.40
17.01.2009 02:50:00,994.78,-2.02,271.54,-3.75,87.90,5.26,4.63,0.64,2.90,4.65,1275.85,1.77,2.63,196.50
17.01.2009 03:00:00,994.77,-1.99,271.58,-3.76,87.60,5.28,4.62,0.65,2.90,4.65,1275.67,2.44,3.50,185.50
17.01.2009 03:10:00,994.72,-2.00,271.57,-3.77,87.60,5.27,4.62,0.65,2.89,4.64,1275.69,2.51,3.38,182.20
17.01.2009 03:20:00,994.60,-2.00,271.58,-3.77,87.60,5.27,4.62,0.65,2.89,4.64,1275.53,2.75,3.63,180.30
17.01.2009 03:30:00,994.47,-2.03,271.57,-3.76,87.80,5.26,4.62,0.64,2.89,4.65,1275.47,2.75,3.63,175.50
17.01.2009 03:40:00,994.36,-1.91,271.69,-3.73,87.30,5.31,4.63,0.67,2.90,4.66,1274.80,3.00,4.25,177.20
17.01.2009 03:50:00,994.29,-1.95,271.65,-3.80,87.10,5.29,4.61,0.68,2.89,4.63,1274.91,3.06,4.63,176.00
17.01.2009 04:00:00,994.25,-2.04,271.57,-3.84,87.40,5.26,4.59,0.66,2.88,4.62,1275.27,2.33,3.88,173.50
17.01.2009 04:10:00,994.23,-2.00,271.61,-3.79,87.50,5.27,4.61,0.66,2.89,4.64,1275.07,2.60,4.13,151.60
17.01.2009 04:20:00,994.21,-1.98,271.63,-3.84,87.00,5.28,4.59,0.69,2.88,4.62,1274.95,2.52,3.75,151.20
17.01.2009 04:30:00,994.16,-2.04,271.58,-3.87,87.20,5.26,4.59,0.67,2.87,4.61,1275.14,1.79,2.88,174.70
17.01.2009 04:40:00,994.08,-2.12,271.50,-3.91,87.50,5.22,4.57,0.65,2.87,4.60,1275.46,1.97,2.88,184.90
17.01.2009 04:50:00,993.99,-2.17,271.46,-3.88,88.00,5.21,4.58,0.62,2.87,4.61,1275.55,2.45,3.38,191.00
17.01.2009 05:00:00,993.93,-2.13,271.50,-3.82,88.10,5.22,4.60,0.62,2.88,4.63,1275.28,2.86,4.38,186.20
17.01.2009 05:10:00,993.87,-2.04,271.60,-3.79,87.70,5.26,4.61,0.65,2.89,4.64,1274.77,3.13,4.00,185.70
17.01.2009 05:20:00,993.79,-2.12,271.53,-3.86,87.80,5.23,4.59,0.64,2.88,4.62,1275.05,3.16,4.13,177.40
17.01.2009 05:30:00,993.74,-2.16,271.48,-3.87,88.00,5.21,4.58,0.63,2.87,4.61,1275.20,3.29,4.25,165.20
17.01.2009 05:40:00,993.68,-2.10,271.55,-3.81,88.00,5.23,4.60,0.63,2.89,4.63,1274.84,2.94,4.25,171.10
17.01.2009 05:50:00,993.68,-2.05,271.60,-3.79,87.80,5.25,4.61,0.64,2.89,4.64,1274.60,2.63,3.75,173.20
17.01.2009 06:00:00,993.62,-2.10,271.55,-3.83,87.90,5.23,4.60,0.63,2.88,4.63,1274.76,2.65,3.75,179.80
17.01.2009 06:10:00,993.60,-2.12,271.54,-3.82,88.10,5.22,4.60,0.62,2.89,4.63,1274.83,2.04,3.25,195.50
17.01.2009 06:20:00,993.49,-2.10,271.57,-3.75,88.40,5.23,4.63,0.61,2.90,4.66,1274.55,1.72,3.25,194.10
17.01.2009 06:30:00,993.46,-2.03,271.64,-3.70,88.30,5.26,4.64,0.62,2.91,4.68,1274.19,1.95,2.50,210.60
17.01.2009 06:40:00,993.42,-1.94,271.74,-3.56,88.60,5.30,4.69,0.60,2.94,4.72,1273.67,2.71,4.38,189.10
17.01.2009 06:50:00,993.34,-1.78,271.90,-3.38,88.70,5.36,4.75,0.61,2.98,4.79,1272.79,2.89,4.25,178.50
17.01.2009 07:00:00,993.28,-1.52,272.16,-3.21,88.20,5.46,4.82,0.64,3.02,4.85,1271.48,2.71,4.13,175.70
17.01.2009 07:10:00,993.29,-1.40,272.28,-3.11,88.10,5.51,4.85,0.66,3.05,4.89,1270.92,2.49,3.75,175.50
17.01.2009 07:20:00,993.32,-1.37,272.31,-3.01,88.50,5.52,4.89,0.64,3.07,4.92,1270.79,2.60,4.38,166.00
17.01.2009 07:30:00,993.40,-1.31,272.37,-2.89,88.90,5.55,4.93,0.62,3.10,4.97,1270.58,2.40,4.00,178.20
17.01.2009 07:40:00,993.43,-1.30,272.37,-2.80,89.50,5.55,4.97,0.58,3.12,5.00,1270.59,2.93,4.75,172.40
17.01.2009 07:50:00,993.44,-1.28,272.39,-2.70,90.00,5.56,5.01,0.56,3.14,5.04,1270.46,2.73,4.13,177.40
17.01.2009 08:00:00,993.46,-1.24,272.43,-2.57,90.60,5.58,5.05,0.52,3.17,5.09,1270.28,2.65,3.88,176.90
17.01.2009 08:10:00,993.42,-1.24,272.44,-2.51,91.00,5.58,5.08,0.50,3.18,5.11,1270.21,3.24,5.25,175.20
17.01.2009 08:20:00,993.42,-1.19,272.49,-2.39,91.50,5.60,5.12,0.48,3.21,5.16,1269.95,2.94,5.00,176.80
17.01.2009 08:30:00,993.42,-1.17,272.50,-2.30,92.00,5.61,5.16,0.45,3.24,5.19,1269.86,2.90,4.25,175.30
17.01.2009 08:40:00,993.49,-1.17,272.50,-2.21,92.60,5.61,5.19,0.41,3.26,5.23,1269.93,2.85,4.50,177.50
17.01.2009 08:50:00,993.54,-1.13,272.53,-2.11,93.00,5.62,5.23,0.39,3.28,5.26,1269.81,2.62,4.00,172.10
17.01.2009 09:00:00,993.55,-1.06,272.60,-2.00,93.30,5.65,5.27,0.38,3.31,5.31,1269.47,2.48,4.00,180.90
17.01.2009 09:10:00,993.54,-1.02,272.65,-1.93,93.50,5.67,5.30,0.37,3.32,5.33,1269.24,2.49,4.63,176.40
17.01.2009 09:20:00,993.52,-0.95,272.72,-1.82,93.80,5.70,5.34,0.35,3.35,5.38,1268.87,2.89,3.88,172.90
17.01.2009 09:30:00,993.42,-0.83,272.85,-1.71,93.70,5.75,5.39,0.36,3.38,5.42,1268.16,2.88,3.88,171.40
17.01.2009 09:40:00,993.38,-0.71,272.97,-1.68,93.10,5.80,5.40,0.40,3.39,5.44,1267.53,2.93,4.25,168.50
17.01.2009 09:50:00,993.30,-0.59,273.09,-1.66,92.40,5.85,5.40,0.44,3.39,5.44,1266.88,3.12,4.63,168.10
17.01.2009 10:00:00,993.23,-0.49,273.20,-1.71,91.40,5.89,5.39,0.51,3.38,5.42,1266.36,3.51,4.38,168.10
17.01.2009 10:10:00,993.21,-0.40,273.29,-1.76,90.50,5.93,5.37,0.56,3.37,5.40,1265.93,3.93,5.25,168.20
17.01.2009 10:20:00,993.29,-0.22,273.47,-1.71,89.60,6.01,5.39,0.63,3.38,5.42,1265.16,3.38,5.13,166.70
17.01.2009 10:30:00,993.30,0.23,273.91,-1.49,88.20,6.21,5.48,0.73,3.44,5.51,1263.07,3.21,4.63,169.90
17.01.2009 10:40:00,993.30,0.33,274.01,-1.50,87.50,6.25,5.47,0.78,3.43,5.51,1262.62,2.98,4.25,173.20
17.01.2009 10:50:00,993.33,0.30,273.98,-1.54,87.40,6.24,5.45,0.79,3.42,5.49,1262.79,3.40,5.25,168.40
17.01.2009 11:00:00,993.30,0.21,273.90,-1.64,87.30,6.20,5.41,0.79,3.40,5.45,1263.17,3.37,4.63,167.20
17.01.2009 11:10:00,993.22,0.16,273.86,-1.66,87.50,6.18,5.41,0.77,3.39,5.45,1263.30,2.92,4.38,167.40
17.01.2009 11:20:00,993.19,0.22,273.91,-1.60,87.50,6.20,5.43,0.78,3.41,5.47,1263.00,2.80,4.00,167.40
17.01.2009 11:30:00,993.12,0.28,273.98,-1.58,87.30,6.23,5.44,0.79,3.41,5.48,1262.63,2.78,3.88,176.10
17.01.2009 11:40:00,992.98,0.41,274.12,-1.49,87.00,6.29,5.47,0.82,3.44,5.51,1261.83,2.66,4.50,171.00
17.01.2009 11:50:00,992.82,0.59,274.32,-1.42,86.30,6.38,5.50,0.87,3.46,5.54,1260.75,2.03,3.25,168.30
17.01.2009 12:00:00,992.79,0.70,274.43,-1.47,85.30,6.43,5.48,0.94,3.44,5.52,1260.22,2.38,3.25,162.60
17.01.2009 12:10:00,992.67,0.80,274.54,-1.42,85.00,6.47,5.50,0.97,3.46,5.54,1259.60,2.36,4.38,179.20
17.01.2009 12:20:00,992.54,0.92,274.66,-1.37,84.60,6.53,5.52,1.01,3.47,5.56,1258.90,2.14,3.38,179.70
17.01.2009 12:30:00,992.41,1.10,274.86,-1.27,84.10,6.62,5.56,1.05,3.49,5.61,1257.88,2.07,4.50,185.30
17.01.2009 12:40:00,992.32,1.23,274.99,-1.16,84.00,6.68,5.61,1.07,3.52,5.65,1257.16,1.78,4.38,176.10
17.01.2009 12:50:00,992.28,1.26,275.03,-1.11,84.10,6.69,5.63,1.06,3.54,5.67,1256.93,1.44,3.63,181.00
17.01.2009 13:00:00,992.15,1.34,275.12,-0.98,84.50,6.73,5.69,1.04,3.57,5.73,1256.40,1.53,3.50,147.80
17.01.2009 13:10:00,992.05,1.24,275.03,-1.07,84.50,6.68,5.65,1.04,3.55,5.69,1256.73,2.01,2.88,136.40
17.01.2009 13:20:00,991.86,1.28,275.08,-0.98,84.80,6.70,5.68,1.02,3.57,5.73,1256.29,1.38,3.13,155.80
17.01.2009 13:30:00,991.75,1.53,275.34,-0.90,83.80,6.82,5.72,1.11,3.59,5.76,1255.01,1.17,2.13,183.40
17.01.2009 13:40:00,991.77,1.73,275.54,-0.80,83.20,6.92,5.76,1.16,3.62,5.81,1254.07,0.77,2.00,206.10
17.01.2009 13:50:00,991.69,1.79,275.60,-0.84,82.60,6.95,5.74,1.21,3.61,5.79,1253.73,1.58,2.63,148.30
17.01.2009 14:00:00,991.58,1.77,275.59,-0.88,82.50,6.94,5.73,1.21,3.60,5.77,1253.70,1.89,4.13,167.50
17.01.2009 14:10:00,991.48,1.76,275.59,-0.84,82.80,6.94,5.74,1.19,3.61,5.79,1253.60,1.48,2.25,207.50
17.01.2009 14:20:00,991.50,1.68,275.51,-0.85,83.20,6.90,5.74,1.16,3.61,5.79,1253.99,1.04,1.75,256.00
17.01.2009 14:30:00,991.46,1.74,275.58,-0.76,83.40,6.93,5.78,1.15,3.63,5.83,1253.63,0.85,1.50,193.80
17.01.2009 14:40:00,991.29,1.83,275.68,-0.64,83.60,6.97,5.83,1.14,3.67,5.88,1252.98,2.01,4.13,158.20
17.01.2009 14:50:00,991.21,1.95,275.81,-0.55,83.40,7.03,5.87,1.17,3.69,5.92,1252.31,1.62,4.13,162.10
17.01.2009 15:00:00,991.20,2.11,275.97,-0.48,82.90,7.12,5.90,1.22,3.71,5.95,1251.55,1.83,3.13,156.70
17.01.2009 15:10:00,991.02,2.17,276.04,-0.42,82.90,7.14,5.92,1.22,3.72,5.98,1251.07,1.62,2.38,176.50
17.01.2009 15:20:00,991.06,2.15,276.01,-0.41,83.10,7.13,5.93,1.21,3.73,5.98,1251.21,1.23,1.63,199.90
17.01.2009 15:30:00,991.07,2.11,275.98,-0.39,83.40,7.12,5.93,1.18,3.73,5.99,1251.37,0.92,1.63,191.60
17.01.2009 15:40:00,991.00,2.11,275.98,-0.38,83.50,7.11,5.94,1.17,3.74,5.99,1251.29,0.64,1.13,196.00
17.01.2009 15:50:00,990.96,2.10,275.97,-0.41,83.40,7.11,5.93,1.18,3.73,5.98,1251.30,0.93,1.88,189.30
17.01.2009 16:00:00,990.96,2.07,275.95,-0.40,83.60,7.09,5.93,1.16,3.73,5.98,1251.43,0.71,1.88,169.60
17.01.2009 16:10:00,990.83,2.10,275.98,-0.36,83.70,7.11,5.95,1.16,3.74,6.00,1251.13,0.99,2.25,169.30
17.01.2009 16:20:00,990.70,2.04,275.93,-0.42,83.70,7.08,5.92,1.15,3.73,5.98,1251.26,1.64,2.75,171.50
17.01.2009 16:30:00,990.63,1.95,275.85,-0.42,84.20,7.03,5.92,1.11,3.73,5.98,1251.56,1.46,2.50,203.10
17.01.2009 16:40:00,990.68,1.86,275.75,-0.44,84.70,6.99,5.92,1.07,3.72,5.97,1252.06,2.05,3.13,189.70
17.01.2009 16:50:00,990.57,1.79,275.69,-0.47,84.90,6.95,5.90,1.05,3.71,5.96,1252.24,1.29,2.13,192.20
17.01.2009 17:00:00,990.47,1.76,275.68,-0.41,85.40,6.94,5.93,1.01,3.73,5.98,1252.21,1.02,1.75,197.90
17.01.2009 17:10:00,990.38,1.73,275.65,-0.38,85.80,6.92,5.94,0.98,3.74,6.00,1252.25,1.08,2.13,199.00
17.01.2009 17:20:00,990.37,1.70,275.62,-0.37,86.10,6.91,5.95,0.96,3.74,6.00,1252.37,1.83,3.13,186.00
17.01.2009 17:30:00,990.35,1.70,275.62,-0.33,86.30,6.91,5.96,0.95,3.75,6.02,1252.33,2.21,3.88,184.00
17.01.2009 17:40:00,990.35,1.70,275.62,-0.32,86.40,6.91,5.97,0.94,3.76,6.03,1252.33,2.16,3.38,168.60
17.01.2009 17:50:00,990.37,1.68,275.60,-0.29,86.70,6.90,5.98,0.92,3.76,6.04,1252.44,1.76,2.50,184.20
17.01.2009 18:00:00,990.31,1.70,275.62,-0.21,87.10,6.91,6.02,0.89,3.79,6.07,1252.27,1.58,3.00,137.10
17.01.2009 18:10:00,990.10,1.74,275.68,-0.09,87.60,6.93,6.07,0.86,3.82,6.13,1251.77,2.03,2.75,116.50
17.01.2009 18:20:00,990.07,1.74,275.69,0.02,88.30,6.93,6.12,0.81,3.85,6.18,1251.70,1.48,2.63,122.50
17.01.2009 18:30:00,990.28,1.59,275.52,0.02,89.30,6.85,6.12,0.73,3.85,6.18,1252.68,1.49,2.75,138.80
17.01.2009 18:40:00,990.41,1.45,275.37,0.04,90.30,6.78,6.13,0.66,3.86,6.19,1253.47,0.70,1.00,15.09
17.01.2009 18:50:00,990.14,1.40,275.34,0.10,91.00,6.76,6.15,0.61,3.87,6.21,1253.34,1.01,1.88,103.70
17.01.2009 19:00:00,990.09,1.37,275.31,0.11,91.30,6.74,6.16,0.59,3.88,6.22,1253.43,1.37,1.88,127.20
17.01.2009 19:10:00,990.25,1.39,275.32,0.15,91.40,6.76,6.17,0.58,3.89,6.23,1253.51,1.33,1.88,165.60
17.01.2009 19:20:00,990.05,1.26,275.20,0.05,91.60,6.69,6.13,0.56,3.86,6.19,1253.89,1.08,1.88,193.50
17.01.2009 19:30:00,990.11,1.10,275.04,-0.03,92.10,6.62,6.09,0.52,3.84,6.15,1254.69,0.87,2.25,176.80
17.01.2009 19:40:00,989.93,1.15,275.11,-0.01,91.90,6.64,6.10,0.54,3.84,6.17,1254.22,1.22,2.25,133.60
17.01.2009 19:50:00,989.72,1.15,275.12,-0.11,91.30,6.64,6.06,0.58,3.82,6.12,1254.01,0.90,1.63,168.80
17.01.2009 20:00:00,989.62,1.09,275.07,-0.07,91.90,6.61,6.08,0.54,3.83,6.14,1254.11,1.16,2.25,193.60
17.01.2009 20:10:00,989.63,1.16,275.14,0.07,92.40,6.65,6.14,0.51,3.87,6.20,1253.78,0.90,1.88,182.30
17.01.2009 20:20:00,989.61,1.23,275.21,0.09,92.10,6.68,6.15,0.53,3.87,6.21,1253.46,0.97,2.75,127.30
17.01.2009 20:30:00,989.49,1.09,275.08,-0.28,90.50,6.61,5.98,0.63,3.77,6.05,1254.00,2.28,3.25,154.80
17.01.2009 20:40:00,989.45,1.11,275.10,-0.27,90.50,6.62,5.99,0.63,3.77,6.05,1253.88,1.55,3.75,181.80
17.01.2009 20:50:00,989.21,1.08,275.10,-0.38,89.90,6.61,5.94,0.67,3.74,6.01,1253.70,3.54,5.75,174.50
17.01.2009 21:00:00,989.04,1.05,275.07,-0.49,89.40,6.59,5.89,0.70,3.71,5.96,1253.67,3.78,5.63,184.80
17.01.2009 21:10:00,988.84,1.10,275.14,-0.44,89.40,6.61,5.91,0.70,3.73,5.98,1253.18,3.37,5.00,181.40
17.01.2009 21:20:00,988.95,1.18,275.22,-0.39,89.20,6.65,5.94,0.72,3.74,6.00,1252.92,2.47,4.25,174.90
17.01.2009 21:30:00,988.88,1.29,275.33,-0.31,89.00,6.71,5.97,0.74,3.76,6.04,1252.33,1.62,3.00,178.40
17.01.2009 21:40:00,989.01,1.28,275.30,-0.30,89.20,6.70,5.98,0.72,3.77,6.04,1252.55,1.39,2.63,267.90
17.01.2009 21:50:00,989.27,1.43,275.44,-0.08,89.60,6.78,6.07,0.70,3.83,6.14,1252.13,1.35,2.63,46.49
17.01.2009 22:00:00,989.14,1.67,275.69,0.02,88.70,6.89,6.12,0.78,3.85,6.18,1250.85,1.34,2.63,161.70
17.01.2009 22:10:00,989.07,1.69,275.71,-0.08,88.00,6.90,6.07,0.83,3.83,6.14,1250.70,1.80,2.88,187.60
17.01.2009 22:20:00,988.96,1.75,275.78,0.03,88.30,6.93,6.12,0.81,3.86,6.19,1250.28,2.10,3.75,199.80
17.01.2009 22:30:00,988.80,2.24,276.29,0.33,87.10,7.18,6.26,0.93,3.94,6.33,1247.76,3.72,6.00,210.90
17.01.2009 22:40:00,988.68,2.70,276.76,0.24,83.80,7.42,6.22,1.20,3.92,6.29,1245.57,3.72,6.00,205.70
17.01.2009 22:50:00,988.60,2.74,276.81,0.14,82.90,7.44,6.17,1.27,3.89,6.24,1245.29,2.98,5.00,199.50
17.01.2009 23:00:00,988.51,2.55,276.62,0.01,83.30,7.34,6.11,1.23,3.86,6.18,1246.08,2.55,4.25,188.00
17.01.2009 23:10:00,988.62,2.33,276.39,-0.05,84.20,7.23,6.09,1.14,3.84,6.16,1247.21,0.56,1.50,131.80
17.01.2009 23:20:00,988.51,2.23,276.30,-0.05,84.80,7.18,6.09,1.09,3.84,6.16,1247.52,1.22,2.25,146.70
17.01.2009 23:30:00,988.39,2.14,276.22,-0.16,84.70,7.13,6.04,1.09,3.81,6.11,1247.83,1.20,1.63,162.40
17.01.2009 23:40:00,988.23,1.99,276.08,-0.18,85.50,7.05,6.03,1.02,3.80,6.10,1248.31,0.92,1.63,166.10
17.01.2009 23:50:00,988.23,1.97,276.06,-0.12,86.00,7.04,6.05,0.99,3.82,6.13,1248.39,0.75,1.50,173.60
18.01.2009 00:00:00,987.96,1.94,276.05,-0.10,86.30,7.03,6.06,0.96,3.83,6.14,1248.16,1.57,2.13,194.80
18.01.2009 00:10:00,987.89,1.91,276.03,-0.04,86.80,7.01,6.09,0.93,3.84,6.16,1248.18,2.80,3.75,213.10
18.01.2009 00:20:00,987.88,1.85,275.97,-0.09,86.90,6.98,6.07,0.92,3.83,6.14,1248.44,2.72,4.75,218.10
18.01.2009 00:30:00,988.01,1.81,275.92,-0.07,87.30,6.96,6.08,0.88,3.83,6.15,1248.82,1.14,2.38,238.70
18.01.2009 00:40:00,988.11,1.84,275.94,-0.01,87.50,6.98,6.10,0.87,3.85,6.18,1248.80,1.11,2.38,225.70
18.01.2009 00:50:00,988.09,1.90,276.00,-0.04,86.90,7.01,6.09,0.92,3.84,6.16,1248.50,1.63,3.13,221.30
18.01.2009 01:00:00,988.04,1.84,275.94,-0.15,86.60,6.98,6.04,0.93,3.81,6.11,1248.75,1.02,2.00,236.80
18.01.2009 01:10:00,987.92,1.82,275.94,-0.17,86.60,6.97,6.03,0.93,3.81,6.11,1248.67,0.68,1.50,198.50
18.01.2009 01:20:00,988.01,1.82,275.93,-0.12,86.90,6.97,6.06,0.91,3.82,6.13,1248.76,0.19,0.75,152.00
18.01.2009 01:30:00,987.85,1.79,275.91,-0.17,86.80,6.95,6.03,0.92,3.81,6.11,1248.74,1.13,1.75,182.40
18.01.2009 01:40:00,987.64,1.47,275.60,-0.36,87.60,6.79,5.95,0.84,3.76,6.02,1249.96,1.50,2.13,203.20
18.01.2009 01:50:00,987.76,1.43,275.56,-0.24,88.60,6.78,6.00,0.77,3.79,6.08,1250.24,1.50,2.00,214.20
18.01.2009 02:00:00,987.77,1.65,275.78,-0.13,87.90,6.88,6.05,0.83,3.82,6.13,1249.23,1.58,2.00,216.60
18.01.2009 02:10:00,987.63,1.74,275.88,-0.15,87.20,6.93,6.04,0.89,3.81,6.12,1248.67,1.31,2.00,200.30
18.01.2009 02:20:00,987.35,1.49,275.65,-0.37,87.40,6.80,5.95,0.86,3.75,6.02,1249.49,1.47,2.38,206.60
18.01.2009 02:30:00,987.24,1.29,275.46,-0.35,88.80,6.71,5.95,0.75,3.76,6.03,1250.27,1.87,3.50,174.50
18.01.2009 02:40:00,987.16,1.35,275.53,-0.19,89.40,6.74,6.02,0.71,3.80,6.10,1249.83,1.72,2.63,139.80
18.01.2009 02:50:00,987.14,1.39,275.57,-0.20,89.10,6.76,6.02,0.74,3.80,6.10,1249.62,1.02,2.13,172.70
18.01.2009 03:00:00,986.99,1.30,275.49,-0.29,89.10,6.71,5.98,0.73,3.78,6.06,1249.88,0.83,1.25,192.10
18.01.2009 03:10:00,986.93,1.20,275.39,-0.32,89.60,6.66,5.97,0.69,3.77,6.05,1250.28,1.23,2.13,221.10
18.01.2009 03:20:00,986.86,1.32,275.52,-0.21,89.50,6.72,6.02,0.71,3.80,6.10,1249.59,1.84,2.63,217.30
18.01.2009 03:30:00,986.67,1.40,275.62,-0.23,88.80,6.76,6.00,0.76,3.79,6.09,1248.99,2.31,3.13,207.60
18.01.2009 03:40:00,986.41,1.36,275.60,-0.38,88.10,6.74,5.94,0.80,3.75,6.02,1248.88,1.80,2.75,204.10
18.01.2009 03:50:00,986.28,1.13,275.38,-0.55,88.50,6.63,5.87,0.76,3.71,5.95,1249.78,1.26,2.50,198.80
18.01.2009 04:00:00,986.03,0.98,275.24,-0.58,89.30,6.56,5.86,0.70,3.70,5.94,1250.18,1.75,2.75,193.80
18.01.2009 04:10:00,985.64,0.80,275.09,-0.68,89.80,6.47,5.81,0.66,3.68,5.90,1250.54,1.78,2.63,203.20
18.01.2009 04:20:00,985.39,0.63,274.95,-0.71,90.70,6.39,5.80,0.59,3.67,5.89,1250.98,2.39,3.13,207.20
18.01.2009 04:30:00,985.19,0.66,274.99,-0.64,91.00,6.41,5.83,0.58,3.69,5.92,1250.60,1.84,2.75,185.70
18.01.2009 04:40:00,984.98,0.58,274.93,-0.77,90.60,6.37,5.77,0.60,3.65,5.86,1250.71,1.98,2.88,185.50
18.01.2009 04:50:00,984.85,0.38,274.74,-0.89,91.10,6.28,5.72,0.56,3.62,5.81,1251.46,1.91,3.00,197.10
18.01.2009 05:00:00,984.72,0.24,274.61,-0.96,91.60,6.22,5.69,0.52,3.60,5.78,1251.96,2.00,3.63,163.50
18.01.2009 05:10:00,984.70,-0.05,274.32,-1.17,92.10,6.09,5.61,0.48,3.55,5.69,1253.31,1.89,2.75,169.70
18.01.2009 05:20:00,984.65,-0.40,273.97,-1.40,92.90,5.93,5.51,0.42,3.49,5.60,1254.91,1.46,2.25,193.80
18.01.2009 05:30:00,984.45,-0.34,274.05,-1.18,94.00,5.96,5.60,0.36,3.55,5.69,1254.31,1.29,2.13,205.00
18.01.2009 05:40:00,984.16,-0.19,274.22,-0.99,94.30,6.02,5.68,0.34,3.60,5.77,1253.25,1.87,2.50,212.90
18.01.2009 05:50:00,984.00,-0.09,274.34,-0.90,94.20,6.07,5.72,0.35,3.62,5.81,1252.53,1.73,2.63,208.30
18.01.2009 06:00:00,983.91,0.04,274.47,-0.80,94.00,6.13,5.76,0.37,3.65,5.85,1251.81,1.80,3.25,192.20
18.01.2009 06:10:00,983.77,0.18,274.63,-0.69,93.80,6.19,5.81,0.38,3.68,5.90,1250.96,1.73,3.38,154.70
18.01.2009 06:20:00,983.77,0.32,274.76,-0.66,93.10,6.25,5.82,0.43,3.69,5.91,1250.35,1.95,3.50,135.40
18.01.2009 06:30:00,983.65,0.16,274.61,-0.89,92.60,6.18,5.72,0.46,3.63,5.82,1250.98,0.93,1.63,147.60
18.01.2009 06:40:00,983.44,0.07,274.54,-0.95,92.80,6.14,5.70,0.44,3.61,5.79,1251.10,1.13,2.75,126.70
18.01.2009 06:50:00,983.09,0.05,274.55,-0.93,93.10,6.13,5.71,0.42,3.62,5.81,1250.75,1.29,2.13,191.10
18.01.2009 07:00:00,982.91,0.14,274.65,-0.82,93.20,6.17,5.75,0.42,3.65,5.85,1250.09,1.94,3.63,201.20
18.01.2009 07:10:00,982.84,0.26,274.78,-0.69,93.30,6.23,5.81,0.42,3.68,5.91,1249.42,2.29,3.00,207.30
18.01.2009 07:20:00,982.70,0.67,275.20,-0.28,93.30,6.41,5.98,0.43,3.80,6.09,1247.30,2.14,3.75,191.00
18.01.2009 07:30:00,982.56,0.99,275.53,-0.16,92.00,6.56,6.04,0.53,3.83,6.14,1245.64,1.40,2.38,190.80
18.01.2009 07:40:00,982.38,1.22,275.78,-0.06,91.10,6.68,6.08,0.59,3.86,6.19,1244.32,1.38,2.13,211.70
18.01.2009 07:50:00,982.11,1.42,276.00,-0.02,90.10,6.77,6.10,0.67,3.87,6.21,1243.08,2.10,2.88,217.40
18.01.2009 08:00:00,981.87,1.56,276.16,0.00,89.30,6.84,6.11,0.73,3.88,6.22,1242.13,2.19,3.13,210.40
18.01.2009 08:10:00,981.65,1.61,276.23,0.01,89.00,6.87,6.11,0.76,3.88,6.22,1241.62,2.39,3.25,205.80
18.01.2009 08:20:00,981.51,1.58,276.21,-0.03,89.00,6.85,6.09,0.75,3.87,6.21,1241.60,2.53,3.63,201.40
18.01.2009 08:30:00,981.28,1.53,276.18,-0.05,89.20,6.82,6.09,0.74,3.87,6.20,1241.54,2.46,3.38,200.00
18.01.2009 08:40:00,981.08,1.62,276.29,0.11,89.60,6.87,6.15,0.71,3.91,6.27,1240.84,2.62,3.88,197.60
18.01.2009 08:50:00,980.94,1.77,276.45,0.15,88.90,6.94,6.17,0.77,3.92,6.29,1239.97,3.19,4.00,197.30
18.01.2009 09:00:00,980.84,1.84,276.52,0.15,88.50,6.98,6.17,0.80,3.92,6.29,1239.56,2.53,3.50,192.30
18.01.2009 09:10:00,980.78,2.09,276.78,0.35,88.20,7.10,6.27,0.84,3.98,6.39,1238.29,2.15,3.13,189.60
18.01.2009 09:20:00,980.64,2.38,277.08,0.38,86.60,7.25,6.28,0.97,3.99,6.40,1236.81,2.11,2.88,187.70
18.01.2009 09:30:00,980.52,2.50,277.21,0.37,85.80,7.31,6.28,1.04,3.99,6.40,1236.13,1.68,2.50,186.40
18.01.2009 09:40:00,980.42,2.66,277.38,0.43,85.20,7.40,6.30,1.09,4.01,6.43,1235.28,1.45,2.50,198.20
18.01.2009 09:50:00,980.17,2.82,277.57,0.48,84.50,7.48,6.32,1.16,4.02,6.45,1234.21,1.73,2.50,185.70
18.01.2009 10:00:00,979.91,2.82,277.59,0.43,84.20,7.49,6.30,1.18,4.01,6.43,1233.89,1.93,2.75,198.40
18.01.2009 10:10:00,979.69,2.77,277.55,0.39,84.30,7.46,6.29,1.17,4.00,6.42,1233.87,2.23,3.00,200.70
18.01.2009 10:20:00,979.41,2.82,277.62,0.43,84.20,7.48,6.30,1.18,4.01,6.43,1233.28,2.63,3.75,197.00
18.01.2009 10:30:00,979.18,2.83,277.66,0.41,84.00,7.49,6.29,1.20,4.01,6.43,1232.94,3.21,4.38,189.80
18.01.2009 10:40:00,978.96,2.94,277.78,0.44,83.60,7.55,6.31,1.24,4.02,6.44,1232.18,2.68,4.00,183.70
18.01.2009 10:50:00,978.73,3.41,278.27,0.62,81.90,7.80,6.39,1.41,4.07,6.53,1229.76,2.71,4.13,183.20
18.01.2009 11:00:00,978.40,3.60,278.50,0.54,80.30,7.91,6.35,1.56,4.05,6.49,1228.49,2.95,4.50,190.50
18.01.2009 11:10:00,978.24,3.73,278.64,0.53,79.50,7.99,6.35,1.64,4.05,6.49,1227.71,1.83,3.00,190.60
18.01.2009 11:20:00,977.98,4.07,279.01,0.58,77.90,8.18,6.37,1.81,4.06,6.52,1225.86,1.78,3.63,192.30
18.01.2009 11:30:00,977.66,4.47,279.43,0.52,75.40,8.41,6.34,2.07,4.05,6.49,1223.72,3.85,5.50,190.30
18.01.2009 11:40:00,977.43,4.82,279.80,0.46,73.30,8.62,6.32,2.30,4.03,6.46,1221.92,4.17,5.25,185.70
18.01.2009 11:50:00,977.29,4.87,279.86,0.42,72.80,8.65,6.30,2.35,4.02,6.44,1221.52,4.18,6.00,183.60
18.01.2009 12:00:00,976.92,5.05,280.08,0.31,71.30,8.76,6.25,2.51,3.99,6.39,1220.28,5.26,7.13,187.40
18.01.2009 12:10:00,976.63,5.31,280.36,0.09,68.88,8.92,6.15,2.78,3.92,6.29,1218.82,6.28,9.75,192.00
18.01.2009 12:20:00,976.29,5.26,280.34,-0.15,67.98,8.89,6.04,2.85,3.86,6.19,1218.68,6.19,8.63,188.10
18.01.2009 12:30:00,976.07,4.92,280.01,-0.28,68.97,8.68,5.99,2.69,3.82,6.13,1219.93,5.40,7.63,184.50
18.01.2009 12:40:00,975.72,4.83,279.95,-0.39,68.82,8.62,5.93,2.69,3.79,6.08,1219.93,5.54,7.75,183.70
18.01.2009 12:50:00,975.43,4.78,279.92,-0.41,68.99,8.59,5.93,2.66,3.79,6.08,1219.78,4.42,6.25,183.80
18.01.2009 13:00:00,975.48,4.68,279.82,-0.43,69.36,8.54,5.92,2.62,3.78,6.07,1220.26,3.56,5.75,182.70
18.01.2009 13:10:00,975.51,4.70,279.84,-0.40,69.42,8.55,5.93,2.61,3.79,6.08,1220.22,2.82,5.00,191.40
18.01.2009 13:20:00,975.63,4.82,279.94,-0.51,68.29,8.62,5.88,2.73,3.76,6.03,1219.88,5.56,8.88,209.90
18.01.2009 13:30:00,975.68,4.63,279.76,-0.62,68.59,8.51,5.84,2.67,3.73,5.98,1220.76,5.63,8.63,216.70
18.01.2009 13:40:00,975.71,4.39,279.51,-0.75,69.10,8.36,5.78,2.58,3.69,5.92,1221.89,6.98,9.50,218.20
18.01.2009 13:50:00,975.52,4.24,279.37,-0.78,69.69,8.28,5.77,2.51,3.69,5.91,1222.32,6.27,9.38,212.70
18.01.2009 14:00:00,975.05,4.01,279.18,-0.63,71.60,8.14,5.83,2.31,3.73,5.98,1222.72,6.04,9.88,195.30
18.01.2009 14:10:00,974.93,3.85,279.03,-0.52,73.00,8.05,5.88,2.17,3.76,6.03,1223.24,5.87,8.88,190.10
18.01.2009 14:20:00,974.75,3.83,279.03,-0.60,72.70,8.04,5.85,2.20,3.74,6.00,1223.11,6.23,10.75,190.20
18.01.2009 14:30:00,974.55,3.84,279.05,-0.66,72.30,8.05,5.82,2.23,3.72,5.97,1222.83,5.70,9.13,183.10
18.01.2009 14:40:00,974.32,3.85,279.08,-0.71,72.00,8.05,5.80,2.25,3.71,5.95,1222.53,5.56,9.50,188.30
18.01.2009 14:50:00,974.14,3.80,279.04,-0.76,72.00,8.02,5.78,2.25,3.70,5.93,1222.53,6.12,10.50,191.20
18.01.2009 15:00:00,973.95,3.72,278.98,-0.72,72.60,7.98,5.79,2.19,3.71,5.95,1222.62,6.30,9.13,192.20
18.01.2009 15:10:00,973.87,3.58,278.84,-0.62,73.90,7.90,5.84,2.06,3.74,5.99,1223.15,6.99,10.38,185.70
18.01.2009 15:20:00,973.74,3.43,278.70,-0.57,75.00,7.81,5.86,1.95,3.75,6.02,1223.63,5.88,7.38,192.50
18.01.2009 15:30:00,973.62,3.28,278.57,-0.43,76.50,7.74,5.92,1.82,3.79,6.08,1224.09,5.60,8.50,172.10
18.01.2009 15:40:00,973.47,3.12,278.41,-0.33,78.00,7.65,5.96,1.68,3.82,6.13,1224.60,4.56,7.25,180.50
18.01.2009 15:50:00,973.37,3.01,278.31,-0.25,79.10,7.58,6.00,1.59,3.84,6.16,1224.97,4.13,5.38,179.60
18.01.2009 16:00:00,973.17,2.95,278.26,-0.18,79.80,7.55,6.03,1.53,3.86,6.19,1224.96,4.79,6.75,186.10
18.01.2009 16:10:00,973.06,2.89,278.21,-0.14,80.40,7.52,6.05,1.47,3.87,6.21,1225.07,4.10,6.00,176.10
18.01.2009 16:20:00,973.02,2.87,278.20,-0.07,80.90,7.51,6.08,1.43,3.89,6.24,1225.10,3.72,6.00,172.60
18.01.2009 16:30:00,972.95,2.88,278.21,-0.01,81.20,7.51,6.10,1.41,3.91,6.27,1224.96,3.45,5.25,170.20
18.01.2009 16:40:00,972.91,2.93,278.27,0.04,81.20,7.54,6.12,1.42,3.92,6.29,1224.67,2.95,6.00,170.70
18.01.2009 16:50:00,972.86,2.88,278.22,0.06,81.60,7.52,6.13,1.38,3.93,6.30,1224.82,2.51,3.75,160.10
18.01.2009 17:00:00,972.79,2.82,278.16,0.11,82.30,7.48,6.16,1.32,3.95,6.33,1225.00,2.23,4.13,167.10
18.01.2009 17:10:00,972.62,2.83,278.19,0.17,82.60,7.49,6.19,1.30,3.97,6.36,1224.72,3.41,5.88,172.30
18.01.2009 17:20:00,972.50,2.93,278.30,0.21,82.20,7.54,6.20,1.34,3.98,6.38,1224.10,3.49,4.50,180.00
18.01.2009 17:30:00,972.48,3.05,278.42,0.22,81.60,7.61,6.21,1.40,3.98,6.38,1223.56,2.59,4.38,175.60
18.01.2009 17:40:00,972.53,3.13,278.50,0.24,81.20,7.65,6.21,1.44,3.98,6.39,1223.24,2.41,3.38,161.80
18.01.2009 17:50:00,972.47,3.17,278.54,0.23,81.00,7.67,6.21,1.46,3.98,6.39,1223.02,2.31,3.38,163.90
18.01.2009 18:00:00,972.46,3.07,278.44,0.21,81.40,7.62,6.20,1.42,3.98,6.38,1223.46,2.57,3.75,164.60
18.01.2009 18:10:00,972.33,2.96,278.34,0.18,81.90,7.56,6.19,1.37,3.97,6.36,1223.79,3.11,4.50,172.10
18.01.2009 18:20:00,972.45,2.90,278.28,0.14,82.00,7.53,6.17,1.35,3.96,6.35,1224.19,2.88,4.13,188.80
18.01.2009 18:30:00,972.50,3.16,278.53,0.26,81.20,7.67,6.23,1.44,3.99,6.40,1223.09,4.03,6.13,199.50
18.01.2009 18:40:00,972.48,3.37,278.74,0.28,80.10,7.78,6.23,1.55,4.00,6.41,1222.12,3.70,5.88,192.50
18.01.2009 18:50:00,972.65,3.53,278.89,0.36,79.70,7.87,6.27,1.60,4.02,6.45,1221.62,4.53,7.25,199.70
18.01.2009 19:00:00,972.77,3.63,278.99,0.43,79.50,7.93,6.30,1.63,4.04,6.48,1221.30,5.12,7.38,205.90
18.01.2009 19:10:00,972.77,3.65,279.01,0.47,79.60,7.94,6.32,1.62,4.05,6.50,1221.20,5.28,7.00,209.00
18.01.2009 19:20:00,972.91,3.70,279.04,0.49,79.50,7.96,6.33,1.63,4.06,6.51,1221.18,5.08,7.13,208.20
18.01.2009 19:30:00,973.02,3.70,279.03,0.50,79.50,7.97,6.33,1.63,4.06,6.51,1221.30,5.76,7.38,209.40
18.01.2009 19:40:00,973.14,3.72,279.04,0.48,79.30,7.98,6.32,1.65,4.05,6.50,1221.38,6.62,9.50,210.20
18.01.2009 19:50:00,973.39,3.59,278.89,0.48,80.00,7.91,6.32,1.58,4.05,6.50,1222.25,5.68,8.50,212.50
18.01.2009 20:00:00,973.48,3.47,278.76,0.46,80.60,7.84,6.32,1.52,4.05,6.49,1222.91,5.33,8.00,213.00
18.01.2009 20:10:00,973.50,3.50,278.79,0.44,80.30,7.85,6.31,1.55,4.04,6.48,1222.80,6.15,9.13,210.10
18.01.2009 20:20:00,973.63,3.50,278.78,0.42,80.20,7.85,6.30,1.56,4.03,6.47,1222.96,5.28,7.25,209.30
18.01.2009 20:30:00,973.76,3.50,278.77,0.39,80.00,7.85,6.28,1.57,4.02,6.45,1223.15,5.08,7.13,212.00
18.01.2009 20:40:00,974.06,3.44,278.69,0.35,80.10,7.82,6.27,1.56,4.01,6.43,1223.78,4.81,7.75,214.10
18.01.2009 20:50:00,974.40,3.39,278.61,0.30,80.10,7.79,6.24,1.55,3.99,6.41,1224.46,2.47,5.25,222.20
18.01.2009 21:00:00,974.62,3.30,278.50,0.28,80.50,7.74,6.23,1.51,3.99,6.40,1225.13,1.72,2.75,224.60
18.01.2009 21:10:00,974.83,3.24,278.42,0.24,80.60,7.71,6.22,1.50,3.98,6.38,1225.67,1.67,3.13,217.50
18.01.2009 21:20:00,975.08,3.23,278.40,0.23,80.60,7.71,6.21,1.50,3.97,6.37,1226.01,1.52,3.00,220.20
18.01.2009 21:30:00,975.41,3.24,278.38,0.31,81.00,7.71,6.25,1.47,3.99,6.40,1226.37,1.31,2.88,235.60
18.01.2009 21:40:00,975.66,3.26,278.38,0.48,81.90,7.72,6.33,1.40,4.04,6.48,1226.56,1.07,2.75,233.10
18.01.2009 21:50:00,975.86,3.22,278.32,0.54,82.50,7.70,6.35,1.35,4.06,6.51,1226.97,1.92,3.00,241.00
18.01.2009 22:00:00,976.04,3.17,278.25,0.54,82.80,7.67,6.35,1.32,4.06,6.51,1227.45,1.25,2.38,239.20
18.01.2009 22:10:00,976.20,3.13,278.20,0.55,83.10,7.65,6.36,1.29,4.06,6.51,1227.81,1.32,2.75,229.10
18.01.2009 22:20:00,976.37,3.20,278.26,0.46,82.10,7.69,6.31,1.38,4.03,6.47,1227.72,2.59,6.13,226.30
18.01.2009 22:30:00,976.69,3.19,278.22,0.28,81.10,7.68,6.23,1.45,3.98,6.38,1228.22,1.65,2.75,230.90
18.01.2009 22:40:00,976.89,3.23,278.25,0.22,80.50,7.71,6.20,1.50,3.96,6.35,1228.30,1.29,2.25,233.20
18.01.2009 22:50:00,977.12,3.23,278.23,0.11,79.90,7.71,6.16,1.55,3.93,6.30,1228.61,1.26,3.25,213.50
18.01.2009 23:00:00,977.31,3.23,278.21,-0.01,79.20,7.71,6.10,1.60,3.89,6.25,1228.88,1.82,3.75,220.40
18.01.2009 23:10:00,977.55,3.23,278.19,-0.17,78.30,7.70,6.03,1.67,3.85,6.17,1229.24,3.23,5.38,236.10
18.01.2009 23:20:00,977.75,3.18,278.12,-0.38,77.40,7.68,5.94,1.74,3.79,6.08,1229.75,3.26,5.63,229.60
18.01.2009 23:30:00,977.83,3.04,277.98,-0.60,76.90,7.60,5.85,1.76,3.73,5.98,1230.51,2.46,4.88,238.00
18.01.2009 23:40:00,977.92,2.92,277.85,-0.81,76.40,7.54,5.76,1.78,3.67,5.89,1231.21,2.44,6.63,232.70
18.01.2009 23:50:00,978.07,2.90,277.82,-1.00,75.40,7.53,5.68,1.85,3.62,5.80,1231.52,3.75,5.75,236.60
19.01.2009 00:00:00,978.22,2.89,277.79,-1.18,74.50,7.52,5.60,1.92,3.57,5.73,1231.80,3.58,6.00,230.30
19.01.2009 00:10:00,978.50,2.73,277.61,-1.36,74.30,7.44,5.53,1.91,3.52,5.65,1232.89,1.93,4.50,233.30
19.01.2009 00:20:00,978.56,2.51,277.38,-1.51,74.70,7.32,5.47,1.85,3.48,5.59,1233.99,1.63,3.13,240.30
19.01.2009 00:30:00,978.75,2.41,277.27,-1.64,74.50,7.27,5.41,1.85,3.45,5.53,1234.71,2.26,4.75,238.90
19.01.2009 00:40:00,979.00,2.31,277.15,-1.72,74.60,7.22,5.38,1.83,3.43,5.50,1235.48,2.06,3.75,228.00
19.01.2009 00:50:00,979.13,2.16,276.98,-1.79,75.00,7.14,5.35,1.78,3.41,5.47,1236.35,1.92,3.13,228.60
19.01.2009 01:00:00,979.19,1.96,276.78,-1.89,75.50,7.04,5.31,1.72,3.38,5.43,1237.31,1.97,3.13,232.80
19.01.2009 01:10:00,979.24,1.78,276.59,-2.00,75.90,6.95,5.27,1.67,3.36,5.38,1238.22,0.79,2.38,218.10
19.01.2009 01:20:00,979.40,1.57,276.37,-2.09,76.50,6.85,5.24,1.61,3.33,5.35,1239.36,0.36,1.00,354.60
19.01.2009 01:30:00,979.50,1.53,276.33,-2.09,76.70,6.83,5.24,1.59,3.33,5.35,1239.67,0.36,1.00,46.79
19.01.2009 01:40:00,979.56,1.62,276.41,-2.10,76.20,6.87,5.23,1.63,3.33,5.34,1239.35,0.95,1.75,207.90
19.01.2009 01:50:00,979.58,1.55,276.33,-2.19,76.10,6.83,5.20,1.63,3.31,5.31,1239.73,2.20,2.88,215.70
19.01.2009 02:00:00,979.66,1.17,275.95,-2.29,77.60,6.65,5.16,1.49,3.28,5.27,1241.54,2.74,3.63,233.40
19.01.2009 02:10:00,979.66,1.03,275.81,-2.25,78.60,6.58,5.17,1.41,3.29,5.28,1242.18,3.10,3.88,228.20
19.01.2009 02:20:00,979.87,1.03,275.79,-2.27,78.50,6.58,5.17,1.42,3.29,5.27,1242.45,2.36,3.25,221.40
19.01.2009 02:30:00,979.90,1.08,275.84,-2.25,78.30,6.61,5.17,1.43,3.29,5.28,1242.24,2.79,3.50,216.50
19.01.2009 02:40:00,980.01,1.26,276.01,-2.24,77.40,6.69,5.18,1.51,3.29,5.28,1241.60,2.16,3.00,209.80
19.01.2009 02:50:00,980.02,1.10,275.85,-2.38,77.50,6.61,5.13,1.49,3.26,5.23,1242.35,1.20,1.88,204.40
19.01.2009 03:00:00,979.99,0.89,275.64,-2.42,78.40,6.52,5.11,1.41,3.25,5.21,1243.26,0.93,1.63,204.70
19.01.2009 03:10:00,979.96,0.86,275.61,-2.37,78.90,6.50,5.13,1.37,3.26,5.24,1243.34,0.78,1.38,190.50
19.01.2009 03:20:00,979.96,0.88,275.63,-2.38,78.70,6.51,5.13,1.39,3.26,5.23,1243.26,1.20,1.88,218.50
19.01.2009 03:30:00,979.93,1.15,275.91,-2.34,77.40,6.64,5.14,1.50,3.27,5.25,1241.98,1.89,2.50,218.40
19.01.2009 03:40:00,979.85,1.28,276.04,-2.31,76.90,6.70,5.15,1.55,3.28,5.26,1241.31,1.95,2.88,218.40
19.01.2009 03:50:00,979.64,1.39,276.17,-2.20,76.90,6.76,5.19,1.56,3.31,5.30,1240.52,1.50,1.75,204.40
19.01.2009 04:00:00,979.38,1.27,276.07,-2.20,77.60,6.69,5.20,1.50,3.31,5.30,1240.75,1.24,2.00,207.10
19.01.2009 04:10:00,979.38,1.02,275.82,-2.18,79.10,6.58,5.20,1.37,3.31,5.31,1241.84,0.75,1.63,183.60
19.01.2009 04:20:00,979.50,0.78,275.57,-2.26,80.00,6.46,5.17,1.29,3.29,5.28,1243.11,0.27,0.63,76.70
19.01.2009 04:30:00,979.55,0.67,275.45,-2.10,81.60,6.41,5.23,1.18,3.33,5.34,1243.66,0.75,1.50,148.20
19.01.2009 04:40:00,979.55,0.67,275.45,-2.02,82.10,6.41,5.26,1.15,3.35,5.37,1243.65,1.26,2.63,141.30
19.01.2009 04:50:00,979.55,0.79,275.57,-1.97,81.70,6.47,5.28,1.18,3.36,5.39,1243.08,1.05,2.38,168.00
19.01.2009 05:00:00,979.36,0.86,275.66,-1.91,81.60,6.50,5.31,1.20,3.38,5.42,1242.50,1.54,3.25,161.40
19.01.2009 05:10:00,979.21,0.87,275.68,-1.94,81.40,6.51,5.30,1.21,3.37,5.41,1242.27,1.05,1.50,143.60
19.01.2009 05:20:00,979.05,0.85,275.67,-1.90,81.80,6.50,5.31,1.18,3.38,5.43,1242.17,1.14,1.88,201.00
19.01.2009 05:30:00,979.06,1.30,276.13,-1.67,80.50,6.71,5.40,1.31,3.44,5.52,1240.07,2.00,2.50,216.20
19.01.2009 05:40:00,979.16,1.66,276.48,-1.56,79.10,6.89,5.45,1.44,3.47,5.56,1238.58,2.42,3.63,207.50
19.01.2009 05:50:00,979.05,1.67,276.50,-1.60,78.80,6.89,5.43,1.46,3.46,5.55,1238.40,2.25,2.88,208.00
19.01.2009 06:00:00,979.09,1.52,276.34,-1.70,79.10,6.82,5.39,1.42,3.43,5.51,1239.16,2.42,3.25,205.80
19.01.2009 06:10:00,979.11,1.50,276.32,-1.73,79.00,6.81,5.38,1.43,3.42,5.49,1239.27,2.25,3.25,196.10
19.01.2009 06:20:00,979.05,1.42,276.25,-1.84,78.80,6.77,5.34,1.44,3.40,5.45,1239.55,2.71,3.75,207.30
19.01.2009 06:30:00,978.97,1.42,276.25,-2.07,77.50,6.77,5.25,1.52,3.34,5.36,1239.51,3.47,4.50,207.40
19.01.2009 06:40:00,978.84,1.33,276.17,-2.31,76.60,6.73,5.15,1.57,3.28,5.26,1239.80,3.18,4.75,212.30
19.01.2009 06:50:00,978.70,1.27,276.12,-2.53,75.70,6.70,5.07,1.63,3.23,5.18,1239.94,2.91,5.38,201.40
19.01.2009 07:00:00,978.38,1.22,276.10,-2.63,75.40,6.67,5.03,1.64,3.21,5.14,1239.76,2.23,3.63,197.30
19.01.2009 07:10:00,978.23,1.27,276.16,-2.72,74.60,6.70,5.00,1.70,3.18,5.11,1239.37,1.43,2.38,175.20
19.01.2009 07:20:00,978.12,1.13,276.04,-2.82,74.80,6.63,4.96,1.67,3.16,5.07,1239.86,2.25,3.75,188.80
19.01.2009 07:30:00,977.93,1.14,276.06,-2.90,74.30,6.63,4.93,1.70,3.14,5.04,1239.61,2.88,4.88,205.50
19.01.2009 07:40:00,977.82,1.03,275.96,-2.95,74.60,6.58,4.91,1.67,3.13,5.02,1239.97,2.29,3.25,201.20
19.01.2009 07:50:00,977.75,0.82,275.75,-3.05,75.20,6.48,4.88,1.61,3.11,4.99,1240.84,1.87,2.50,203.60
19.01.2009 08:00:00,977.73,0.84,275.77,-3.04,75.10,6.49,4.88,1.62,3.11,4.99,1240.71,2.02,2.88,205.90
19.01.2009 08:10:00,977.70,0.79,275.72,-3.06,75.30,6.47,4.87,1.60,3.10,4.98,1240.94,1.13,1.63,158.70
19.01.2009 08:20:00,977.58,0.41,275.35,-3.08,77.30,6.29,4.86,1.43,3.10,4.98,1242.51,1.73,2.88,178.10
19.01.2009 08:30:00,977.48,0.24,275.19,-3.09,78.20,6.22,4.86,1.35,3.10,4.97,1243.14,2.74,4.13,190.60
19.01.2009 08:40:00,977.26,0.14,275.11,-3.03,79.10,6.17,4.88,1.29,3.11,5.00,1243.30,2.92,3.75,195.80
19.01.2009 08:50:00,977.10,0.58,275.56,-2.78,78.10,6.37,4.97,1.39,3.17,5.09,1241.08,2.60,3.38,192.40
19.01.2009 09:00:00,976.93,0.91,275.90,-2.63,77.10,6.52,5.03,1.49,3.21,5.15,1239.35,2.27,3.38,178.40
19.01.2009 09:10:00,976.66,0.74,275.76,-2.69,77.70,6.45,5.01,1.44,3.20,5.13,1239.76,1.95,3.00,192.10
19.01.2009 09:20:00,976.38,0.69,275.73,-2.54,78.90,6.42,5.07,1.35,3.23,5.19,1239.62,2.24,3.00,203.80
19.01.2009 09:30:00,976.24,0.72,275.77,-2.60,78.30,6.44,5.04,1.40,3.22,5.16,1239.29,1.89,3.38,188.30
19.01.2009 09:40:00,976.02,0.38,275.45,-2.68,79.80,6.28,5.01,1.27,3.20,5.14,1240.56,3.01,4.00,196.70
19.01.2009 09:50:00,975.83,0.44,275.52,-2.46,80.80,6.31,5.09,1.21,3.25,5.22,1240.04,3.22,4.25,191.20
19.01.2009 10:00:00,975.58,0.75,275.85,-2.24,80.30,6.45,5.18,1.27,3.31,5.31,1238.28,2.95,4.38,181.30
19.01.2009 10:10:00,975.33,1.22,276.34,-2.02,78.90,6.67,5.26,1.41,3.36,5.40,1235.80,3.20,4.50,183.90
19.01.2009 10:20:00,974.98,1.46,276.62,-1.89,78.30,6.79,5.32,1.47,3.40,5.45,1234.24,3.09,4.75,185.00
19.01.2009 10:30:00,974.69,1.73,276.92,-1.73,77.70,6.92,5.38,1.54,3.44,5.52,1232.61,3.08,4.38,184.40
19.01.2009 10:40:00,974.55,1.76,276.96,-1.65,78.00,6.94,5.41,1.53,3.46,5.55,1232.29,2.63,4.00,185.90
19.01.2009 10:50:00,974.42,1.91,277.11,-1.49,78.10,7.01,5.48,1.54,3.50,5.62,1231.44,2.78,4.13,188.60
19.01.2009 11:00:00,974.19,2.12,277.35,-1.42,77.30,7.12,5.50,1.62,3.52,5.65,1230.19,3.47,4.88,177.00
19.01.2009 11:10:00,973.89,2.30,277.56,-1.30,77.00,7.21,5.55,1.66,3.55,5.70,1228.96,4.05,6.13,168.60
19.01.2009 11:20:00,973.58,2.47,277.75,-1.20,76.60,7.30,5.59,1.71,3.58,5.74,1227.80,3.58,5.63,177.10
19.01.2009 11:30:00,973.20,2.57,277.88,-1.12,76.50,7.35,5.63,1.73,3.60,5.78,1226.85,2.88,4.50,177.00
19.01.2009 11:40:00,972.83,2.75,278.09,-1.08,75.80,7.45,5.64,1.80,3.62,5.80,1225.59,3.13,5.25,167.70
19.01.2009 11:50:00,972.57,2.96,278.32,-1.09,74.60,7.56,5.64,1.92,3.61,5.80,1224.35,3.39,5.13,172.70
19.01.2009 12:00:00,972.27,3.12,278.51,-1.06,73.90,7.64,5.65,2.00,3.62,5.81,1223.25,3.42,4.63,177.30
19.01.2009 12:10:00,972.22,3.22,278.61,-1.04,73.50,7.70,5.66,2.04,3.63,5.82,1222.73,3.57,5.25,177.70
19.01.2009 12:20:00,972.12,3.27,278.67,-1.10,72.90,7.73,5.63,2.09,3.61,5.79,1222.39,4.08,6.63,178.40
19.01.2009 12:30:00,971.89,3.34,278.76,-1.15,72.30,7.76,5.61,2.15,3.60,5.78,1221.82,4.41,6.25,176.40
19.01.2009 12:40:00,971.59,3.38,278.83,-1.21,71.80,7.79,5.59,2.20,3.59,5.75,1221.27,4.54,7.00,180.30
19.01.2009 12:50:00,971.34,3.49,278.96,-1.37,70.40,7.85,5.53,2.32,3.55,5.69,1220.50,5.77,9.88,182.20
19.01.2009 13:00:00,971.17,3.65,279.13,-1.49,69.00,7.94,5.48,2.46,3.52,5.64,1219.60,5.85,9.25,185.30
19.01.2009 13:10:00,970.77,3.69,279.20,-1.44,69.07,7.96,5.50,2.46,3.53,5.66,1218.93,5.61,8.63,181.90
19.01.2009 13:20:00,970.39,3.66,279.21,-1.38,69.51,7.94,5.52,2.42,3.55,5.69,1218.55,6.31,9.38,181.90
19.01.2009 13:30:00,970.08,3.60,279.17,-1.36,69.91,7.91,5.53,2.38,3.55,5.70,1218.44,4.72,6.75,173.80
19.01.2009 13:40:00,969.84,3.42,279.01,-1.40,70.60,7.81,5.51,2.30,3.54,5.68,1218.93,4.60,6.63,173.70
19.01.2009 13:50:00,969.66,3.42,279.03,-1.34,70.90,7.81,5.54,2.27,3.56,5.71,1218.68,4.98,7.00,178.90
19.01.2009 14:00:00,969.37,3.62,279.26,-1.22,70.50,7.92,5.59,2.34,3.59,5.76,1217.39,5.24,7.13,178.00
19.01.2009 14:10:00,969.17,3.92,279.58,-0.81,71.10,8.09,5.75,2.34,3.70,5.94,1215.75,6.73,9.88,185.10
19.01.2009 14:20:00,968.94,3.96,279.64,-0.45,72.80,8.12,5.91,2.21,3.80,6.10,1215.21,6.48,10.50,183.40
19.01.2009 14:30:00,968.63,3.58,279.27,-0.15,76.50,7.90,6.04,1.86,3.89,6.24,1216.46,6.24,10.25,177.40
19.01.2009 14:40:00,968.55,3.48,279.18,0.04,78.10,7.84,6.12,1.72,3.94,6.32,1216.75,5.59,8.88,172.70
19.01.2009 14:50:00,968.30,3.50,279.22,0.30,79.50,7.85,6.24,1.61,4.02,6.45,1216.30,7.25,9.63,179.30
19.01.2009 15:00:00,968.07,3.43,279.17,0.32,80.00,7.82,6.25,1.56,4.03,6.46,1216.28,7.34,12.00,175.30
19.01.2009 15:10:00,968.00,3.43,279.18,0.39,80.40,7.82,6.29,1.53,4.05,6.49,1216.17,6.77,10.00,179.50
19.01.2009 15:20:00,967.79,3.46,279.22,0.45,80.60,7.83,6.31,1.52,4.07,6.52,1215.79,7.46,11.13,172.90
19.01.2009 15:30:00,967.76,3.36,279.12,0.44,81.10,7.78,6.31,1.47,4.06,6.52,1216.20,6.36,7.75,177.10
19.01.2009 15:40:00,967.64,3.30,279.07,0.45,81.50,7.74,6.31,1.43,4.07,6.52,1216.29,5.35,7.75,179.40
19.01.2009 15:50:00,967.45,3.31,279.10,0.49,81.70,7.75,6.33,1.42,4.08,6.54,1216.01,5.21,7.75,178.10
19.01.2009 16:00:00,967.32,3.41,279.21,0.64,82.00,7.80,6.40,1.40,4.12,6.62,1215.37,5.41,9.63,185.40
19.01.2009 16:10:00,967.14,3.58,279.39,0.68,81.30,7.90,6.42,1.48,4.14,6.64,1214.40,6.18,9.13,179.60
19.01.2009 16:20:00,967.10,3.63,279.45,0.69,81.00,7.93,6.42,1.51,4.14,6.64,1214.10,6.91,9.75,187.70
19.01.2009 16:30:00,967.14,3.64,279.46,0.70,81.00,7.93,6.42,1.51,4.14,6.64,1214.13,7.14,10.63,187.60
19.01.2009 16:40:00,967.15,3.66,279.48,0.75,81.20,7.94,6.45,1.49,4.16,6.67,1214.02,7.08,11.38,190.90
19.01.2009 16:50:00,966.82,3.64,279.49,0.77,81.40,7.94,6.46,1.48,4.17,6.68,1213.68,6.29,8.50,190.00
19.01.2009 17:00:00,966.65,3.59,279.44,0.78,81.80,7.90,6.46,1.44,4.17,6.69,1213.72,6.79,9.75,186.90
19.01.2009 17:10:00,966.49,3.63,279.50,0.79,81.60,7.93,6.47,1.46,4.17,6.69,1213.33,7.03,11.38,184.00
19.01.2009 17:20:00,966.34,3.62,279.50,0.76,81.50,7.92,6.46,1.47,4.17,6.68,1213.19,7.98,10.63,186.20
19.01.2009 17:30:00,966.44,3.57,279.44,0.81,82.10,7.89,6.48,1.41,4.18,6.70,1213.53,7.20,10.38,186.70
19.01.2009 17:40:00,966.58,3.57,279.43,0.88,82.50,7.89,6.51,1.38,4.20,6.74,1213.69,6.23,8.38,186.20
19.01.2009 17:50:00,966.61,3.62,279.48,0.95,82.60,7.92,6.54,1.38,4.22,6.77,1213.49,5.80,8.25,184.50
19.01.2009 18:00:00,966.55,3.63,279.50,1.08,83.30,7.93,6.61,1.32,4.26,6.83,1213.31,6.18,8.63,185.90
19.01.2009 18:10:00,966.60,3.63,279.50,1.19,84.00,7.93,6.66,1.27,4.30,6.89,1213.35,6.25,9.00,188.50
19.01.2009 18:20:00,966.51,3.67,279.54,1.29,84.40,7.95,6.71,1.24,4.33,6.94,1213.07,5.85,9.13,185.10
19.01.2009 18:30:00,966.51,3.70,279.57,1.34,84.50,7.97,6.73,1.23,4.34,6.96,1212.91,6.04,7.75,189.70
19.01.2009 18:40:00,966.53,3.78,279.65,1.45,84.70,8.01,6.79,1.23,4.38,7.02,1212.57,5.99,10.38,184.40
19.01.2009 18:50:00,966.54,3.89,279.76,1.50,84.30,8.07,6.81,1.27,4.39,7.04,1212.08,5.36,7.38,189.10
19.01.2009 19:00:00,966.66,3.90,279.76,1.51,84.30,8.08,6.81,1.27,4.39,7.05,1212.19,5.29,7.25,194.10
19.01.2009 19:10:00,966.76,3.90,279.75,1.52,84.40,8.08,6.82,1.26,4.40,7.05,1212.33,4.86,6.50,185.40
19.01.2009 19:20:00,966.81,3.82,279.67,1.48,84.60,8.03,6.80,1.24,4.38,7.03,1212.74,4.08,6.00,194.20
19.01.2009 19:30:00,966.89,3.77,279.61,1.50,85.00,8.01,6.81,1.20,4.39,7.04,1213.03,3.18,5.25,180.10
19.01.2009 19:40:00,966.81,3.84,279.68,1.56,85.00,8.04,6.84,1.21,4.41,7.07,1212.65,2.84,4.50,178.50
19.01.2009 19:50:00,966.64,3.87,279.73,1.55,84.80,8.06,6.84,1.23,4.41,7.07,1212.30,3.20,4.88,182.00
19.01.2009 20:00:00,966.45,3.70,279.57,1.47,85.30,7.96,6.79,1.17,4.38,7.03,1212.83,3.36,4.88,182.10
19.01.2009 20:10:00,966.19,3.53,279.43,1.45,86.20,7.87,6.79,1.09,4.38,7.02,1213.23,2.48,4.25,182.50
19.01.2009 20:20:00,966.36,3.50,279.38,1.49,86.60,7.86,6.80,1.05,4.39,7.04,1213.56,2.37,4.25,189.20
19.01.2009 20:30:00,966.52,3.57,279.44,1.54,86.50,7.89,6.83,1.07,4.40,7.06,1213.47,2.52,3.63,168.90
19.01.2009 20:40:00,966.53,3.63,279.49,1.59,86.50,7.92,6.85,1.07,4.42,7.09,1213.21,2.00,3.13,166.30
19.01.2009 20:50:00,966.48,3.76,279.63,1.72,86.50,8.00,6.92,1.08,4.47,7.16,1212.53,3.26,5.50,173.10
19.01.2009 21:00:00,966.52,4.01,279.89,1.94,86.30,8.14,7.03,1.12,4.54,7.27,1211.42,3.84,7.00,169.80
19.01.2009 21:10:00,966.48,4.17,280.04,1.98,85.60,8.23,7.05,1.19,4.55,7.29,1210.69,3.05,4.63,172.10
19.01.2009 21:20:00,966.49,4.11,279.99,1.94,85.70,8.20,7.03,1.17,4.54,7.27,1210.96,3.16,4.38,168.80
19.01.2009 21:30:00,966.54,4.04,279.91,1.96,86.30,8.16,7.04,1.12,4.54,7.28,1211.34,2.99,4.38,159.80
19.01.2009 21:40:00,966.67,4.11,279.97,2.04,86.30,8.20,7.08,1.12,4.57,7.32,1211.14,2.36,4.25,174.10
19.01.2009 21:50:00,966.71,4.27,280.13,2.11,85.80,8.29,7.12,1.18,4.59,7.36,1210.49,2.49,3.88,146.40
19.01.2009 22:00:00,966.56,4.27,280.14,2.11,85.80,8.29,7.12,1.18,4.59,7.36,1210.30,1.88,3.38,132.80
19.01.2009 22:10:00,966.53,4.18,280.06,2.14,86.50,8.24,7.13,1.11,4.60,7.38,1210.64,1.66,3.38,114.10
19.01.2009 22:20:00,966.53,4.12,279.99,2.17,87.10,8.20,7.15,1.06,4.61,7.39,1210.92,1.51,2.75,126.50
19.01.2009 22:30:00,966.64,4.04,279.91,2.15,87.40,8.16,7.13,1.03,4.60,7.38,1211.39,1.62,2.88,134.50
19.01.2009 22:40:00,966.52,4.02,279.89,2.11,87.30,8.15,7.11,1.03,4.59,7.36,1211.34,1.43,2.50,140.70
19.01.2009 22:50:00,966.56,3.92,279.78,2.04,87.50,8.09,7.08,1.01,4.57,7.32,1211.87,0.91,1.88,143.80
19.01.2009 23:00:00,966.36,3.90,279.79,2.09,87.90,8.08,7.10,0.98,4.58,7.35,1211.67,1.21,2.63,155.20
19.01.2009 23:10:00,966.33,3.88,279.76,2.09,88.10,8.07,7.11,0.96,4.59,7.35,1211.74,0.86,2.50,198.30
19.01.2009 23:20:00,966.22,3.88,279.78,2.18,88.60,8.07,7.15,0.92,4.62,7.40,1211.55,1.15,3.38,147.00
19.01.2009 23:30:00,965.95,4.17,280.09,2.37,88.00,8.23,7.25,0.99,4.68,7.50,1209.92,2.14,3.13,151.00
19.01.2009 23:40:00,966.04,4.13,280.04,2.21,87.30,8.21,7.17,1.04,4.63,7.42,1210.26,1.89,2.88,163.30
19.01.2009 23:50:00,965.94,3.99,279.91,2.14,87.70,8.13,7.13,1.00,4.60,7.38,1210.74,0.96,2.00,175.30
20.01.2009 00:00:00,966.01,4.08,280.00,2.33,88.30,8.19,7.23,0.96,4.67,7.48,1210.37,1.24,2.50,28.72
20.01.2009 00:10:00,965.89,4.36,280.28,2.42,87.20,8.34,7.28,1.07,4.70,7.53,1209.02,0.89,2.00,48.54
20.01.2009 00:20:00,965.75,4.29,280.23,2.20,86.20,8.31,7.16,1.15,4.62,7.41,1209.16,0.97,1.50,222.20
20.01.2009 00:30:00,965.61,4.17,280.12,2.21,87.00,8.23,7.16,1.07,4.63,7.42,1209.54,1.90,3.00,218.30
20.01.2009 00:40:00,965.50,4.24,280.20,2.27,86.90,8.28,7.19,1.08,4.65,7.45,1209.05,2.38,3.25,210.20
20.01.2009 00:50:00,965.50,4.35,280.31,2.30,86.50,8.34,7.21,1.13,4.66,7.47,1208.58,1.62,2.75,213.30
20.01.2009 01:00:00,965.40,4.47,280.44,2.34,86.00,8.41,7.23,1.18,4.67,7.49,1207.92,1.95,2.75,202.20
20.01.2009 01:10:00,965.33,4.48,280.46,2.22,85.20,8.42,7.17,1.25,4.63,7.43,1207.80,2.28,3.88,200.30
20.01.2009 01:20:00,965.27,4.34,280.31,2.14,85.60,8.33,7.13,1.20,4.61,7.39,1208.39,1.13,1.75,211.20
20.01.2009 01:30:00,965.71,4.51,280.45,2.31,85.60,8.43,7.22,1.21,4.66,7.47,1208.16,1.69,2.38,211.00
20.01.2009 01:40:00,965.68,4.77,280.72,2.39,84.50,8.59,7.26,1.33,4.69,7.52,1206.96,0.90,1.50,186.50
20.01.2009 01:50:00,965.52,4.93,280.89,2.38,83.50,8.68,7.25,1.43,4.68,7.51,1206.08,0.85,1.50,155.80
20.01.2009 02:00:00,965.56,5.07,281.03,2.38,82.70,8.77,7.25,1.52,4.69,7.51,1205.51,1.04,2.25,178.70
20.01.2009 02:10:00,965.66,5.56,281.52,2.51,80.70,9.07,7.32,1.75,4.73,7.58,1203.50,1.73,2.63,189.10
20.01.2009 02:20:00,965.78,5.96,281.92,2.50,78.40,9.33,7.32,2.02,4.73,7.58,1201.90,2.65,3.75,207.50
20.01.2009 02:30:00,965.78,6.33,282.28,2.51,76.50,9.57,7.32,2.25,4.73,7.58,1200.33,4.56,6.38,214.00
20.01.2009 02:40:00,965.92,6.47,282.42,2.45,75.40,9.67,7.29,2.38,4.71,7.55,1199.91,4.82,6.88,213.80
20.01.2009 02:50:00,966.17,6.58,282.51,2.41,74.60,9.74,7.27,2.47,4.69,7.52,1199.74,5.16,7.50,209.10
20.01.2009 03:00:00,965.99,6.68,282.63,2.39,74.00,9.81,7.26,2.55,4.69,7.52,1199.09,5.69,10.63,206.50
20.01.2009 03:10:00,965.95,6.80,282.75,2.40,73.40,9.89,7.26,2.63,4.69,7.52,1198.52,6.44,8.50,210.00
20.01.2009 03:20:00,965.90,6.67,282.62,2.35,73.80,9.80,7.24,2.57,4.67,7.49,1199.03,5.28,8.13,212.80
20.01.2009 03:30:00,965.82,6.49,282.44,2.30,74.50,9.68,7.21,2.47,4.66,7.47,1199.74,4.53,7.38,216.40
20.01.2009 03:40:00,965.94,6.34,282.28,2.23,74.90,9.58,7.17,2.40,4.63,7.43,1200.55,5.32,8.63,212.60
20.01.2009 03:50:00,966.08,6.30,282.23,2.21,75.00,9.56,7.17,2.39,4.63,7.42,1200.88,6.71,9.88,209.60
20.01.2009 04:00:00,966.18,6.24,282.16,2.14,74.90,9.52,7.13,2.39,4.60,7.38,1201.29,5.69,9.00,210.30
20.01.2009 04:10:00,966.29,6.13,282.04,2.06,75.10,9.44,7.09,2.35,4.58,7.34,1201.92,5.22,7.63,210.30
20.01.2009 04:20:00,966.36,6.10,282.01,1.98,74.80,9.43,7.05,2.38,4.55,7.30,1202.14,6.00,9.00,211.90
20.01.2009 04:30:00,966.66,6.06,281.94,1.98,75.00,9.40,7.05,2.35,4.55,7.29,1202.69,6.63,8.63,212.80
20.01.2009 04:40:00,966.91,6.02,281.88,1.88,74.70,9.37,7.00,2.37,4.52,7.24,1203.22,5.54,9.75,212.90
20.01.2009 04:50:00,967.10,5.95,281.79,1.76,74.40,9.33,6.94,2.39,4.47,7.17,1203.78,4.13,6.25,210.90
20.01.2009 05:00:00,967.17,5.94,281.78,1.56,73.40,9.32,6.84,2.48,4.41,7.07,1203.95,5.48,7.63,209.90
20.01.2009 05:10:00,967.36,5.95,281.77,1.40,72.50,9.32,6.76,2.56,4.36,6.99,1204.19,5.28,8.25,213.30
20.01.2009 05:20:00,967.64,5.84,281.64,1.24,72.20,9.25,6.68,2.57,4.31,6.90,1205.05,5.17,8.50,212.00
20.01.2009 05:30:00,967.85,5.72,281.50,1.11,72.10,9.18,6.62,2.56,4.26,6.84,1205.85,3.55,6.38,219.40
20.01.2009 05:40:00,967.88,5.59,281.36,0.99,72.20,9.09,6.56,2.53,4.23,6.78,1206.50,3.21,6.38,230.30
20.01.2009 05:50:00,968.10,5.47,281.23,0.92,72.40,9.02,6.53,2.49,4.21,6.75,1207.28,3.58,5.50,239.20
20.01.2009 06:00:00,968.16,5.33,281.08,0.92,73.10,8.93,6.53,2.40,4.21,6.74,1207.98,2.95,5.00,224.70
20.01.2009 06:10:00,968.12,5.26,281.01,0.94,73.60,8.89,6.54,2.35,4.21,6.76,1208.25,3.72,5.38,232.80
20.01.2009 06:20:00,968.22,5.07,280.81,0.90,74.30,8.77,6.52,2.25,4.20,6.73,1209.17,4.12,5.63,221.00
20.01.2009 06:30:00,968.00,4.89,280.65,0.79,74.70,8.66,6.47,2.19,4.17,6.68,1209.71,2.80,4.13,218.20
20.01.2009 06:40:00,967.99,4.72,280.48,0.74,75.30,8.56,6.45,2.11,4.15,6.66,1210.45,2.52,3.25,217.10
20.01.2009 06:50:00,968.20,4.71,280.45,0.69,75.10,8.55,6.42,2.13,4.14,6.63,1210.79,2.39,3.13,208.00
20.01.2009 07:00:00,968.32,4.74,280.47,0.68,74.90,8.57,6.42,2.15,4.13,6.63,1210.82,1.86,2.63,205.90
20.01.2009 07:10:00,968.49,4.73,280.44,0.65,74.80,8.56,6.41,2.16,4.12,6.61,1211.07,1.08,2.00,199.90
20.01.2009 07:20:00,968.85,4.66,280.34,0.66,75.20,8.52,6.41,2.11,4.12,6.61,1211.83,1.24,2.00,220.80
20.01.2009 07:30:00,969.03,4.70,280.37,0.68,75.10,8.55,6.42,2.13,4.13,6.62,1211.85,1.62,2.38,213.80
20.01.2009 07:40:00,969.10,4.70,280.37,0.67,75.00,8.55,6.41,2.14,4.13,6.62,1211.94,1.99,2.50,210.40
20.01.2009 07:50:00,969.19,4.65,280.31,0.63,75.10,8.52,6.40,2.12,4.12,6.60,1212.29,1.41,2.00,212.60
20.01.2009 08:00:00,969.30,4.64,280.29,0.62,75.10,8.51,6.39,2.12,4.11,6.59,1212.48,1.28,1.88,231.30
20.01.2009 08:10:00,969.08,4.62,280.29,0.64,75.30,8.50,6.40,2.10,4.12,6.60,1212.28,0.95,2.25,190.30
20.01.2009 08:20:00,969.06,4.37,280.03,0.56,76.20,8.35,6.36,1.99,4.09,6.56,1213.39,2.29,3.50,194.50
20.01.2009 08:30:00,969.40,3.96,279.60,0.53,78.20,8.12,6.35,1.77,4.08,6.55,1215.58,4.01,5.00,197.50
20.01.2009 08:40:00,969.83,3.90,279.50,0.59,78.90,8.08,6.38,1.70,4.10,6.57,1216.38,3.27,5.00,194.10
20.01.2009 08:50:00,970.16,3.84,279.41,0.62,79.40,8.05,6.39,1.66,4.11,6.59,1217.05,2.63,3.88,184.20
20.01.2009 09:00:00,970.14,3.75,279.32,0.63,80.00,7.99,6.39,1.60,4.11,6.59,1217.44,1.90,2.63,183.40
20.01.2009 09:10:00,970.27,3.67,279.23,0.56,80.00,7.95,6.36,1.59,4.09,6.55,1217.95,2.23,3.25,184.40
20.01.2009 09:20:00,970.31,3.61,279.17,0.45,79.70,7.92,6.31,1.61,4.05,6.50,1218.28,2.60,3.63,187.00
20.01.2009 09:30:00,970.48,3.59,279.13,0.30,79.00,7.90,6.24,1.66,4.01,6.43,1218.64,3.04,4.38,199.60
20.01.2009 09:40:00,970.42,3.70,279.25,0.22,77.90,7.97,6.21,1.76,3.99,6.39,1218.09,2.79,3.38,208.70
20.01.2009 09:50:00,970.30,4.00,279.56,0.15,75.90,8.14,6.17,1.96,3.97,6.36,1216.64,2.29,3.13,211.00
20.01.2009 10:00:00,970.10,4.13,279.71,0.12,75.00,8.21,6.16,2.05,3.96,6.35,1215.81,2.31,2.88,204.30
20.01.2009 10:10:00,970.42,4.01,279.56,0.09,75.50,8.14,6.15,2.00,3.95,6.34,1216.74,2.34,3.13,210.60
20.01.2009 10:20:00,971.23,3.77,279.25,0.13,77.00,8.01,6.17,1.84,3.96,6.35,1218.81,1.23,2.13,202.20
20.01.2009 10:30:00,971.79,3.92,279.35,0.32,77.30,8.09,6.25,1.84,4.01,6.43,1218.83,1.30,2.88,184.10
20.01.2009 10:40:00,971.80,4.09,279.52,0.42,76.90,8.19,6.30,1.89,4.04,6.48,1218.08,1.50,2.63,181.80
20.01.2009 10:50:00,971.60,4.08,279.53,0.46,77.20,8.18,6.32,1.87,4.05,6.50,1217.84,1.98,2.63,186.10
20.01.2009 11:00:00,971.72,3.94,279.38,0.43,77.80,8.10,6.30,1.80,4.04,6.49,1218.64,1.93,2.88,192.10
20.01.2009 11:10:00,971.79,4.05,279.49,0.52,77.70,8.17,6.35,1.82,4.07,6.53,1218.20,0.61,1.13,130.20
20.01.2009 11:20:00,971.93,3.94,279.37,0.59,78.70,8.10,6.38,1.73,4.09,6.56,1218.84,1.24,1.88,350.60
20.01.2009 11:30:00,972.08,3.86,279.27,0.62,79.30,8.06,6.39,1.67,4.10,6.57,1219.37,1.27,2.75,162.00
20.01.2009 11:40:00,971.85,3.86,279.29,0.57,79.00,8.06,6.37,1.69,4.08,6.55,1219.09,1.83,3.13,215.20
20.01.2009 11:50:00,972.07,3.88,279.30,0.52,78.60,8.07,6.34,1.73,4.07,6.53,1219.29,0.62,1.63,247.70
20.01.2009 12:00:00,972.14,4.25,279.66,0.37,75.80,8.28,6.28,2.00,4.02,6.46,1217.82,1.14,2.75,298.50
20.01.2009 12:10:00,971.81,4.49,279.93,0.20,73.60,8.42,6.20,2.22,3.98,6.38,1216.38,1.95,3.13,232.80
20.01.2009 12:20:00,971.59,4.35,279.80,0.29,74.80,8.34,6.24,2.10,4.00,6.42,1216.69,0.96,1.88,229.90
20.01.2009 12:30:00,971.51,4.35,279.81,0.18,74.20,8.34,6.19,2.15,3.97,6.37,1216.62,1.84,2.75,237.50
20.01.2009 12:40:00,971.83,4.40,279.84,0.25,74.30,8.37,6.22,2.15,3.99,6.40,1216.76,0.85,1.63,175.20
20.01.2009 12:50:00,971.62,4.62,280.08,0.28,73.30,8.50,6.23,2.27,4.00,6.41,1215.53,0.92,1.63,208.00
20.01.2009 13:00:00,971.77,4.50,279.95,0.18,73.40,8.43,6.19,2.24,3.97,6.37,1216.26,1.54,2.00,214.30
20.01.2009 13:10:00,972.16,4.33,279.74,0.21,74.50,8.33,6.20,2.12,3.98,6.38,1217.52,2.05,3.00,224.90
20.01.2009 13:20:00,972.51,4.27,279.65,0.23,74.90,8.29,6.21,2.08,3.98,6.39,1218.20,2.17,3.13,218.80
20.01.2009 13:30:00,972.64,4.23,279.60,0.20,74.90,8.27,6.20,2.08,3.97,6.37,1218.53,2.25,3.50,212.90
20.01.2009 13:40:00,972.54,4.29,279.67,0.22,74.70,8.31,6.21,2.10,3.98,6.38,1218.14,1.12,1.88,229.50
20.01.2009 13:50:00,972.50,4.38,279.76,0.21,74.20,8.36,6.20,2.16,3.98,6.38,1217.70,1.02,2.25,251.20
20.01.2009 14:00:00,972.63,4.52,279.89,0.22,73.50,8.44,6.20,2.24,3.98,6.38,1217.25,0.67,1.38,225.80
20.01.2009 14:10:00,972.67,4.52,279.89,0.17,73.30,8.44,6.18,2.25,3.96,6.36,1217.34,1.84,2.88,208.10
20.01.2009 14:20:00,972.82,4.32,279.68,0.11,74.00,8.32,6.16,2.16,3.95,6.33,1218.40,1.44,2.63,204.40
20.01.2009 14:30:00,972.91,4.26,279.61,-0.04,73.50,8.29,6.09,2.20,3.90,6.26,1218.82,2.08,2.63,207.70
20.01.2009 14:40:00,972.95,4.22,279.56,-0.12,73.30,8.26,6.06,2.21,3.88,6.22,1219.07,1.55,2.50,223.80
20.01.2009 14:50:00,973.11,4.21,279.54,-0.18,73.00,8.26,6.03,2.23,3.86,6.20,1219.29,1.23,2.13,212.80
20.01.2009 15:00:00,973.14,4.23,279.55,-0.26,72.50,8.27,5.99,2.27,3.84,6.16,1219.29,1.40,2.00,220.20
20.01.2009 15:10:00,973.03,4.17,279.50,-0.33,72.40,8.23,5.96,2.27,3.82,6.13,1219.43,0.89,1.50,229.20
20.01.2009 15:20:00,973.18,4.17,279.49,-0.48,71.60,8.23,5.90,2.34,3.78,6.06,1219.65,0.93,1.50,217.20
20.01.2009 15:30:00,973.38,4.13,279.44,-0.46,71.90,8.21,5.91,2.31,3.78,6.07,1220.05,1.43,1.75,207.40
20.01.2009 15:40:00,973.66,3.96,279.24,-0.27,73.80,8.11,5.99,2.13,3.83,6.15,1221.13,1.73,2.50,194.10
20.01.2009 15:50:00,973.77,3.70,278.97,-0.52,73.80,7.96,5.88,2.09,3.76,6.04,1222.47,2.52,3.13,202.40
20.01.2009 16:00:00,973.86,3.57,278.83,-0.67,73.70,7.89,5.82,2.08,3.72,5.97,1223.19,2.37,2.75,205.40
20.01.2009 16:10:00,973.81,3.50,278.77,-0.79,73.40,7.85,5.77,2.09,3.69,5.92,1223.44,2.02,2.50,207.10
20.01.2009 16:20:00,974.01,3.49,278.74,-0.78,73.50,7.85,5.77,2.08,3.69,5.92,1223.76,1.59,2.00,208.30
20.01.2009 16:30:00,973.95,3.35,278.60,-0.90,73.60,7.77,5.72,2.05,3.66,5.87,1224.32,1.95,2.38,211.10
20.01.2009 16:40:00,973.89,3.17,278.42,-0.96,74.20,7.67,5.69,1.98,3.64,5.84,1225.06,1.19,2.13,226.50
20.01.2009 16:50:00,973.89,3.01,278.26,-1.06,74.50,7.58,5.65,1.93,3.62,5.80,1225.79,1.87,3.25,235.20
20.01.2009 17:00:00,973.99,2.90,278.14,-1.15,74.60,7.52,5.61,1.91,3.59,5.76,1226.42,1.42,2.25,212.20
20.01.2009 17:10:00,974.08,2.70,277.94,-1.27,75.00,7.42,5.57,1.86,3.56,5.71,1227.42,1.29,1.88,212.00
20.01.2009 17:20:00,974.18,2.47,277.70,-1.36,75.70,7.30,5.53,1.77,3.54,5.67,1228.58,1.37,1.88,219.60
20.01.2009 17:30:00,974.16,2.47,277.70,-1.44,75.30,7.30,5.50,1.80,3.52,5.64,1228.60,2.16,2.63,218.40
20.01.2009 17:40:00,974.23,2.32,277.54,-1.53,75.60,7.22,5.46,1.76,3.49,5.60,1229.38,1.40,2.38,219.80
20.01.2009 17:50:00,974.36,1.91,277.12,-1.64,77.20,7.01,5.41,1.60,3.46,5.56,1231.38,0.49,1.00,178.20
20.01.2009 18:00:00,974.51,1.57,276.76,-1.73,78.60,6.84,5.38,1.46,3.44,5.52,1233.13,0.69,1.38,200.50
20.01.2009 18:10:00,974.64,1.40,276.58,-1.74,79.50,6.76,5.37,1.39,3.44,5.51,1234.06,1.99,2.50,225.30
20.01.2009 18:20:00,974.63,1.39,276.58,-1.67,80.00,6.76,5.40,1.35,3.46,5.55,1234.06,1.73,2.25,220.30
20.01.2009 18:30:00,974.74,1.38,276.55,-1.78,79.40,6.75,5.36,1.39,3.43,5.50,1234.28,1.18,2.13,201.80
20.01.2009 18:40:00,974.73,1.37,276.54,-1.71,79.90,6.74,5.39,1.36,3.45,5.53,1234.31,2.11,3.00,211.70
20.01.2009 18:50:00,974.99,1.07,276.23,-1.94,80.20,6.60,5.30,1.31,3.39,5.43,1235.99,1.12,2.25,187.70
20.01.2009 19:00:00,975.08,0.68,275.83,-1.97,82.30,6.42,5.28,1.14,3.38,5.42,1237.88,1.07,2.13,207.40
20.01.2009 19:10:00,975.12,0.39,275.52,-2.04,83.70,6.28,5.26,1.02,3.36,5.39,1239.28,1.84,2.50,202.80
20.01.2009 19:20:00,975.12,0.12,275.26,-2.10,84.90,6.16,5.23,0.93,3.34,5.37,1240.49,1.66,2.75,218.50
20.01.2009 19:30:00,975.12,0.03,275.17,-2.11,85.40,6.12,5.23,0.89,3.34,5.36,1240.91,1.04,2.25,205.70
20.01.2009 19:40:00,975.25,-0.20,274.92,-2.26,85.90,6.02,5.17,0.85,3.30,5.30,1242.17,0.90,1.88,199.20
20.01.2009 19:50:00,975.36,-0.32,274.79,-2.23,86.90,5.97,5.18,0.78,3.31,5.32,1242.84,1.25,1.88,201.70
20.01.2009 20:00:00,975.50,-0.45,274.65,-2.29,87.30,5.91,5.16,0.75,3.30,5.29,1243.60,1.62,2.38,205.60
20.01.2009 20:10:00,975.68,-0.46,274.63,-2.18,88.10,5.91,5.20,0.70,3.32,5.33,1243.87,2.27,3.25,211.40
20.01.2009 20:20:00,975.74,-0.60,274.48,-2.33,88.00,5.84,5.14,0.70,3.29,5.27,1244.62,1.69,2.50,201.00
20.01.2009 20:30:00,975.82,-0.86,274.22,-2.43,89.00,5.74,5.11,0.63,3.26,5.23,1245.90,1.33,2.00,209.00
20.01.2009 20:40:00,975.86,-0.92,274.15,-2.35,90.00,5.71,5.14,0.57,3.28,5.27,1246.24,0.67,1.25,232.30
20.01.2009 20:50:00,975.94,-0.91,274.15,-2.22,90.80,5.71,5.19,0.53,3.31,5.32,1246.27,1.04,1.63,229.80
20.01.2009 21:00:00,976.05,-0.83,274.22,-2.11,91.00,5.75,5.23,0.52,3.34,5.36,1246.03,0.72,1.25,223.80
20.01.2009 21:10:00,976.22,-0.85,274.20,-2.14,90.90,5.74,5.22,0.52,3.33,5.35,1246.31,0.85,1.50,192.10
20.01.2009 21:20:00,976.38,-1.07,273.96,-2.40,90.60,5.65,5.12,0.53,3.27,5.24,1247.58,1.04,1.63,202.80
20.01.2009 21:30:00,976.55,-1.36,273.65,-2.68,90.70,5.53,5.01,0.51,3.20,5.13,1249.20,1.15,1.75,199.90
20.01.2009 21:40:00,976.48,-1.61,273.41,-2.82,91.40,5.43,4.96,0.47,3.17,5.08,1250.27,0.33,0.88,187.10
20.01.2009 21:50:00,976.47,-1.54,273.47,-2.68,91.90,5.45,5.01,0.44,3.20,5.13,1249.93,0.13,0.88,170.40
20.01.2009 22:00:00,976.58,-1.71,273.30,-2.87,91.70,5.39,4.94,0.45,3.15,5.06,1250.87,0.15,0.50,65.09
20.01.2009 22:10:00,976.71,-1.92,273.08,-3.02,92.10,5.31,4.89,0.42,3.12,5.00,1252.02,0.18,0.75,163.60
20.01.2009 22:20:00,976.83,-2.13,272.85,-3.18,92.50,5.22,4.83,0.39,3.08,4.94,1253.20,0.57,1.13,217.40
20.01.2009 22:30:00,976.73,-2.28,272.71,-3.24,93.10,5.16,4.81,0.36,3.07,4.92,1253.77,0.59,1.50,214.00
20.01.2009 22:40:00,976.88,-2.54,272.44,-3.47,93.30,5.06,4.72,0.34,3.01,4.84,1255.21,1.13,1.63,211.10
20.01.2009 22:50:00,977.08,-2.67,272.29,-3.48,94.10,5.02,4.72,0.30,3.01,4.83,1256.05,1.07,1.75,206.50
20.01.2009 23:00:00,977.13,-2.66,272.29,-3.43,94.40,5.02,4.74,0.28,3.02,4.85,1256.09,0.91,1.13,202.50
20.01.2009 23:10:00,977.21,-2.77,272.18,-3.51,94.60,4.98,4.71,0.27,3.00,4.82,1256.72,1.28,1.75,204.80
20.01.2009 23:20:00,977.20,-2.69,272.26,-3.38,95.00,5.01,4.76,0.25,3.03,4.87,1256.31,0.70,1.63,220.80
20.01.2009 23:30:00,977.15,-2.57,272.38,-3.23,95.20,5.05,4.81,0.24,3.07,4.92,1255.66,0.47,1.00,187.50
20.01.2009 23:40:00,977.27,-2.55,272.40,-3.20,95.20,5.06,4.82,0.24,3.07,4.93,1255.70,0.85,1.75,207.10
20.01.2009 23:50:00,977.35,-2.82,272.12,-3.50,95.00,4.96,4.71,0.25,3.00,4.82,1257.12,1.58,2.00,190.30
21.01.2009 00:00:00,977.43,-2.96,271.97,-3.61,95.30,4.91,4.68,0.23,2.98,4.78,1257.91,1.27,2.25,177.90
21.01.2009 00:10:00,977.48,-3.06,271.87,-3.68,95.40,4.87,4.65,0.22,2.96,4.76,1258.41,0.54,1.88,143.20
21.01.2009 00:20:00,977.44,-3.09,271.84,-3.68,95.60,4.86,4.65,0.21,2.96,4.76,1258.50,0.42,1.00,34.89
21.01.2009 00:30:00,977.49,-2.93,271.99,-3.48,96.00,4.92,4.72,0.20,3.01,4.83,1257.81,0.38,0.75,154.00
21.01.2009 00:40:00,977.51,-3.00,271.92,-3.58,95.80,4.89,4.69,0.21,2.99,4.79,1258.20,0.26,0.63,174.20
21.01.2009 00:50:00,977.62,-2.90,272.01,-3.42,96.20,4.93,4.74,0.19,3.02,4.85,1257.84,0.48,0.75,147.50
21.01.2009 01:00:00,977.65,-2.91,272.00,-3.45,96.00,4.93,4.73,0.20,3.01,4.84,1257.92,0.90,1.50,208.10
21.01.2009 01:10:00,977.65,-2.90,272.01,-3.43,96.10,4.93,4.74,0.19,3.02,4.85,1257.87,0.81,1.13,180.80
21.01.2009 01:20:00,977.64,-2.96,271.95,-3.51,96.00,4.91,4.71,0.20,3.00,4.82,1258.17,0.35,1.38,157.90
21.01.2009 01:30:00,977.64,-2.94,271.98,-3.47,96.10,4.92,4.73,0.19,3.01,4.83,1258.02,0.42,1.13,200.50
21.01.2009 01:40:00,977.67,-2.98,271.93,-3.52,96.00,4.90,4.71,0.20,3.00,4.81,1258.27,0.31,0.50,197.50
21.01.2009 01:50:00,977.72,-3.05,271.86,-3.58,96.10,4.88,4.69,0.19,2.99,4.79,1258.67,0.38,0.75,201.90
21.01.2009 02:00:00,977.75,-3.13,271.78,-3.66,96.10,4.85,4.66,0.19,2.97,4.76,1259.09,0.87,1.38,180.30
21.01.2009 02:10:00,977.77,-3.11,271.79,-3.62,96.20,4.85,4.67,0.18,2.98,4.78,1259.03,1.57,2.50,155.30
21.01.2009 02:20:00,977.81,-3.21,271.69,-3.72,96.20,4.82,4.63,0.18,2.95,4.74,1259.56,1.49,2.63,161.20
21.01.2009 02:30:00,977.87,-3.30,271.59,-3.80,96.30,4.79,4.61,0.18,2.94,4.71,1260.07,1.87,2.75,134.50
21.01.2009 02:40:00,978.00,-3.37,271.51,-3.84,96.50,4.76,4.59,0.17,2.93,4.70,1260.59,1.41,2.38,143.50
21.01.2009 02:50:00,978.09,-3.31,271.57,-3.76,96.70,4.78,4.62,0.16,2.95,4.73,1260.40,1.04,2.38,111.20
21.01.2009 03:00:00,978.06,-3.19,271.69,-3.60,96.90,4.83,4.68,0.15,2.98,4.78,1259.75,0.98,1.88,46.71
21.01.2009 03:10:00,978.22,-3.00,271.86,-3.42,96.90,4.89,4.74,0.15,3.02,4.85,1259.08,0.59,1.25,145.50
21.01.2009 03:20:00,978.25,-3.03,271.84,-3.46,96.80,4.88,4.73,0.16,3.01,4.83,1259.23,0.40,0.88,213.80
21.01.2009 03:30:00,978.22,-2.89,271.98,-3.30,97.00,4.93,4.79,0.15,3.05,4.89,1258.54,0.22,0.88,342.90
21.01.2009 03:40:00,978.25,-2.71,272.15,-3.12,97.00,5.00,4.85,0.15,3.09,4.96,1257.72,0.30,1.13,211.90
21.01.2009 03:50:00,978.16,-2.59,272.28,-3.00,97.00,5.04,4.89,0.15,3.12,5.00,1257.03,1.05,1.38,213.60
21.01.2009 04:00:00,978.25,-2.43,272.44,-2.85,96.90,5.11,4.95,0.16,3.15,5.06,1256.36,1.27,1.63,206.20
21.01.2009 04:10:00,978.25,-2.37,272.50,-2.82,96.70,5.13,4.96,0.17,3.16,5.07,1256.05,0.75,1.50,205.60
21.01.2009 04:20:00,978.19,-2.30,272.57,-2.77,96.60,5.16,4.98,0.18,3.17,5.09,1255.66,0.14,0.50,141.70
21.01.2009 04:30:00,978.10,-2.40,272.48,-2.93,96.10,5.12,4.92,0.20,3.13,5.03,1256.04,0.57,1.00,200.60
21.01.2009 04:40:00,978.12,-2.57,272.31,-3.11,96.00,5.05,4.85,0.20,3.09,4.96,1256.86,0.72,1.38,205.00
21.01.2009 04:50:00,978.19,-2.75,272.12,-3.31,95.90,4.99,4.78,0.20,3.05,4.89,1257.83,0.80,1.25,206.70
21.01.2009 05:00:00,978.24,-2.76,272.11,-3.30,96.00,4.98,4.78,0.20,3.05,4.89,1257.93,0.28,1.00,119.70
21.01.2009 05:10:00,978.17,-2.94,271.93,-3.53,95.70,4.92,4.70,0.21,3.00,4.81,1258.73,0.31,0.88,114.80
21.01.2009 05:20:00,978.16,-3.01,271.87,-3.59,95.70,4.89,4.68,0.21,2.98,4.79,1259.04,0.41,1.13,214.60
21.01.2009 05:30:00,978.20,-3.08,271.78,-3.66,95.80,4.86,4.66,0.20,2.97,4.76,1259.47,0.34,0.63,195.50
21.01.2009 05:40:00,978.20,-3.06,271.81,-3.62,95.90,4.87,4.67,0.20,2.98,4.78,1259.36,0.12,0.38,210.70
21.01.2009 05:50:00,978.17,-2.79,272.08,-3.29,96.30,4.97,4.79,0.18,3.05,4.89,1258.00,0.36,0.75,114.70
21.01.2009 06:00:00,978.07,-2.75,272.13,-3.31,95.90,4.98,4.78,0.20,3.05,4.89,1257.71,0.45,0.75,3.85
21.01.2009 06:10:00,977.98,-2.62,272.27,-3.17,96.00,5.03,4.83,0.20,3.08,4.94,1256.96,0.65,1.13,222.10
21.01.2009 06:20:00,978.13,-2.80,272.07,-3.39,95.70,4.97,4.75,0.21,3.03,4.86,1258.02,0.71,1.25,110.60
21.01.2009 06:30:00,978.09,-2.92,271.96,-3.47,95.90,4.92,4.72,0.20,3.01,4.83,1258.52,0.71,1.00,283.80
21.01.2009 06:40:00,978.37,-2.95,271.90,-3.54,95.70,4.91,4.70,0.21,2.99,4.80,1259.07,1.10,1.63,187.00
21.01.2009 06:50:00,978.58,-3.20,271.64,-3.79,95.70,4.82,4.61,0.21,2.94,4.71,1260.53,0.57,1.00,191.60
21.01.2009 07:00:00,978.65,-3.24,271.60,-3.81,95.80,4.81,4.61,0.20,2.93,4.71,1260.79,0.56,1.00,211.40
21.01.2009 07:10:00,978.72,-3.15,271.68,-3.69,96.00,4.84,4.65,0.19,2.96,4.75,1260.45,0.68,1.25,176.30
21.01.2009 07:20:00,978.87,-3.10,271.71,-3.64,96.00,4.86,4.66,0.19,2.97,4.76,1260.41,0.83,1.13,182.10
21.01.2009 07:30:00,978.99,-3.10,271.71,-3.62,96.10,4.86,4.67,0.19,2.97,4.77,1260.54,1.21,1.75,188.10
21.01.2009 07:40:00,979.17,-3.02,271.78,-3.53,96.20,4.89,4.70,0.19,2.99,4.80,1260.38,0.86,1.38,191.60
21.01.2009 07:50:00,979.31,-2.92,271.87,-3.43,96.20,4.92,4.74,0.19,3.01,4.84,1260.08,0.80,1.50,176.60
21.01.2009 08:00:00,979.34,-2.90,271.88,-3.43,96.10,4.93,4.74,0.19,3.01,4.84,1260.05,0.77,1.63,206.60
21.01.2009 08:10:00,979.52,-2.69,272.08,-3.18,96.40,5.01,4.83,0.18,3.07,4.93,1259.24,0.68,1.25,204.80
21.01.2009 08:20:00,979.76,-2.45,272.30,-2.97,96.20,5.10,4.91,0.19,3.12,5.01,1258.40,1.05,1.50,203.00
21.01.2009 08:30:00,979.78,-2.41,272.34,-2.96,96.00,5.11,4.91,0.20,3.12,5.01,1258.25,0.75,1.50,223.70
21.01.2009 08:40:00,979.80,-2.37,272.37,-2.96,95.70,5.13,4.91,0.22,3.12,5.01,1258.09,1.12,1.63,243.70
21.01.2009 08:50:00,979.81,-2.25,272.49,-2.85,95.60,5.17,4.95,0.23,3.15,5.05,1257.53,0.76,1.13,222.20
21.01.2009 09:00:00,979.76,-2.06,272.69,-2.68,95.50,5.25,5.01,0.24,3.19,5.11,1256.57,0.43,1.25,207.60
21.01.2009 09:10:00,979.96,-1.98,272.75,-2.68,94.90,5.28,5.01,0.27,3.19,5.11,1256.43,0.83,1.50,177.80
21.01.2009 09:20:00,980.05,-2.18,272.54,-2.96,94.40,5.20,4.91,0.29,3.12,5.01,1257.54,0.70,1.50,191.60
21.01.2009 09:30:00,980.09,-2.25,272.47,-3.01,94.50,5.18,4.89,0.28,3.11,4.99,1257.91,1.08,2.00,184.40
21.01.2009 09:40:00,980.19,-2.28,272.43,-3.04,94.50,5.16,4.88,0.28,3.10,4.98,1258.19,0.93,1.38,218.80
21.01.2009 09:50:00,980.35,-2.19,272.52,-2.93,94.60,5.20,4.92,0.28,3.13,5.02,1257.94,0.80,1.63,181.80
21.01.2009 10:00:00,980.20,-2.00,272.71,-2.75,94.60,5.27,4.99,0.28,3.17,5.09,1256.85,0.58,1.25,231.30
21.01.2009 10:10:00,980.28,-1.63,273.08,-2.42,94.30,5.42,5.11,0.31,3.25,5.21,1255.19,0.55,1.13,143.70
21.01.2009 10:20:00,980.40,-1.50,273.20,-2.43,93.30,5.47,5.11,0.37,3.25,5.21,1254.72,0.50,1.25,168.00
21.01.2009 10:30:00,980.46,-1.44,273.26,-2.52,92.30,5.50,5.07,0.42,3.22,5.17,1254.54,0.57,1.25,151.90
21.01.2009 10:40:00,980.64,-1.41,273.28,-2.57,91.70,5.51,5.05,0.46,3.21,5.15,1254.64,0.80,1.75,144.80
21.01.2009 10:50:00,980.69,-1.56,273.12,-2.74,91.60,5.45,4.99,0.46,3.17,5.09,1255.45,0.46,1.00,200.60
21.01.2009 11:00:00,980.55,-1.39,273.30,-2.50,92.10,5.52,5.08,0.44,3.23,5.18,1254.42,0.43,1.00,180.70
21.01.2009 11:10:00,980.59,-1.16,273.53,-2.30,91.90,5.61,5.16,0.45,3.28,5.26,1253.39,0.28,0.63,179.40
21.01.2009 11:20:00,980.45,-0.94,273.76,-2.18,91.20,5.70,5.20,0.50,3.31,5.30,1252.16,0.56,1.63,31.08
21.01.2009 11:30:00,980.47,-0.57,274.14,-1.95,90.30,5.86,5.29,0.57,3.36,5.40,1250.43,0.45,0.88,166.70
21.01.2009 11:40:00,980.57,-0.45,274.25,-2.12,88.40,5.91,5.23,0.69,3.32,5.33,1250.05,0.74,1.38,193.00
21.01.2009 11:50:00,980.63,-0.37,274.32,-2.10,88.00,5.95,5.23,0.71,3.33,5.34,1249.75,0.55,1.38,133.30
21.01.2009 12:00:00,980.60,-0.25,274.44,-2.05,87.60,6.00,5.25,0.74,3.34,5.36,1249.17,0.51,1.13,116.90
21.01.2009 12:10:00,980.42,-0.06,274.65,-1.88,87.50,6.08,5.32,0.76,3.38,5.43,1248.04,0.26,0.63,352.90
21.01.2009 12:20:00,980.40,0.08,274.79,-1.83,86.90,6.14,5.34,0.80,3.39,5.45,1247.35,0.60,1.00,143.60
21.01.2009 12:30:00,980.47,0.16,274.87,-1.80,86.60,6.18,5.35,0.83,3.40,5.46,1247.08,0.73,1.38,167.70
21.01.2009 12:40:00,980.42,0.07,274.78,-1.86,86.80,6.14,5.33,0.81,3.39,5.43,1247.45,0.64,1.25,188.20
21.01.2009 12:50:00,980.39,0.21,274.92,-1.69,87.00,6.20,5.39,0.81,3.43,5.50,1246.75,0.75,1.25,192.80
21.01.2009 13:00:00,980.40,0.29,275.00,-1.64,86.80,6.24,5.41,0.82,3.44,5.52,1246.39,0.52,1.13,169.70
21.01.2009 13:10:00,980.45,0.44,275.15,-1.61,86.00,6.31,5.42,0.88,3.45,5.53,1245.73,0.65,1.25,158.10
21.01.2009 13:20:00,980.47,0.56,275.27,-1.50,86.00,6.36,5.47,0.89,3.48,5.58,1245.22,0.31,0.88,198.80
21.01.2009 13:30:00,980.43,0.86,275.57,-1.28,85.50,6.50,5.56,0.94,3.53,5.67,1243.75,0.37,0.75,126.50
21.01.2009 13:40:00,980.40,0.97,275.69,-1.34,84.50,6.55,5.54,1.02,3.52,5.65,1243.22,0.42,0.88,184.70
21.01.2009 13:50:00,980.42,0.91,275.62,-1.37,84.70,6.52,5.53,1.00,3.51,5.64,1243.54,0.62,0.88,198.40
21.01.2009 14:00:00,980.48,0.77,275.48,-1.37,85.50,6.46,5.52,0.94,3.51,5.63,1244.24,0.73,1.25,222.40
21.01.2009 14:10:00,980.45,0.74,275.45,-1.30,86.20,6.44,5.55,0.89,3.53,5.67,1244.34,0.50,1.13,228.30
21.01.2009 14:20:00,980.49,0.85,275.56,-1.18,86.20,6.50,5.60,0.90,3.56,5.71,1243.85,0.44,1.13,185.20
21.01.2009 14:30:00,980.51,0.89,275.59,-1.24,85.60,6.51,5.58,0.94,3.54,5.69,1243.72,1.00,1.50,140.10
21.01.2009 14:40:00,980.64,0.91,275.61,-1.16,86.00,6.52,5.61,0.91,3.57,5.72,1243.77,0.38,1.25,168.80
21.01.2009 14:50:00,980.60,1.19,275.90,-1.00,85.20,6.66,5.67,0.99,3.61,5.79,1242.39,0.58,1.00,167.10
21.01.2009 15:00:00,980.65,1.30,276.00,-1.01,84.50,6.71,5.67,1.04,3.60,5.78,1241.99,0.61,1.25,193.40
21.01.2009 15:10:00,980.82,1.25,275.93,-1.05,84.60,6.69,5.66,1.03,3.59,5.77,1242.44,0.70,1.13,196.60
21.01.2009 15:20:00,980.92,1.12,275.79,-1.16,84.70,6.62,5.61,1.01,3.57,5.72,1243.17,0.82,1.38,213.80
21.01.2009 15:30:00,980.97,1.09,275.76,-1.12,85.10,6.61,5.63,0.99,3.58,5.74,1243.35,0.35,0.63,188.80
21.01.2009 15:40:00,980.89,1.10,275.78,-1.05,85.50,6.62,5.66,0.96,3.60,5.77,1243.19,1.05,1.75,151.70
21.01.2009 15:50:00,980.88,0.81,275.48,-1.10,87.00,6.48,5.63,0.84,3.58,5.74,1244.53,1.20,1.88,159.90
21.01.2009 16:00:00,980.84,0.79,275.47,-0.94,88.10,6.47,5.70,0.77,3.62,5.81,1244.50,0.51,1.13,133.20
21.01.2009 16:10:00,980.78,0.89,275.58,-0.89,87.80,6.52,5.72,0.80,3.64,5.83,1243.97,0.54,0.88,43.18
21.01.2009 16:20:00,980.78,0.90,275.59,-0.87,87.90,6.52,5.73,0.79,3.64,5.84,1243.93,0.24,0.63,115.10
21.01.2009 16:30:00,980.87,0.95,275.63,-0.86,87.60,6.55,5.73,0.81,3.64,5.85,1243.79,0.35,0.75,144.10
21.01.2009 16:40:00,980.93,1.03,275.70,-0.85,87.20,6.58,5.74,0.84,3.65,5.85,1243.52,0.31,0.88,119.20
21.01.2009 16:50:00,980.99,0.96,275.63,-1.01,86.60,6.55,5.67,0.88,3.60,5.78,1243.96,0.63,1.13,177.10
21.01.2009 17:00:00,981.12,0.63,275.29,-1.19,87.50,6.40,5.60,0.80,3.56,5.70,1245.63,0.51,1.00,206.50
21.01.2009 17:10:00,981.14,0.49,275.14,-1.18,88.50,6.33,5.60,0.73,3.56,5.71,1246.32,0.78,1.25,210.30
21.01.2009 17:20:00,981.25,0.43,275.08,-1.13,89.20,6.30,5.62,0.68,3.57,5.73,1246.71,0.87,1.50,216.40
21.01.2009 17:30:00,981.32,0.44,275.08,-1.04,89.70,6.31,5.66,0.65,3.59,5.77,1246.73,0.43,1.00,176.80
21.01.2009 17:40:00,981.46,0.44,275.07,-1.12,89.20,6.31,5.63,0.68,3.57,5.73,1246.94,0.59,1.38,55.84
21.01.2009 17:50:00,981.49,0.26,274.88,-1.23,89.70,6.22,5.58,0.64,3.54,5.69,1247.84,0.30,0.88,53.05
21.01.2009 18:00:00,981.52,0.32,274.94,-1.15,89.80,6.25,5.61,0.64,3.57,5.72,1247.56,0.11,0.50,98.50
21.01.2009 18:10:00,981.52,0.31,274.93,-1.16,89.80,6.25,5.61,0.64,3.56,5.72,1247.61,0.24,0.63,116.30
21.01.2009 18:20:00,981.37,0.32,274.95,-1.20,89.50,6.25,5.59,0.66,3.55,5.70,1247.40,0.10,0.38,106.80
21.01.2009 18:30:00,981.36,0.13,274.77,-1.35,89.70,6.17,5.53,0.64,3.51,5.64,1248.26,0.36,0.63,69.38
21.01.2009 18:40:00,981.51,0.03,274.66,-1.39,90.10,6.12,5.52,0.61,3.50,5.62,1248.91,0.48,1.00,180.10
21.01.2009 18:50:00,981.57,-0.45,274.16,-1.94,89.60,5.91,5.29,0.61,3.36,5.39,1251.32,1.40,1.88,206.10
21.01.2009 19:00:00,981.72,-0.75,273.86,-2.08,90.60,5.78,5.24,0.54,3.33,5.34,1252.88,0.98,1.50,207.90
21.01.2009 19:10:00,981.75,-0.90,273.69,-2.08,91.70,5.72,5.24,0.47,3.33,5.34,1253.65,0.77,1.13,203.30
21.01.2009 19:20:00,981.85,-1.03,273.56,-2.11,92.30,5.66,5.23,0.44,3.32,5.32,1254.36,0.89,1.38,186.10
21.01.2009 19:30:00,981.97,-1.17,273.41,-2.15,93.00,5.61,5.21,0.39,3.31,5.31,1255.16,0.46,0.88,178.00
21.01.2009 19:40:00,982.07,-1.32,273.25,-2.22,93.50,5.55,5.19,0.36,3.29,5.28,1255.98,0.57,1.25,138.70
21.01.2009 19:50:00,982.21,-1.48,273.08,-2.34,93.80,5.48,5.14,0.34,3.26,5.23,1256.93,0.47,0.75,174.40
21.01.2009 20:00:00,982.24,-1.84,272.71,-2.70,93.80,5.33,5.00,0.33,3.17,5.09,1258.74,0.86,1.13,195.20
